lambda,ntilde_eta50,sigmaz_eta50,x2_eta50,u4x_eta50,gap_eta50,cv_eta50,ntilde_eta200,sigmaz_eta200,x2_eta200,u4x_eta200,gap_eta200,cv_eta200,ntilde_eta1000,sigmaz_eta1000,x2_eta1000,u4x_eta1000,gap_eta1000,cv_eta1000
0.500000,2.4788927834e-1,-2.4055583687e-1,1.0198714031e0,2.5257084029e-4,9.9004595052e-1,5.7657042453e-2,2.4940929500e-1,-2.4374657836e-1,1.0049911083e0,1.6433869797e-5,9.9750306036e-1,5.8475755495e-2,2.4987840979e-1,-2.4467981509e-1,1.0009996350e0,6.6477588456e-7,9.9950012448e-1,5.8695798487e-2
0.601020,3.5820123901e-1,-2.3864027771e-1,1.0287137804e0,5.1834162840e-4,9.8564932852e-1,5.7176506697e-2,3.6037386425e-1,-2.4322689963e-1,1.0072116908e0,3.4158868793e-5,9.9639417170e-1,5.8353717256e-2,3.6104992181e-1,-2.4457362490e-1,1.0014443749e0,1.3866487032e-6,9.9927780912e-1,5.8671286727e-2
0.702041,4.8877574908e-1,-2.3639323965e-1,1.0391799744e0,9.4575792120e-4,9.8047117138e-1,5.6612629390e-2,4.9170225540e-1,-2.4261327338e-1,1.0098397794e0,6.3261164271e-5,9.9508339120e-1,5.8209591495e-2,4.9262182205e-1,-2.4444800691e-1,1.0019707263e0,2.5787117383e-6,9.9901476207e-1,5.8642289308e-2
0.803061,6.3962244331e-1,-2.3382457488e-1,1.0512705698e0,1.5825248334e-3,9.7452403561e-1,5.5967799249e-2,6.4339518174e-1,-2.4190640884e-1,1.0128753847e0,1.0766647716e-4,9.9357151920e-1,5.8043532159e-2,6.4459413639e-1,-2.4430299055e-1,1.0025786891e0,4.4098244426e-6,9.9871101551e-1,5.8608812438e-2
0.904082,8.1075217578e-1,-2.3094547174e-1,1.0649862259e0,2.4774742357e-3,9.6782228637e-1,5.5244736175e-2,8.1545350274e-1,-2.4110712125e-1,1.0163185198e0,1.7178085104e-4,9.9185947796e-1,5.7855716447e-2,8.1696694620e-1,-2.4413860970e-1,1.0032682636e0,7.0739228968e-6,9.9836660662e-1,5.8570863285e-2
1.005102,1.0021768589e0,-2.2776837732e-1,1.0803276658e0,3.6786307168e-3,9.6038203938e-1,5.4446474672e-2,1.0078781478e0,-2.4021633112e-1,1.0201691987e0,2.6043938459e-4,9.8994831070e-1,5.7646344544e-2,1.0097402358e0,-2.4395490295e-1,1.0040394498e0,1.0789547381e-5,9.9798157752e-1,5.8528449972e-2
1.106122,1.2139093937e0,-2.2430690784e-1,1.0972956739e0,5.2314264318e-3,9.5222109604e-1,5.3576345300e-2,1.2206701273e0,-2.3923506237e-1,1.0244274364e0,3.7885073679e-4,9.8783918055e-1,5.7415639318e-2,1.2229140667e0,-2.4375191326e-1,1.0048922479e0,1.5799316462e-5,9.9755597532e-1,5.8481581575e-2
1.207143,1.4459634277e0,-2.2057575756e-1,1.1158910784e0,7.1771387188e-3,9.4335887214e-1,5.2637954237e-2,1.4538306311e0,-2.3816443946e-1,1.0290932510e0,5.3253832049e-4,9.8553336938e-1,5.7163845985e-2,1.4564885024e0,-2.4352968806e-1,1.0058266579e0,2.2369341242e-5,9.9708985206e-1,5.8430268123e-2
1.308163,1.6983533390e0,-2.1659059216e-1,1.1361147538e0,9.5516077242e-3,9.3381632062e-1,5.1635161085e-2,1.7073609070e0,-2.3700568649e-1,1.0341666613e0,7.2727889321e-4,9.8303227647e-1,5.6891231745e-2,1.7104635939e0,-2.4328827932e-1,1.0068426802e0,3.0788585467e-5,9.9658326472e-1,5.8374520590e-2
1.409184,1.9710939132e0,-2.1236794769e-1,1.1579675975e0,1.2384262057e-2,9.2361584872e-1,5.0572055056e-2,1.9812622246e0,-2.3576012524e-1,1.0396476861e0,9.6903956755e-4,9.8033741714e-1,5.6598085369e-2,1.9848392065e0,-2.4302774383e-1,1.0079403141e0,4.1368166050e-5,9.9603627518e-1,5.8314350892e-2
1.510204,2.2642003878e0,-2.0792511072e-1,1.1814505366e0,1.5697469331e-2,9.1278123009e-1,4.9452929691e-2,2.2755360420e0,-2.3442917113e-1,1.0455363476e0,1.2639143230e-3,9.7745042119e-1,5.6284716771e-2,2.2796159494e0,-2.4274814133e-1,1.0091195620e0,5.4440649508e-5,9.9544895030e-1,5.8249771892e-2
1.611224,2.5776880370e0,-2.0328001170e-1,1.2065644976e0,1.9506195281e-2,9.0133751226e-1,4.8282256278e-2,2.5901838347e0,-2.3301433222e-1,1.0518326678e0,1.6180604252e-3,9.7437303124e-1,5.5951456535e-2,2.5947932785e0,-2.4244953827e-1,1.0103804216e0,7.0359183173e-5,9.9482136177e-1,5.8180797384e-2
1.712245,2.9115723709e0,-1.9845109306e-1,1.2333104257e0,2.3817959568e-2,8.8931092003e-1,4.7064656176e-2,2.9252072151e0,-2.3151720530e-1,1.0585366712e0,2.0376361244e-3,9.7110710101e-1,5.5598655411e-2,2.9303715862e0,-2.4213200367e-1,1.0117228945e0,8.9496749926e-5,9.9415358621e-1,5.8107442099e-2
1.813265,3.2658685400e0,-1.9345720454e-1,1.2616892399e0,2.8633036413e-2,8.7672875527e-1,4.5804872239e-2,3.2806078297e0,-2.2993947388e-1,1.0656483824e0,2.5287399246e-3,9.6765459347e-1,5.5226683787e-2,3.2863508450e0,-2.4179561170e-1,1.0131469804e0,1.1224523034e-4,9.9344570508e-1,5.8029721693e-2
1.914286,3.6405915230e0,-1.8831746967e-1,1.2917018512e0,3.3944876837e-2,8.6361929374e-1,4.4507739568e-2,3.6563873968e0,-2.2828290481e-1,1.0731678272e0,3.0973525152e-3,9.6401757882e-1,5.4835931122e-2,3.6627311804e0,-2.4144044060e-1,1.0146526797e0,1.3901451437e-4,9.9269780472e-1,5.7947652747e-2
2.015306,4.0357559393e0,-1.8305116676e-1,1.3233491502e0,3.9740692207e-2,8.5001167935e-1,4.3178155839e-2,4.0525477325e0,-2.2654934473e-1,1.0810950331e0,3.7492818686e-3,9.6019823246e-1,5.4426805350e-2,4.0595126691e0,-2.4106657300e-1,1.0162399928e0,1.7023153690e-4,9.9190997628e-1,5.7861252761e-2
2.116327,4.4513756925e0,-1.7767761711e-1,1.3566319813e0,4.6002154302e-2,8.3593581653e-1,4.1821051430e-2,4.4690906984e0,-2.2474071722e-1,1.0894300280e0,4.4901119305e-3,9.5619883282e-1,5.3999732263e-2,4.4766953964e0,-2.4067409581e-1,1.0179089198e0,2.0633929404e-4,9.9108231577e-1,5.7770540150e-2
2.217347,4.8874641283e0,-1.7221605850e-1,1.3915511578e0,5.2706178509e-2,8.2142226122e-1,4.0441359638e-2,4.9060181716e0,-2.2285901958e-1,1.0981728401e0,5.3251554980e-3,9.5202175908e-1,5.3555154849e-2,4.9142794598e0,-2.4026310015e-1,1.0196594610e0,2.4779582647e-4,9.9021492393e-1,5.7675534231e-2
2.318367,5.3440336720e0,-1.6668554022e-1,1.4281074353e0,5.9825735243e-2,8.0650211105e-1,3.9043987221e-2,5.3633321142e0,-2.2090631858e-1,1.1073234989e0,6.2594118501e-3,9.4766948882e-1,5.3093532622e-2,5.3722649450e0,-2.3983368137e-1,1.0214916167e0,2.9507317238e-4,9.8930790634e-1,5.7576255229e-2
2.419388,5.8210958881e0,-1.6110480881e-1,1.4663015181e0,6.7330669826e-2,7.9120689518e-1,3.7633785542e-2,5.8410345518e0,-2.1888474688e-1,1.1168820348e0,7.2975290784e-3,9.4314459558e-1,5.2615340910e-2,5.8506519823e0,-2.3938593894e-1,1.0234053873e0,3.4865630461e-4,9.8836137331e-1,5.7472724262e-2
2.520408,6.3186613882e0,-1.5549220477e-1,1.5061340540e0,7.5188494473e-2,7.7556846447e-1,3.6215522577e-2,6.3391275465e0,-2.1679649951e-1,1.1268484792e0,8.4437714371e-3,9.3844974630e-1,5.2121070126e-2,6.3494406297e0,-2.3891997658e-1,1.0254007730e0,4.0904202811e-4,9.8737543987e-1,5.7364963339e-2
2.621429,6.8367395573e0,-1.4986557136e-1,1.5476056134e0,8.3365130192e-2,7.5961888240e-1,3.4793856033e-2,6.8576130855e0,-2.1464383097e-1,1.1372228612e0,9.7019916211e-3,9.3358769873e-1,5.1611225014e-2,6.8686310352e0,-2.3843590196e-1,1.0274777741e0,4.7673789096e-4,9.8635022578e-1,5.7252995351e-2
2.722449,7.3753388612e0,-1.4424215265e-1,1.5907167157e0,9.1825595439e-2,7.4339031732e-1,3.3373307834e-2,7.3964934466e0,-2.1242904782e-1,1.1480052162e0,1.1075609395e-2,9.2856129871e-1,5.1086323865e-2,7.4082233967e0,-2.3793382669e-1,1.0296363915e0,5.5226106093e-4,9.8528585551e-1,5.7136844067e-2
2.823469,7.9344662793e0,-1.3863852632e-1,1.6354677841e0,1.0053460822e-1,7.2691493643e-1,3.1958240197e-2,7.9557706187e0,-2.1015450998e-1,1.1591955732e0,1.2567593039e-2,9.2337347740e-1,5.0546897723e-2,7.9682175380e0,-2.3741386715e-1,1.0318766242e0,6.3613712947e-4,9.8418245810e-1,5.7016534119e-2
2.924490,8.5141278987e0,-1.3307050999e-1,1.6818591943e0,1.0945712867e-1,7.1022480208e-1,3.0552833500e-2,8.5354467653e0,-2.0782262233e-1,1.1707939650e0,1.4180448372e-2,9.1802724844e-1,4.9993489561e-2,8.5486138779e0,-2.3687614254e-1,1.0341984739e0,7.2889911193e-4,9.8304016735e-1,5.6892091009e-2
3.025510,9.1143282843e0,-1.2755311262e-1,1.7298912240e0,1.1855880273e-1,6.9335177079e-1,2.9161066157e-2,9.1355241472e0,-2.0543583117e-1,1.1828004260e0,1.5916211340e-2,9.1252570505e-1,4.9426653443e-2,9.1494125209e0,-2.3632077658e-1,1.0366019407e0,8.3108617291e-4,9.8185912157e-1,5.6763541087e-2
3.126531,9.7350709261e0,-1.2210046376e-1,1.7795640891e0,1.2780634488e-1,6.7632739535e-1,2.7786696633e-2,9.7560047558e0,-2.0299662341e-1,1.1952149854e0,1.7776444260e-2,9.0687201700e-1,4.8846953664e-2,9.7706133548e0,-2.3574789735e-1,1.0390870242e0,9.4324248150e-4,9.8063946371e-1,5.6630911551e-2
3.227551,1.0376357854e1,-1.1672577569e-1,1.8308779121e0,1.3716783386e-1,6.5918283053e-1,2.6433247755e-2,1.0396890868e1,-2.0050751718e-1,1.2080376779e0,1.9762239079e-2,9.0106942763e-1,4.8254963885e-2,1.0412216700e1,-2.3515763586e-1,1.0416537255e0,1.0659161821e-3,9.7938134118e-1,5.6494230431e-2
3.328571,1.1038190564e1,-1.1144128001e-1,1.8838327964e0,1.4661295918e-1,6.4194874260e-1,2.5103993423e-2,1.1058184719e1,-1.9797106053e-1,1.2212685377e0,2.1874222114e-2,8.9512125072e-1,4.7651266238e-2,1.1074222794e1,-2.3455012713e-1,1.0443020454e0,1.1996581702e-3,9.7808490606e-1,5.6353526597e-2
3.429592,1.1720568578e1,-1.0625823611e-1,1.9384287093e0,1.5611317077e-1,6.2465522319e-1,2.3801947774e-2,1.1739888254e1,-1.9538982937e-1,1.2349075929e0,2.4112562509e-2,8.8903086736e-1,4.7036450432e-2,1.1756631683e1,-2.3392551027e-1,1.0470319840e0,1.3450209317e-3,9.7675031479e-1,5.6208829730e-2
3.530612,1.2423490650e1,-1.0118687837e-1,1.9946655762e0,1.6564181274e-1,6.0733170759e-1,2.2529856866e-2,1.2442003659e1,-1.9276641834e-1,1.2489548767e0,2.6476986576e-2,8.8280172272e-1,4.6411112844e-2,1.2459443219e1,-2.3328392845e-1,1.0498435404e0,1.5025574091e-3,9.7537772830e-1,5.6060170323e-2
3.631633,1.3146954491e1,-9.6236415972e-2,2.0525432683e0,1.7517418514e-1,5.9000689795e-1,2.1290192873e-2,1.3164533201e1,-1.9010343797e-1,1.2634104242e0,2.8966792907e-2,8.7643732287e-1,4.5775855598e-2,1.3182658004e1,-2.3262552705e-1,1.0527367171e0,1.6728201108e-3,9.7396731200e-1,5.5907579677e-2
3.732653,1.3890956736e1,-9.1415024234e-2,2.1120615757e0,1.8468757428e-1,5.7270869147e-1,2.0085150767e-2,1.3907478702e1,-1.8740351501e-1,1.2782742614e0,3.1580868631e-2,8.6994123142e-1,4.5131285640e-2,1.3926275950e1,-2.3195045635e-1,1.0557115134e0,1.8563596951e-3,9.7251923564e-1,5.5751089881e-2
3.833673,1.4655493511e1,-8.6729844674e-2,2.1732202744e0,1.9416124895e-1,5.5546411383e-1,1.8916647433e-2,1.4670842388e1,-1.8466928071e-1,1.2935464227e0,3.4317712654e-2,8.6331706631e-1,4.4478013813e-2,1.4690297366e1,-2.3125886939e-1,1.0587679305e0,2.0537241469e-3,9.7103367335e-1,5.5590733806e-2
3.934694,1.5440559500e1,-8.2187016504e-2,2.2360190383e0,2.0357641552e-1,5.3829925812e-1,1.7786323130e-2,1.5454626248e1,-1.8190337218e-1,1.3092269379e0,3.7175455532e-2,8.5656849636e-1,4.3816653916e-2,1.5474721972e1,-2.3055092383e-1,1.0619059670e0,2.2654574740e-3,9.6951080357e-1,5.5426545098e-2
4.035714,1.6246149167e1,-7.7791670851e-2,2.3004575379e0,2.1291617570e-1,5.2123922922e-1,1.6695545184e-2,1.6258832141e1,-1.7910842723e-1,1.3253158346e0,4.0151883360e-2,8.4969923797e-1,4.3147821778e-2,1.6279550456e1,-2.2982677888e-1,1.0651256257e0,2.4920990918e-3,9.6795080904e-1,5.5258558165e-2
4.136735,1.7072255911e1,-7.3547977269e-2,2.3665353700e0,2.2216544184e-1,5.0430809389e-1,1.5645413771e-2,1.7083462151e1,-1.7628707724e-1,1.3418131449e0,4.3244463730e-2,8.4271305170e-1,4.2472134318e-2,1.7104782739e1,-2.2908659858e-1,1.0684269059e0,2.7341823585e-3,9.6635387674e-1,5.5086808165e-2
4.237755,1.7918872927e1,-6.9459159254e-2,2.4342521258e0,2.3131085998e-1,4.8752883657e-1,1.4636769639e-2,1.7928517999e1,-1.7344194801e-1,1.3587188940e0,4.6450368994e-2,8.3561373884e-1,4.1790208620e-2,1.7950418835e1,-2.2833055008e-1,1.0718098076e0,2.9922338212e-3,9.6472019791e-1,5.4911331001e-2
4.338776,1.8785993012e1,-6.5527538165e-2,2.5036073732e0,2.4034071124e-1,4.7092332086e-1,1.3670203580e-2,1.8794001441e1,-1.7057565242e-1,1.3760331081e0,4.9766503640e-2,8.2840513803e-1,4.1102661009e-2,1.8816459408e1,-2.2755880254e-1,1.0752743334e0,3.2667724561e-3,9.6304996793e-1,5.4732163305e-2
4.439796,1.9673608284e1,-6.1754582427e-2,2.5746006317e0,2.4924480727e-1,4.5451225684e-1,1.2746067464e-2,1.9679914461e1,-1.6769078490e-1,1.3937558182e0,5.3189531186e-2,8.2109112179e-1,4.0410106126e-2,1.9702904126e1,-2.2677153018e-1,1.0788204816e0,3.5583082406e-3,9.6134338626e-1,5.4549342422e-2
4.540816,2.0581710831e1,-5.8140942748e-2,2.6472314237e0,2.5801439244e-1,4.3831517401e-1,1.1864486644e-2,2.0586258582e1,-1.6478992331e-1,1.4118870464e0,5.6715897574e-2,8.1367559308e-1,3.9713156029e-2,2.0609753363e1,-2.2596890901e-1,1.0824482536e0,3.8673418063e-3,9.5960065658e-1,5.4362906415e-2
4.641837,2.1510292666e1,-5.4686504842e-2,2.7214992682e0,2.6664203747e-1,4.2235039991e-1,1.1025373501e-2,2.1513035373e1,-1.6187562097e-1,1.4304268161e0,6.0341858917e-2,8.0616248187e-1,3.9012419291e-2,2.1537007240e1,-2.2515111854e-1,1.0861576498e0,4.1943632884e-3,9.5782198657e-1,5.4172894038e-2
4.742857,2.2459345348e1,-5.1390449379e-2,2.7974036493e0,2.7512153144e-1,4.0663504430e-1,1.0228441935e-2,2.2460246494e1,-1.5895040264e-1,1.4493751528e0,6.4063506997e-2,7.9855574173e-1,3.8308500120e-2,2.2484665901e1,-2.2431834122e-1,1.0899486705e0,4.5398516048e-3,9.5600758787e-1,5.3979344724e-2
4.843878,2.3428860824e1,-4.8251293217e-2,2.8749440819e0,2.8344778743e-1,3.9118498872e-1,9.4732225869e-3,2.3427893370e1,-1.5601676367e-1,1.4687320778e0,6.7876792634e-2,7.9085934633e-1,3.7601997487e-2,2.3452729658e1,-2.2347076213e-1,1.0938213168e0,4.9042737390e-3,9.5415767618e-1,5.3782298587e-2
4.944898,2.4418830987e1,-4.5266953961e-2,2.9541200744e0,2.9161673953e-1,3.7601488136e-1,8.7590785753e-3,2.4415977394e1,-1.5307716494e-1,1.4884976120e0,7.1777550328e-2,7.8307728610e-1,3.6893504277e-2,2.4441198678e1,-2.2260856946e-1,1.0977755892e0,5.2880838943e-3,9.5227247111e-1,5.3581796397e-2
5.045918,2.5429247747e1,-4.2434805806e-2,3.0349311338e0,2.9962524908e-1,3.6113813706e-1,8.0852215602e-3,2.5424499972e1,-1.5013402916e-1,1.5086717769e0,7.5761521361e-2,7.7521356475e-1,3.6183606460e-2,2.5450072957e1,-2.2173195448e-1,1.1018114874e0,5.6917227779e-3,9.5035219613e-1,5.3377879569e-2
5.146939,2.6460103476e1,-3.9751730307e-2,3.1173767994e0,3.0747101856e-1,3.4656694221e-1,7.4507279332e-3,2.6453462293e1,-1.4718973955e-1,1.5292545903e0,7.9824374752e-2,7.6727219596e-1,3.5472882280e-2,2.6479352889e1,-2.2084111045e-1,1.1059290130e0,6.1156171764e-3,9.4839707858e-1,5.3170590156e-2
5.247959,2.7511390683e1,-3.7214178150e-2,3.2014566161e0,3.1515250426e-1,3.3231226431e-1,6.8545549604e-3,2.7502865181e1,-1.4424663787e-1,1.5502460629e0,8.3961727433e-2,7.5925719996e-1,3.4761901465e-2,2.7529038544e1,-2.1993623389e-1,1.1101281659e0,6.5601790522e-3,9.4640734958e-1,5.2959970830e-2
5.348980,2.8583102204e1,-3.4818222169e-2,3.2871701482e0,3.2266883855e-1,3.1838386610e-1,6.2955567112e-3,2.8572710315e1,-1.4130701225e-1,1.5716462230e0,8.8169168645e-2,7.5117260026e-1,3.4051224473e-2,2.8599130112e1,-2.1901752365e-1,1.1144089468e0,7.0258051506e-3,9.4438324405e-1,5.2746064874e-2
5.450000,2.9675231244e1,-3.2559610983e-2,3.3745169827e0,3.3001975640e-1,3.0479032383e-1,5.7724996231e-3,2.9662998351e1,-1.3837310871e-1,1.5934550789e0,9.2442270851e-2,7.4302242029e-1,3.3341401747e-2,2.9689627834e1,-2.1808518098e-1,1.1187713564e0,7.5128764415e-3,9.4232500053e-1,5.2528916160e-2
5.551020,3.0787769658e1,-3.0433841574e-2,3.4634965899e0,3.3720551599e-1,2.9153904954e-1,5.2840775700e-3,3.0773730042e1,-1.3544712001e-1,1.6156726412e0,9.6776611278e-2,7.3481068016e-1,3.2632973014e-2,3.0800531759e1,-2.1713940996e-1,1.1232153947e0,8.0217575229e-3,9.4023286130e-1,5.2308569150e-2
5.652041,3.1920714904e1,-2.8436127210e-2,3.5541088807e0,3.4422688047e-1,2.7863631704e-1,4.8289263156e-3,3.1904906576e1,-1.3253118081e-1,1.6382989295e0,1.0116778902e-1,7.2654139343e-1,3.1926466608e-2,3.1931842514e1,-2.1618041590e-1,1.1277410641e0,8.5527965263e-3,9.3810707224e-1,5.2085068870e-2
5.753061,3.3074061891e1,-2.6561545291e-2,3.6463535526e0,3.5108500545e-1,2.6608729130e-1,4.4056372566e-3,3.3056528273e1,-1.2962737489e-1,1.6613339469e0,1.0561143450e-1,7.1821856393e-1,3.1222398823e-2,3.3083559601e1,-2.1520840854e-1,1.1323483623e0,9.1063239163e-3,9.3594788276e-1,5.1858460896e-2
5.854082,3.4247801754e1,-2.4805086957e-2,3.7402299919e0,3.5778138303e-1,2.5389606098e-1,4.0127703699e-3,3.4228596226e1,-1.2673772112e-1,1.6847777120e0,1.1010322919e-1,7.0984618262e-1,3.0521273296e-2,3.4255683330e1,-2.1422359830e-1,1.1370372904e0,9.6826530245e-3,9.3375554583e-1,5.1628791352e-2
5.955102,3.5441931598e1,-2.3161594412e-2,3.8357380533e0,3.6431785101e-1,2.4206567375e-1,3.6488663023e-3,3.5421110983e1,-1.2386418100e-1,1.7086302330e0,1.1463891248e-1,7.0142822450e-1,2.9823580433e-2,3.5448214932e1,-2.1322619601e-1,1.1418078532e0,1.0282079829e-2,9.3153031783e-1,5.1396106879e-2
6.056122,3.6656448611e1,-2.1625867431e-2,3.9328775889e0,3.7069651199e-1,2.3059817422e-1,3.3124575526e-3,3.6634071992e1,-1.2100866055e-1,1.7328914968e0,1.1921429055e-1,6.9296864552e-1,2.9129796858e-2,3.6661153428e1,-2.1221641872e-1,1.1466600465e0,1.0904881099e-2,9.2927245864e-1,5.1160454636e-2
6.157143,3.7891346149e1,-2.0192732566e-2,4.0316481346e0,3.7691967470e-1,2.1949464409e-1,3.0020787155e-3,3.7867480764e1,-1.1817298658e-1,1.7575615316e0,1.2382525805e-1,6.8447137972e-1,2.8440384911e-2,3.7894499445e1,-2.1119448244e-1,1.1515938727e0,1.1551316052e-2,9.2698223142e-1,5.0921882276e-2
6.258163,3.9146623167e1,-1.8856987233e-2,4.1320496653e0,3.8298986758e-1,2.0875524424e-1,2.7162757689e-3,3.9121336843e1,-1.1535893330e-1,1.7826403271e0,1.2846779138e-1,6.7594033615e-1,2.7755792170e-2,3.9148253148e1,-2.1016060597e-1,1.1566093322e0,1.2221625124e-2,9.2465990269e-1,5.0680437933e-2
6.359184,4.0422277320e1,-1.7613495170e-2,4.2340820429e0,3.8890976962e-1,1.9837925846e-1,2.4536143962e-3,4.0395641061e1,-1.1256819852e-1,1.8081278989e0,1.3313796843e-1,6.6737939611e-1,2.7076451019e-2,4.0422414588e1,-2.0911501015e-1,1.1617064249e0,1.2916029974e-2,9.2230574227e-1,5.0436170212e-2
6.460204,4.1718307500e1,-1.6457189651e-2,4.3377452196e0,3.9468219434e-1,1.8836513861e-1,2.2126873605e-3,4.1690393628e1,-1.0980241565e-1,1.8340242506e0,1.3783196790e-1,6.5879241033e-1,2.6402778250e-2,4.1716984176e1,-2.0805791693e-1,1.1668851525e0,1.3634733616e-2,9.1992002309e-1,5.0189128162e-2
6.561224,4.3034709248e1,-1.5383131084e-2,4.4430388713e0,4.0031004381e-1,1.7871055081e-1,1.9921209373e-3,4.3005593857e1,-1.0706315423e-1,1.8603293685e0,1.4254607395e-1,6.5018319621e-1,2.5735174709e-2,4.3031962086e1,-2.0698955034e-1,1.1721455152e0,1.4377920017e-2,9.1750302133e-1,4.9939361278e-2
6.662245,4.4371482779e1,-1.4386465215e-2,4.5499630401e0,4.0579632138e-1,1.6941242247e-1,1.7905804443e-3,4.4341242029e1,-1.0435190682e-1,1.8870432584e0,1.4727668752e-1,6.4155553514e-1,2.5074024971e-2,4.4367348270e1,-2.0591013648e-1,1.1774875129e0,1.5145754038e-2,9.1505501628e-1,4.9686919475e-2
6.763265,4.5728626260e1,-1.3462491795e-2,4.6585175968e0,4.1114408126e-1,1.6046698986e-1,1.6067748968e-3,4.5697337199e1,-1.0167010263e-1,1.9141659020e0,1.5202032223e-1,6.3291316997e-1,2.4419697067e-2,4.5723143437e1,-2.0481990154e-1,1.1829111480e0,1.5938381989e-2,9.1257629020e-1,4.9431853066e-2
6.864286,4.7106137733e1,-1.2606662815e-2,4.7687023957e0,4.1635641961e-1,1.5186984601e-1,1.4394608363e-3,4.7073881489e1,-9.9019079726e-2,1.9416973430e0,1.5677362239e-1,6.2425980242e-1,2.3772542241e-2,4.7099347297e1,-2.0371907499e-1,1.1884164193e0,1.6755930632e-2,9.1006712840e-1,4.9174212762e-2
6.965306,4.8504021023e1,-1.1814559444e-2,4.8805177470e0,4.2143647993e-1,1.4361598857e-1,1.2874453781e-3,4.8470872256e1,-9.6400134228e-2,1.9696375299e0,1.6153333786e-1,6.1559909068e-1,2.3132894750e-2,4.8495960298e1,-2.0260788636e-1,1.1940033283e0,1.7598508247e-2,9.0752781914e-1,4.8914049649e-2
7.066327,4.9922274094e1,-1.1081973908e-2,4.9939634866e0,4.2638739489e-1,1.3569986761e-1,1.1495885273e-3,4.9888310360e1,-9.3814467922e-2,1.9979864817e0,1.6629635443e-1,6.0693464700e-1,2.2501071703e-2,4.9912982526e1,-2.0148656711e-1,1.1996718752e0,1.8466204067e-2,9.0495865358e-1,4.8651415171e-2
7.167347,5.1360893771e1,-1.0404882270e-2,5.1090393545e0,4.3121229402e-1,1.2811543293e-1,1.0248048255e-3,5.1326194744e1,-9.1263222158e-2,2.0267441793e0,1.7105967595e-1,5.9827003543e-1,2.1877372938e-2,5.1350414516e1,-2.0035534907e-1,1.2054220619e0,1.9359088892e-2,9.0235992564e-1,4.8386361110e-2
7.268367,5.2819884881e1,-9.7794029304e-3,5.2257457253e0,4.3591432287e-1,1.2085618081e-1,9.1206437855e-4,5.2784525670e1,-8.8747458055e-2,2.0559106307e0,1.7582043567e-1,5.8960876959e-1,2.1262080941e-2,5.2808255450e1,-1.9921446771e-1,1.2112538850e0,2.0277214109e-2,8.9973193214e-1,4.8118939586e-2
7.369388,5.4299246719e1,-9.2018731894e-3,5.3440825277e0,4.4049658726e-1,1.1391519994e-1,8.1039332326e-4,5.4263300765e1,-8.6268180327e-2,2.0854857910e0,1.8057588310e-1,5.8095431056e-1,2.0655460799e-2,5.4286506645e1,-1.9806415564e-1,1.2171673495e0,2.1220614052e-2,8.9707497246e-1,4.7849203017e-2
7.470408,5.5798980117e1,-8.6688116861e-3,5.4640498095e0,4.4496216961e-1,1.0728521644e-1,7.1887379909e-4,5.5762521277e1,-8.3826300751e-2,2.1154696883e0,1.8532340367e-1,5.7231006484e-1,2.0057760192e-2,5.5785168046e1,-1.9690464897e-1,1.2231624550e0,2.2189304008e-2,8.9438934879e-1,4.7577204128e-2
7.571429,5.7319086123e1,-8.1769253762e-3,5.5856476330e0,4.4931411755e-1,1.0095863769e-1,6.3664346681e-4,5.7282185795e1,-8.1422675629e-2,2.1458622980e0,1.9006049735e-1,5.6367938235e-1,1.9469209422e-2,5.7304239648e1,-1.9573618459e-1,1.2292392013e0,2.3183281329e-2,8.9167536586e-1,4.7302995915e-2
7.672449,5.8859565890e1,-7.7231083727e-3,5.7088760663e0,4.5355543764e-1,9.4927594927e-2,5.6289464464e-4,5.8822295410e1,-7.9058076705e-2,2.1766636455e0,1.9478479356e-1,5.5506555461e-1,1.8890021481e-2,5.8843721620e1,-1.9455899991e-1,1.2353975888e0,2.4202525766e-2,8.8893333095e-1,4.7026631639e-2
7.773469,6.0420420772e1,-7.3044386846e-3,5.8337351912e0,4.5768909073e-1,8.9183984421e-2,4.9687310889e-4,6.0382845157e1,-7.6733239745e-2,2.2078736353e0,1.9949402312e-1,5.4647181293e-1,1.8320392145e-2,6.0403614539e1,-1.9337333235e-1,1.2416376198e0,2.5246999911e-2,8.8616355383e-1,4.6748164806e-2
7.874490,6.2001648333e1,-6.9181879089e-3,5.9602247853e0,4.6171797770e-1,8.3719507178e-2,4.3787660604e-4,6.1963838681e1,-7.4448784001e-2,2.2394923447e0,2.0418606097e-1,5.3790132671e-1,1.7760500117e-2,6.1983917683e1,-1.9217942230e-1,1.2479592910e0,2.6316648345e-2,8.8336634673e-1,4.6467649154e-2
7.975510,6.3603261270e1,-6.5617521021e-3,6.0883458344e0,4.6564498381e-1,7.8525706990e-2,3.8525312880e-4,6.3565272328e1,-7.2205301108e-2,2.2715197049e0,2.0885887554e-1,5.2935720185e-1,1.7210507182e-2,6.3584632014e1,-1.9097750773e-1,1.2543626062e0,2.7411399963e-2,8.8054202421e-1,4.6185138630e-2
8.076531,6.5225249842e1,-6.2327737580e-3,6.2180975300e0,4.6947288126e-1,7.3594006814e-2,3.3839900561e-4,6.5187145950e1,-7.0003296814e-2,2.3039557176e0,2.1351055887e-1,5.2084247918e-1,1.6670558414e-2,6.5205758357e1,-1.8976782739e-1,1.2608475684e0,2.8531167098e-2,8.7769090322e-1,4.5900687380e-2
8.177551,6.6867619343e1,-5.9290084582e-3,6.3494802649e0,4.7320442143e-1,6.8915743382e-2,2.9675683595e-4,6.6829458700e1,-6.7843215259e-2,2.3368003707e0,2.1813931119e-1,5.1236013314e-1,1.6140782403e-2,6.6847295190e1,-1.8855062457e-1,1.2674141715e0,2.9675844329e-2,8.7481330285e-1,4.5614349728e-2
8.278571,6.8530371321e1,-5.6483819503e-3,6.4824941322e0,4.7684228589e-1,6.4482200002e-2,2.5981330919e-4,6.8492209381e1,-6.5725438226e-2,2.3700536453e0,2.2274343920e-1,5.0391307030e-1,1.5621291512e-2,6.8509244380e1,-1.8732613697e-1,1.2740624226e0,3.0845312827e-2,8.7190954451e-1,4.5326180165e-2
8.379592,7.0213507298e1,-5.3889704813e-3,6.6171392229e0,4.8038909456e-1,6.0284637475e-2,2.2709695804e-4,7.0175396424e1,-6.3650286511e-2,2.4037155150e0,2.2732135313e-1,4.9550412821e-1,1.5112182160e-2,7.0191604421e1,-1.8609460844e-1,1.2807923155e0,3.2039436020e-2,8.6897995167e-1,4.5036233321e-2
8.480612,7.1917028745e1,-5.1489935658e-3,6.7534156244e0,4.8384740485e-1,5.6314323160e-2,1.9817585280e-4,7.1879020269e1,-6.1618009683e-2,2.4377859941e0,2.3187156996e-1,4.8713607422e-1,1.4613535134e-2,7.1894377178e1,-1.8485627718e-1,1.2876038576e0,3.3258064749e-2,8.6602484994e-1,4.4744563967e-2
8.581633,7.3640937249e1,-4.9268062082e-3,6.8913234338e0,4.8721971150e-1,5.2562558108e-2,1.7265528891e-4,7.3603078724e1,-5.9628810684e-2,2.4722650441e0,2.3639269774e-1,4.7881160439e-1,1.4125415925e-2,7.3617561809e1,-1.8361138617e-1,1.2944970453e0,3.4501033364e-2,8.6304456686e-1,4.4451226974e-2
8.682653,7.5385234277e1,-4.7208919871e-3,7.0308627393e0,4.9050844586e-1,4.9020702286e-2,1.5017546843e-4,7.5347570962e1,-5.7682827587e-2,2.5071526539e0,2.4088344318e-1,4.7053334254e-1,1.3647875090e-2,7.5361158962e1,-1.8236017587e-1,1.3014718809e0,3.5768163135e-2,8.6003943198e-1,4.4156277316e-2
8.783673,7.7149921245e1,-4.5298553891e-3,7.1720336258e0,4.9371597615e-1,4.5680197920e-2,1.3040921681e-4,7.7112495428e1,-5.5780145527e-2,2.5424487980e0,2.4534260275e-1,4.6230383934e-1,1.3180948622e-2,7.7125169011e1,-1.8110288721e-1,1.3085283659e0,3.7059261431e-2,8.5700977679e-1,4.3859770051e-2
8.884694,7.8935004906e1,-4.3524050561e-3,7.3148366061e0,4.9684461709e-1,4.2532590933e-2,1.1305974112e-4,7.8897851491e1,-5.3920790670e-2,2.5781534696e0,2.4976906371e-1,4.5412557151e-1,1.2724658361e-2,7.8909591297e1,-1.7983976273e-1,1.3156664973e0,3.8374121587e-2,8.5395593453e-1,4.3561760291e-2
8.985714,8.0740470527e1,-4.1873930501e-3,7.4592704762e0,4.9989658386e-1,3.9569550523e-2,9.7858448953e-5,8.0703637875e1,-5.2104739401e-2,2.6142666489e0,2.5416179670e-1,4.4600094113e-1,1.2279012399e-2,8.0714426606e1,-1.7857104231e-1,1.3228862782e0,3.9712525176e-2,8.5087824028e-1,4.3262303198e-2
9.086735,8.2566335467e1,-4.0337148218e-3,7.6053365986e0,5.0287408558e-1,3.6782886926e-2,8.4562839220e-5,8.2529853406e1,-5.0331916645e-2,2.6507883181e0,2.5851985444e-1,4.3793227502e-1,1.1844005526e-2,8.2539673862e1,-1.7729696877e-1,1.3301877040e0,4.1074240017e-2,8.4777703082e-1,4.2961453968e-2
9.187755,8.4412595577e1,-3.8903952835e-3,7.7530346179e0,5.0577923328e-1,3.4164567374e-2,7.2954472444e-5,8.4376496852e1,-4.8602198481e-2,2.6877184584e0,2.6284236804e-1,4.2992182415e-1,1.1419619666e-2,8.4385335764e1,-1.7601777815e-1,1.3375707854e0,4.2459024840e-2,8.4465264452e-1,4.2659267798e-2
9.288776,8.6279252032e1,-3.7565356508e-3,7.9023646054e0,5.0861408724e-1,3.1706730339e-2,6.2837037603e-5,8.6243567122e1,-4.6915413227e-2,2.7250570538e0,2.6712854424e-1,4.2197176326e-1,1.1005824349e-2,8.6251410594e1,-1.7473371359e-1,1.3450355154e0,4.3866623627e-2,8.4150542144e-1,4.2355799895e-2
9.389796,8.8166305926e1,-3.6313164388e-3,8.0533266272e0,5.1138064865e-1,2.9401698079e-2,5.4034509731e-5,8.8131062958e1,-4.5271344716e-2,2.7628040850e0,2.7137766146e-1,4.1408419046e-1,1.0602577177e-2,8.8137899488e1,-1.7344501293e-1,1.3525818983e0,4.5296771518e-2,8.3833570315e-1,4.2051105439e-2
9.490816,9.0073758294e1,-3.5139913584e-3,8.2059207461e0,5.1408086071e-1,2.7241987578e-2,4.6389405497e-5,9.0038983169e1,-4.3669733270e-2,2.8009595339e0,2.7558906723e-1,4.0626112696e-1,1.0209824306e-2,9.0044801377e1,-1.7215191711e-1,1.3602099297e0,4.6749191471e-2,8.3514383262e-1,4.1745239570e-2
9.591837,9.2001610108e1,-3.4038815557e-3,8.3601470210e0,5.1671660983e-1,2.5220319918e-2,3.9761139760e-5,9.1967326851e1,-4.2110276830e-2,2.8395233883e0,2.7976217557e-1,3.9850451685e-1,9.8275009436e-3,9.1972117511e1,-1.7085466262e-1,1.3679196145e0,4.8223598164e-2,8.3193015436e-1,4.1438257389e-2
9.692857,9.3949862279e1,-3.3003701572e-3,8.5160055070e0,5.1928972675e-1,2.3329628148e-2,3.4024501474e-5,9.3916092604e1,-4.0592636137e-2,2.8784956258e0,2.8389646224e-1,3.9081622705e-1,9.4555318328e-3,9.3919847826e1,-1.6955348739e-1,1.3757109521e0,4.9719695701e-2,8.2869501405e-1,4.1130213905e-2
9.793878,9.5918515654e1,-3.2028971328e-3,8.6734962556e0,5.2180198787e-1,2.1563063798e-2,2.9068199638e-5,9.5885279176e1,-3.9116434083e-2,2.9178762270e0,2.8799146323e-1,3.8319804717e-1,9.0938317667e-3,9.5887992146e1,-1.6824862879e-1,1.3835839418e0,5.1237178995e-2,8.2543875879e-1,4.0821164061e-2
9.894898,9.7907571024e1,-3.1109544741e-3,8.8326193148e0,5.2425511645e-1,1.9914001977e-2,2.4793538614e-5,9.7874885910e1,-3.7681256099e-2,2.9576651845e0,2.9204677271e-1,3.7565168966e-1,8.7423060877e-3,9.7876550598e1,-1.6694032286e-1,1.3915385838e0,5.2775734551e-2,8.2216173689e-1,4.0511162686e-2
9.995918,9.9917029120e1,-3.0240816875e-3,8.9933747290e0,5.2665078397e-1,1.8376045256e-2,2.1113179628e-5,9.9884911280e1,-3.6286657771e-2,2.9978624731e0,2.9606203729e-1,3.6817878984e-1,8.4008511908e-3,9.9885524406e1,-1.6562880289e-1,1.3995748830e0,5.4335041555e-2,8.1886429776e-1,4.0200264499e-2
10.096939,1.0194689062e2,-2.9418615947e-3,9.1557625393e0,5.2899061142e-1,1.6943026347e-2,1.7949996618e-5,1.0191535432e2,-3.4932161332e-2,3.0384680792e0,3.0003695618e-1,3.6078090620e-1,8.0693550399e-3,1.0191491264e2,-1.6431430477e-1,1.4076928355e0,5.5914769815e-2,8.1554679198e-1,3.9888524081e-2
10.197959,1.0399715614e2,-2.8639164335e-3,9.3197827838e0,5.3127617059e-1,1.5609009693e-2,1.5236027593e-5,1.0396621398e2,-3.3617260230e-2,3.0794819866e0,3.0397127718e-1,3.5345952055e-1,7.7476976671e-3,1.0396471527e2,-1.6299706185e-1,1.4158924409e0,5.7514582572e-2,8.1220957113e-1,3.9575995861e-2
10.298980,1.0606782627e2,-2.7899042469e-3,9.4854354974e0,5.3350898544e-1,1.4368291970e-2,1.2911505564e-5,1.0603748910e2,-3.2341420948e-2,3.1209041778e0,3.0786479420e-1,3.4621603846e-1,7.4357516805e-3,1.0603493363e2,-1.6167730411e-1,1.4241737046e0,5.9134137357e-2,8.0885298775e-1,3.9262734105e-2
10.400000,1.0815890152e2,-2.7195155521e-3,9.6527207121e0,5.3569053338e-1,1.3215401733e-2,1.0923991795e-5,1.0812917885e2,-3.1104083600e-2,3.1627346410e0,3.1171734553e-1,3.3905178963e-1,7.1333827691e-3,1.0812556652e2,-1.6035526454e-1,1.4325366215e0,6.0773083341e-2,8.0547739534e-1,3.8948792896e-2
10.501020,1.1027038239e2,-2.6524702737e-3,9.8216384574e0,5.3782224659e-1,1.2145098091e-2,9.2275613497e-6,1.1024128202e2,-2.9904666219e-2,3.2049733573e0,3.1552881014e-1,3.3196802834e-1,6.8404501840e-3,1.1023661432e2,-1.5903117229e-1,1.4409811930e0,6.2431065042e-2,8.0208314824e-1,3.8634226120e-2
10.602041,1.1240226930e2,-2.5885149288e-3,9.9921887600e0,5.3990551333e-1,1.1152368626e-2,7.7820800470e-6,1.1237379781e2,-2.8742564001e-2,3.2476203151e0,3.1929910678e-1,3.2496593408e-1,6.5568072509e-3,1.1236807733e2,-1.5770525528e-1,1.4495074202e0,6.4107721455e-2,7.9867060159e-1,3.8319087455e-2
10.703061,1.1455456266e2,-2.5274200512e-3,1.0164371645e1,5.4194167918e-1,1.0232426608e-2,6.5525500759e-6,1.1452672512e2,-2.7617153472e-2,3.2906754973e0,3.2302819059e-1,3.1804661208e-1,6.2823018375e-3,1.1451995702e2,-1.5637773830e-1,1.4581153089e0,6.5802687436e-2,7.9524011122e-1,3.8003430341e-2
10.804082,1.1672726283e2,-2.4689778381e-3,1.0338187133e1,5.4393204832e-1,9.3807074820e-3,5.5085065469e-6,1.1670006325e2,-2.6527792079e-2,3.3341388944e0,3.2671605206e-1,3.1121109402e-1,6.0167768320e-3,1.1669225204e2,-1.5504884917e-1,1.4668048534e0,6.7515591014e-2,7.9179203371e-1,3.7687307989e-2
10.905102,1.1892037015e2,-2.4130000071e-3,1.0513635247e1,5.4587788479e-1,8.5928648910e-3,4.6234945330e-6,1.1889381117e2,-2.5473822313e-2,3.3780104902e0,3.3036271381e-1,3.0446033876e-1,5.7600706186e-3,1.1888496260e2,-1.5371881168e-1,1.4755760546e0,6.9246057251e-2,7.8832672616e-1,3.7370773335e-2
11.006122,1.2113388491e2,-2.3593158480e-3,1.0690716003e1,5.4778041366e-1,7.8647660240e-3,3.8745765778e-6,1.2110796789e2,-2.4454572182e-2,3.4222902690e0,3.3396822920e-1,2.9779523314e-1,5.5120175225e-3,1.2109808870e2,-1.5238784846e-1,1.4844289123e0,7.0993707242e-2,7.8484454629e-1,3.7053879059e-2
11.107143,1.2336780739e2,-2.3077704556e-3,1.0869429418e1,5.4964082225e-1,7.1924866711e-3,3.2419129639e-6,1.2334253282e2,-2.3469355896e-2,3.4669782233e0,3.3753268107e-1,2.9121659280e-1,5.2724482666e-3,1.2333163171e2,-1.5105617839e-1,1.4933634319e0,7.2758159760e-2,7.8134585226e-1,3.6736677539e-2
11.208163,1.2562213783e2,-2.2582231307e-3,1.1049775508e1,5.5146026131e-1,6.5723057532e-3,2.7083738132e-6,1.2559750515e2,-2.2517477403e-2,3.5120743408e0,3.4105617885e-1,2.8472516308e-1,5.0411904022e-3,1.2558559034e2,-1.4972402278e-1,1.5023796080e0,7.4539028501e-2,7.7783100272e-1,3.6419220869e-2
11.309184,1.2789687645e2,-2.2105459352e-3,1.1231754286e1,5.5323984612e-1,6.0006996364e-3,2.2592021196e-6,1.2787288400e2,-2.1598231503e-2,3.5575786073e0,3.4453885710e-1,2.7832162002e-1,4.8180687368e-3,1.2785996535e2,-1.4839159807e-1,1.5114774437e0,7.6335926137e-2,7.7430035663e-1,3.6101560808e-2
11.410204,1.3019202345e2,-2.1646223894e-3,1.1415365765e1,5.5498065764e-1,5.4743360481e-3,1.8817017917e-6,1.3016866875e2,-2.0710904377e-2,3.6034910142e0,3.4798087441e-1,2.7200657129e-1,4.6029057339e-3,1.3015475675e2,-1.4705912009e-1,1.5206569388e0,7.8148462492e-2,7.7075427329e-1,3.5783748795e-2
11.511224,1.3250757900e2,-2.1203462995e-3,1.1600609955e1,5.5668374355e-1,4.9900678943e-3,1.5649766283e-6,1.3248485854e2,-1.9854776603e-2,3.6498115476e0,3.5138241096e-1,2.6578055731e-1,4.3955219280e-3,1.3246996458e2,-1.4572680277e-1,1.5299180934e0,7.9976245535e-2,7.6719311220e-1,3.5465835919e-2
11.612245,1.3484354328e2,-2.0776207033e-3,1.1787486866e1,5.5835011936e-1,4.5449267971e-3,1.2997033991e-6,1.3482145321e2,-1.9029121946e-2,3.6965402078e0,3.5474366850e-1,2.5964405227e-1,4.1957362928e-3,1.3480558833e2,-1.4439485899e-1,1.5392609053e0,8.1818881271e-2,7.6361723311e-1,3.5147872923e-2
11.713265,1.3719991641e2,-2.0363569248e-3,1.1975996507e1,5.5998076939e-1,4.1361165382e-3,1.0778967408e-6,1.3717847437e2,-1.8233155625e-2,3.7436774297e0,3.5806489813e-1,2.5359746528e-1,4.0033666282e-3,1.3716163008e2,-1.4306349575e-1,1.5486853828e0,8.3675976550e-2,7.6002699587e-1,3.4829910160e-2
11.814286,1.3957669854e2,-1.9964737264e-3,1.2166138886e1,5.6157664780e-1,3.7610064497e-3,8.9275545179e-7,1.3955584205e2,-1.7466347633e-2,3.7912216169e0,3.6134622705e-1,2.4764114158e-1,3.8182298977e-3,1.3953808795e2,-1.4173292409e-1,1.5581915183e0,8.5547134239e-2,7.5642276038e-1,3.4511997614e-2
11.915306,1.4197388977e2,-1.9578965503e-3,1.2357914011e1,5.6313867954e-1,3.4171246885e-3,7.3847786553e-7,1.4195367238e2,-1.6727673901e-2,3.8391750945e0,3.6458807074e-1,2.4177536375e-1,3.6401425941e-3,1.4193496056e2,-1.4040335224e-1,1.5677793061e0,8.7431957074e-2,7.5280488662e-1,3.4194184868e-2
12.016327,1.4439149021e2,-1.9205568405e-3,1.2551321887e1,5.6466776132e-1,3.1021515449e-3,6.1013997765e-7,1.4437186448e2,-1.6016650412e-2,3.8875358477e0,3.6779056177e-1,2.3600035288e-1,3.4689210424e-3,1.4435225439e2,-1.3907497446e-1,1.5774487721e0,8.9330053759e-2,7.4917373443e-1,3.3876521092e-2
12.117347,1.4682949995e2,-1.8843914368e-3,1.2746362521e1,5.6616476248e-1,2.8139127897e-3,5.0356175052e-7,1.4681048476e2,-1.5332385883e-2,3.9363052071e0,3.7095407286e-1,2.3031626991e-1,3.3043817220e-3,1.4678996432e2,-1.3774800042e-1,1.5871998957e0,9.1241023938e-2,7.4552966365e-1,3.3559055032e-2
12.218367,1.4928791907e2,-1.8493420344e-3,1.2943035918e1,5.6763052595e-1,2.5503729532e-3,4.1520434024e-7,1.4926949295e2,-1.4674246780e-2,3.9854823692e0,3.7407884786e-1,2.2472321695e-1,3.1463415708e-3,1.4924808950e2,-1.3642263107e-1,1.5970326734e0,9.3164471007e-2,7.4187303379e-1,3.3241834993e-2
12.319388,1.5176674766e2,-1.8153547017e-3,1.3141342082e1,5.6906586902e-1,2.3096288350e-3,3.4207914723e-7,1.5174889389e2,-1.4041495218e-2,4.0350674329e0,3.7716520231e-1,2.1922123854e-1,2.9946182540e-3,1.5172663207e2,-1.3509906074e-1,1.6069471137e0,9.5100001359e-2,7.3820420433e-1,3.2924908849e-2
12.420408,1.5426598576e2,-1.7823794504e-3,1.3341281018e1,5.7047158424e-1,2.0899029882e-3,2.8166141419e-7,1.5424870537e2,-1.3433371456e-2,4.0850607558e0,3.8021347749e-1,2.1381032310e-1,2.8490304467e-3,1.5422559234e2,-1.3377748422e-1,1.6169432179e0,9.7047220882e-2,7.3452353436e-1,3.2608323999e-2
12.521429,1.5678563345e2,-1.7503698534e-3,1.3542852729e1,5.7184844023e-1,1.8895374381e-3,2.3182565201e-7,1.5676891710e2,-1.2849183744e-2,4.1354621341e0,3.8322398940e-1,2.0849040426e-1,2.7093980734e-3,1.5674497003e2,-1.3245809486e-1,1.6270209845e0,9.9005736192e-2,7.3083138263e-1,3.2292127376e-2
12.622449,1.5932569078e2,-1.7192827029e-3,1.3746057219e1,5.7319718240e-1,1.7069873891e-3,1.9079288904e-7,1.5930952870e2,-1.2288224481e-2,4.1862715613e0,3.8619707534e-1,2.0326136226e-1,2.5755425486e-3,1.5928476523e2,-1.3114108308e-1,1.6371804141e0,1.0097515565e-1,7.2712810754e-1,3.1976365433e-2
12.723469,1.6188615779e2,-1.6890777073e-3,1.3950894490e1,5.7451853378e-1,1.5408152320e-3,1.5706154954e-7,1.6187054936e2,-1.1749774251e-2,4.2374892230e0,3.8913309152e-1,1.9812302541e-1,2.4472869927e-3,1.6184497833e2,-1.2982663653e-1,1.6474215081e0,1.0295508953e-1,7.2341406702e-1,3.1661084125e-2
12.824490,1.6446703453e2,-1.6597172206e-3,1.4157364546e1,5.7581319572e-1,1.3896846102e-3,1.2938016880e-7,1.6445194327e2,-1.1233210569e-2,4.2891144037e0,3.9203235026e-1,1.9307517152e-1,2.3244564636e-3,1.6442560745e2,-1.2851494368e-1,1.6577442589e0,1.0494514826e-1,7.1968961852e-1,3.1346328904e-2
12.925510,1.6706832104e2,-1.6311660012e-3,1.4365467389e1,5.7708184859e-1,1.2523547682e-3,1.0670373740e-7,1.6705376045e2,-1.0737750795e-2,4.3411481053e0,3.9489526726e-1,1.8811752934e-1,2.2068781127e-3,1.6702665559e2,-1.2720618347e-1,1.6681486784e0,1.0694494820e-1,7.1595511884e-1,3.1032144706e-2
13.026531,1.6969001734e2,-1.6033909971e-3,1.4575203021e1,5.7832515249e-1,1.1276749701e-3,8.8156411948e-8,1.6967596929e2,-1.0262781395e-2,4.3935896964e0,3.9772217205e-1,1.8324978003e-1,2.0943813961e-3,1.6964812108e2,-1.2590053913e-1,1.6786347599e0,1.0895410444e-1,7.1221092427e-1,3.0718575941e-2
13.127551,1.7233212347e2,-1.5763611544e-3,1.4786571444e1,5.7954374788e-1,1.0145791641e-3,7.3017872637e-8,1.7231858543e2,-9.8076081733e-3,4.4464394905e0,4.0051345145e-1,1.7847155864e-1,1.9867982228e-3,1.7229000416e2,-1.2459818854e-1,1.6892025043e0,1.1097223611e-1,7.0845739043e-1,3.0405666491e-2
13.228571,1.7499463947e2,-1.5500472459e-3,1.4999572660e1,5.8073825627e-1,9.1208094216e-4,6.0676029534e-8,1.7498158326e2,-9.3716222310e-3,4.4996969763e0,4.0326945289e-1,1.7378245564e-1,1.8839631084e-3,1.7495230519e2,-1.2329930687e-1,1.6998519130e0,1.1299896520e-1,7.0469487207e-1,3.0093459674e-2
13.329592,1.7767756534e2,-1.5244217187e-3,1.5214206670e1,5.8190928080e-1,8.1926850621e-4,5.0630660553e-8,1.7766498819e2,-8.9541345079e-3,4.5533626622e0,4.0599058101e-1,1.6918201834e-1,1.7857133253e-3,1.7763502359e2,-1.2200406804e-1,1.7105829837e0,1.1503391586e-1,7.0092372332e-1,2.9781998280e-2
13.430612,1.8038090113e2,-1.4994585571e-3,1.5430473476e1,5.8305740685e-1,7.3530002453e-4,4.2469764594e-8,1.8036877266e2,-8.5545594338e-3,4.6074359976e0,4.0867718927e-1,1.6466975242e-1,1.6918889978e-3,1.8033816002e2,-1.2071264155e-1,1.7213957189e0,1.1707671634e-1,6.9714429741e-1,2.9471324511e-2
13.531633,1.8310464684e2,-1.4751331602e-3,1.5648373080e1,5.8418320261e-1,6.5939907748e-4,3.5854100133e-8,1.8309301240e2,-8.1721525825e-3,4.6619184973e0,4.1132973571e-1,1.6024512346e-1,1.6023332537e-3,1.8306171491e2,-1.1942519460e-1,1.7322901205e0,1.1912699799e-1,6.9335694667e-1,2.9161480006e-2
13.632653,1.8584880249e2,-1.4514222321e-3,1.5867905483e1,5.8528721968e-1,5.9085039007e-4,3.0502633308e-8,1.8583759363e2,-7.8064910381e-3,4.7168078859e0,4.1394849517e-1,1.5590755840e-1,1.5168922946e-3,1.8580568648e2,-1.1814189478e-1,1.7432661810e0,1.2118439388e-1,6.8956202256e-1,2.8852505839e-2
13.733673,1.8861336811e2,-1.4283036831e-3,1.6089070685e1,5.8636999356e-1,5.2899572350e-4,2.6166162570e-8,1.8860258000e2,-7.4568751768e-3,4.7721054364e0,4.1653391748e-1,1.5165644705e-1,1.4354155028e-3,1.8857007415e2,-1.1686290523e-1,1.7543238983e0,1.2324854162e-1,6.8575987542e-1,2.8544442448e-2
13.834694,1.9139834371e2,-1.4057565408e-3,1.6311868688e1,5.8743204420e-1,4.7322996542e-4,2.2679159883e-8,1.9138798277e2,-7.1227064947e-3,4.8278113742e0,4.1908640117e-1,1.4749114358e-1,1.3577554946e-3,1.9135488460e2,-1.1558837645e-1,1.7654632991e0,1.2531908790e-1,6.8195085468e-1,2.8237329727e-2
13.935714,1.9420372930e2,-1.3837608699e-3,1.6536299492e1,5.8847387649e-1,4.2299744234e-4,1.9859726308e-8,1.9419378469e2,-6.8034423742e-3,4.8839253537e0,4.2160631933e-1,1.4341096806e-1,1.2837682243e-3,1.9416011098e2,-1.1431847473e-1,1.7766843559e0,1.2739567320e-1,6.7813530861e-1,2.7931206931e-2
14.036735,1.9702952490e2,-1.3622976997e-3,1.6762363100e1,5.8949598077e-1,3.7778845885e-4,1.7604179448e-8,1.9701997218e2,-6.4985454246e-3,4.9404471034e0,4.2409404988e-1,1.3941520784e-1,1.2133129931e-3,1.9698575455e2,-1.1305335243e-1,1.7879870737e0,1.2947794801e-1,6.7431358433e-1,2.7626112707e-2
14.137755,1.9987573051e2,-1.3413489589e-3,1.6990059511e1,5.9049883327e-1,3.3713595406e-4,1.5785190044e-8,1.9986657096e2,-6.2074361884e-3,4.9973771372e0,4.2655000536e-1,1.3550311917e-1,1.1462525508e-3,1.9983181631e2,-1.1179315949e-1,1.7993714565e0,1.3156556669e-1,6.7048602780e-1,2.7322085094e-2
14.238776,2.0274234616e2,-1.3208974155e-3,1.7219388726e1,5.9148289661e-1,3.0061240608e-4,1.4324541553e-8,2.0273356200e2,-5.9296118030e-3,5.0547150742e0,4.2897455864e-1,1.3167392851e-1,1.0824530691e-3,2.0269829809e2,-1.1053804195e-1,1.8108375117e0,1.3365818838e-1,6.6665298375e-1,2.7019161498e-2
14.339796,2.0562937184e2,-1.3009266230e-3,1.7450350745e1,5.9244862017e-1,2.6782688735e-4,1.3165845303e-8,2.0562095179e2,-5.6645473690e-3,5.1124610436e0,4.3136810421e-1,1.2792683413e-1,1.0217842137e-3,2.0558519440e2,-1.0928815275e-1,1.8223852173e0,1.3575547119e-1,6.6281479548e-1,2.6717378685e-2
14.440816,2.0853680757e2,-1.2814208707e-3,1.7682945571e1,5.9339644058e-1,2.3842230360e-4,1.2236341718e-8,2.0852874037e2,-5.4117406972e-3,5.1706150458e0,4.3373103001e-1,1.2426100746e-1,9.6411914819e-4,2.0849251036e2,-1.0804362787e-1,1.8340145937e0,1.3785708533e-1,6.5897180517e-1,2.6416772796e-2
14.541837,2.1146465337e2,-1.2623651390e-3,1.7917173203e1,5.9432678209e-1,2.1207281651e-4,1.1490556062e-8,2.1145692783e2,-5.1707032385e-3,5.2291770817e0,4.3606372276e-1,1.2067559454e-1,9.0933455431e-4,2.1142024634e2,-1.0680460675e-1,1.8457256425e0,1.3996270199e-1,6.5512435339e-1,2.6117379306e-2
14.642857,2.1441290922e2,-1.2437450577e-3,1.8153033641e1,5.9524005700e-1,1.8848143628e-4,1.0895746527e-8,2.1440551440e2,-4.9409599802e-3,5.2881471555e0,4.3836656781e-1,1.1716971746e-1,8.5731059335e-4,2.1436839535e2,-1.0557123553e-1,1.8575183356e0,1.4207199164e-1,6.5127277947e-1,2.5819233064e-2
14.743878,2.1738157516e2,-1.2255468682e-3,1.8390526886e1,5.9613666599e-1,1.6737770241e-4,1.0433723219e-8,2.1737450013e2,-4.7220498470e-3,5.3475252672e0,4.4063994865e-1,1.1374247573e-1,8.0793097004e-4,2.1733696626e2,-1.0434363674e-1,1.8693927086e0,1.4418464072e-1,6.4741742111e-1,2.5522368242e-2
14.844898,2.2037065117e2,-1.2077573885e-3,1.8629652940e1,5.9701699855e-1,1.4851560192e-4,1.0057192412e-8,2.2036388519e2,-4.5135252265e-3,5.4073114194e0,4.4288424691e-1,1.1039294768e-1,7.6108284884e-4,2.2032595484e2,-1.0312194711e-1,1.8813487445e0,1.4630033097e-1,6.4355861451e-1,2.5226818363e-2
14.945918,2.2338013727e2,-1.1903639810e-3,1.8870411801e1,5.9788143327e-1,1.3167154921e-4,9.7570591606e-9,2.2337367011e2,-4.3149516828e-3,5.4675056220e0,4.4509984232e-1,1.0712019182e-1,7.1665688120e-4,2.2333536092e2,-1.0190629510e-1,1.8933864428e0,1.4841875179e-1,6.3969669435e-1,2.4932616285e-2
15.046939,2.2641003347e2,-1.1733545229e-3,1.9112803472e1,5.9873033826e-1,1.1664263698e-4,9.5315044746e-9,2.2640383225e2,-4.1259324462e-3,5.5281074211e0,4.4728709565e-1,1.0392324813e-1,6.7454717100e-4,2.2636518315e2,-1.0069680777e-1,1.9055057979e0,1.5053959651e-1,6.3583199364e-1,2.4639794192e-2
15.147959,2.2946033976e2,-1.1567173782e-3,1.9356827951e1,5.9956407141e-1,1.0324477250e-4,9.3496055342e-9,2.2945443916e2,-3.9459900227e-3,5.5891181668e0,4.4944642977e-1,1.0080113948e-1,6.3465123276e-4,2.2941542579e2,-9.9493602103e-2,1.9177068270e0,1.5266256721e-1,6.3196484374e-1,2.4348383593e-2
15.248980,2.3253105617e2,-1.1404413726e-3,1.9602485240e1,6.0038298076e-1,9.1311244034e-5,9.2059053713e-9,2.3252542374e2,-3.7748004693e-3,5.6505365163e0,4.5157816844e-1,9.7752872824e-2,5.9686997156e-4,2.3248608550e2,-9.8296801798e-2,1.9299895167e0,1.5478736554e-1,6.2809557431e-1,2.4058415325e-2
15.350000,2.3562218268e2,-1.1245157696e-3,1.9849775338e1,6.0118740477e-1,8.0691156626e-5,9.0858520707e-9,2.3561680859e2,-3.6119594012e-3,5.7123629203e0,4.5368269682e-1,9.4777440548e-2,5.6110762489e-4,2.3557717404e2,-9.7106508655e-2,1.9423539142e0,1.5691370845e-1,6.2422451321e-1,2.3769919537e-2
15.451020,2.3873371931e2,-1.1089302479e-3,2.0098698247e1,6.0197767267e-1,7.1248050176e-5,8.9949026005e-9,2.3872859432e2,-3.4570982477e-3,5.7745973900e0,4.5576038133e-1,9.1873821680e-2,5.2727173170e-4,2.3868865600e2,-9.5922880395e-2,1.9547998777e0,1.5904128548e-1,6.2035198654e-1,2.3482925702e-2
15.552041,2.4186566606e2,-1.0936748813e-3,2.0349253966e1,6.0275410469e-1,6.2858729365e-5,8.9330569608e-9,2.4186078039e2,-3.3098621814e-3,5.8372399137e0,4.5781158457e-1,8.9040983133e-2,4.9527308329e-4,2.4182057180e2,-9.4745977243e-2,1.9673275690e0,1.6116984305e-1,6.1647831859e-1,2.3197462606e-2
15.653061,2.4501802294e2,-1.0787401191e-3,2.0601442497e1,6.0351701239e-1,5.5411956595e-5,8.8712113211e-9,2.4501336756e2,-3.1699076450e-3,5.9002905054e0,4.5983666679e-1,8.6277880925e-2,4.6502566147e-4,2.4497290284e2,-9.3575929950e-2,1.9799369138e0,1.6329909220e-1,6.1260383174e-1,2.2913558352e-2
15.754082,2.4819078995e2,-1.0641167677e-3,2.0855263838e1,6.0426669890e-1,4.8807531641e-5,8.8311935542e-9,2.4818635605e2,-3.0369038455e-3,5.9637491683e0,4.6183598458e-1,8.3583461312e-2,4.3644658945e-4,2.4814565166e2,-9.2412840063e-2,1.9926279222e0,1.6542876336e-1,6.0872884641e-1,2.2631240336e-2
15.855102,2.5138396709e2,-1.0497959743e-3,2.1110717991e1,6.0500345919e-1,4.2955199916e-5,8.7948137661e-9,2.5137974574e2,-2.9105322773e-3,6.0276158991e0,4.6380989094e-1,8.0956661971e-2,4.0945607725e-4,2.5133881847e2,-9.1256809035e-2,2.0054005951e0,1.6755859037e-1,6.0485368120e-1,2.2350535270e-2
15.956122,2.5459755437e2,-1.0357692103e-3,2.1367804955e1,6.0572758032e-1,3.7773739990e-5,8.7693479145e-9,2.5459353739e2,-2.7904855142e-3,6.0918907117e0,4.6575873593e-1,7.8396413101e-2,3.8397733260e-4,2.5455240313e2,-9.0107935808e-2,2.0182549320e0,1.6968831184e-1,6.0097865250e-1,2.2071469175e-2
16.057143,2.5783155179e2,-1.0220282568e-3,2.1626524732e1,6.0643934168e-1,3.3190190891e-5,8.7457010522e-9,2.5782773069e2,-2.6764685284e-3,6.1565735988e0,4.6768286545e-1,7.5901638536e-2,3.5993655547e-4,2.5778640406e2,-8.8966318081e-2,2.0311909266e0,1.7181767045e-1,5.9710407486e-1,2.1794067383e-2
16.158163,2.6108595935e2,-1.0085651900e-3,2.1886877320e1,6.0713901524e-1,2.9139017272e-5,8.7238731794e-9,2.6108232600e2,-2.5681970520e-3,6.2216645664e0,4.6958262215e-1,7.3471256802e-2,3.3726280526e-4,2.6104082541e2,-8.7832043732e-2,2.0442085957e0,1.7394641761e-1,5.9323026059e-1,2.1518354504e-2
16.259184,2.6436077706e2,-9.9537236836e-4,2.2148862722e1,6.0782686575e-1,2.5561450457e-5,8.7165972218e-9,2.6435732397e2,-2.4653976382e-3,6.2871636263e0,4.7145834523e-1,7.1104182136e-2,3.1588796992e-4,2.6431566063e2,-8.6705210509e-2,2.0573079129e0,1.7607430272e-1,5.8935752008e-1,2.1244354495e-2
16.360204,2.6765600493e2,-9.8244241984e-4,2.2412480935e1,6.0850315098e-1,2.2404829451e-5,8.7165972218e-9,2.6765272423e2,-2.3678083475e-3,6.3530707702e0,4.7331036956e-1,6.8799325533e-2,2.9574669315e-4,2.6761090814e2,-8.5585907141e-2,2.0704888721e0,1.7820108349e-1,5.8548616133e-1,2.0972090573e-2
16.461224,2.7097164295e2,-9.6976823004e-4,2.2677731962e1,6.0916812193e-1,1.9621982858e-5,8.7093212642e-9,2.7096852733e2,-2.2751770797e-3,6.4193860078e0,4.7513902679e-1,6.6555595712e-2,2.7677632534e-4,2.7092658622e2,-8.4474196306e-2,2.0837515464e0,1.8032653529e-1,5.8161649037e-1,2.0701585279e-2
16.562245,2.7430769113e2,-9.5734293104e-4,2.2944615802e1,6.0982202303e-1,1.7170771002e-5,8.7093212642e-9,2.7430473359e2,-2.1872621348e-3,6.4861093443e0,4.7694464462e-1,6.4371900022e-2,2.5891677433e-4,2.7426267340e2,-8.3370184246e-2,2.0970958501e0,1.8245041289e-1,5.7774881088e-1,2.0432860467e-2
16.663265,2.7766414946e2,-9.4515989076e-4,2.3213132455e1,6.1046509233e-1,1.5013509255e-5,8.6947693489e-9,2.7766134334e2,-2.1038317569e-3,6.5532407851e0,4.7872754697e-1,6.2247145455e-2,2.4211055643e-4,2.7761918156e2,-8.2273935395e-2,2.1105218307e0,1.8457249738e-1,5.7388342433e-1,2.0165937269e-2
16.764286,2.8104101796e2,-9.3321270299e-4,2.3483281922e1,6.1109756171e-1,1.3116564389e-5,8.6984073278e-9,2.8103835633e2,-2.0246642151e-3,6.6207803243e0,4.8048805358e-1,6.0180239434e-2,2.2630259627e-4,2.8099610507e2,-8.1185531577e-2,2.1240294657e0,1.8669256359e-1,5.7002062992e-1,1.9900836163e-2
16.865306,2.8443829663e2,-9.2149517781e-4,2.3755064202e1,6.1171965705e-1,1.1449945987e-5,8.6947693489e-9,2.8443577291e2,-1.9495467893e-3,6.6887279676e0,4.8222648065e-1,5.8170090748e-2,2.1144024504e-4,2.8439344575e2,-8.0105043145e-2,2.1376187625e0,1.8881039592e-1,5.6616072442e-1,1.9637576872e-2
16.966327,2.8785598546e2,-9.1000133259e-4,2.4028479297e1,6.1233159842e-1,9.9869238852e-6,8.6874933913e-9,2.8785337343e2,-1.8784000769e-3,6.7570793221e0,4.8394303083e-1,5.6215610351e-2,1.9747316765e-4,2.8781120578e2,-7.9032537230e-2,2.1512897299e0,1.9092578385e-1,5.6230400237e-1,1.9376178501e-2
17.067347,2.9129408447e2,-8.9872538344e-4,2.4303527205e1,6.1293360024e-1,8.7037383878e-6,8.6765794549e-9,2.9129186569e2,-1.8106308327e-3,6.8258485393e0,4.8563836476e-1,5.4315712175e-2,1.8435329184e-4,2.9124937863e2,-7.7968087921e-2,2.1650423418e0,1.9303851626e-1,5.5845075588e-1,1.9116659398e-2
17.168367,2.9475259364e2,-8.8766173706e-4,2.4580207927e1,6.1352587146e-1,7.5792457892e-6,8.6765794549e-9,2.9475044719e2,-1.7465033928e-3,6.8950195718e0,4.8731238806e-1,5.2469313898e-2,1.7203469542e-4,2.9470796882e2,-7.6911753985e-2,2.1788766164e0,1.9514839365e-1,5.5460127462e-1,1.8859037271e-2
17.269388,2.9823151299e2,-8.7680498299e-4,2.4858521464e1,6.1410861570e-1,6.5946372843e-6,8.6947693489e-9,2.9822965372e2,-1.6855498632e-3,6.9646031319e0,4.8896566233e-1,5.0675337666e-2,1.6047361714e-4,2.9818697844e2,-7.5863594196e-2,2.1927925622e0,1.9725521971e-1,5.5075584583e-1,1.8603329121e-2
17.370408,3.0173084252e2,-8.6614988633e-4,2.5138467816e1,6.1468203145e-1,5.7332513848e-6,8.6802174337e-9,3.0172883332e2,-1.6279326026e-3,7.0345861827e0,4.9059817656e-1,4.8932710864e-2,1.4962825298e-4,3.0168640218e2,-7.4823672680e-2,2.2067901579e0,1.9935879838e-1,5.4691475424e-1,1.8349551276e-2
17.471429,3.0525058223e2,-8.5569138065e-4,2.5420046982e1,6.1524631217e-1,4.9803181241e-6,8.6802174337e-9,3.0524886994e2,-1.5730478783e-3,7.1049863975e0,4.9221063625e-1,4.7240366721e-2,1.3945880710e-4,3.0520624575e2,-7.3792038647e-2,2.2208694265e0,2.0145894487e-1,5.4307828209e-1,1.8097719367e-2
17.572449,3.0879073212e2,-8.4542456142e-4,2.5703258963e1,6.1580164646e-1,4.3227286710e-6,8.6838554125e-9,3.0878901124e2,-1.5211085172e-3,7.1757887326e0,4.9380298308e-1,4.5597245023e-2,1.2992741904e-4,3.0874650437e2,-7.2768750023e-2,2.2350303490e0,2.0355547274e-1,5.3924670912e-1,1.7847848350e-2
17.673469,3.1235129219e2,-8.3534467962e-4,2.5988103759e1,6.1634821821e-1,3.7489041347e-6,8.6838554125e-9,3.1234966520e2,-1.4717721154e-3,7.2470013443e0,4.9537568818e-1,4.4002292701e-2,1.2099796368e-4,3.1230717959e2,-7.1753855067e-2,2.2492729315e0,2.0564820392e-1,5.3542031243e-1,1.7599952535e-2
17.774490,3.1593226245e2,-8.2544713570e-4,2.6274581370e1,6.1688620672e-1,3.2486074133e-6,8.6874933913e-9,3.1593072475e2,-1.4249490890e-3,7.3186220909e0,4.9692898395e-1,4.2454464451e-2,1.1263616761e-4,3.1588826848e2,-7.0747404116e-2,2.2635971626e0,2.0773696222e-1,5.3159936660e-1,1.7354045529e-2
17.875510,3.1953364289e2,-8.1572747385e-4,2.6562691796e1,6.1741578685e-1,2.8127795986e-6,8.6802174337e-9,3.1953219000e2,-1.3805056771e-3,7.3906509737e0,4.9846314769e-1,4.0952723311e-2,1.0480936908e-4,3.1948977909e2,-6.9749433122e-2,2.2780030744e0,2.0982158232e-1,5.2778414351e-1,1.7110140299e-2
17.976531,3.2315543352e2,-8.0618137646e-4,2.6852435037e1,6.1793712913e-1,2.4334298132e-6,8.6947693489e-9,3.2315406120e2,-1.3383144819e-3,7.4630879969e0,4.9997845294e-1,3.9496041141e-2,9.7486576124e-5,3.2311170250e2,-6.8759993390e-2,2.2924906314e0,2.1190189347e-1,5.2397491249e-1,1.6868249128e-2
18.077551,3.2679763434e2,-7.9680465891e-4,2.7143811094e1,6.1845039990e-1,2.1035182840e-6,8.6802174337e-9,3.2679633853e2,-1.2982543413e-3,7.5359331628e0,5.0147516940e-1,3.8083399191e-2,9.0638364782e-5,3.2675404374e2,-6.7779118786e-2,2.3070598538e0,2.1397773738e-1,5.2017194012e-1,1.6628383655e-2
18.178571,3.3046024535e2,-7.8759326458e-4,2.7436819966e1,6.1895576140e-1,1.8168468046e-6,8.6693034973e-9,3.3045902213e2,-1.2602100271e-3,7.6091864739e0,5.0295356303e-1,3.6713788595e-2,8.4236791736e-5,3.3041680025e2,-6.6806848516e-2,2.3217107315e0,2.1604895574e-1,5.1637549036e-1,1.6390554840e-2
18.279592,3.3414326655e2,-7.7854326002e-4,2.7731461655e1,6.1945337193e-1,1.5679702301e-6,8.6802174337e-9,3.3414211219e2,-1.2240720198e-3,7.6828479327e0,5.0441389601e-1,3.5386210729e-2,7.8255365224e-5,3.3409997276e2,-6.5843215739e-2,2.3364432674e0,2.1811539637e-1,5.1258582434e-1,1.6154773053e-2
18.380612,3.3784669794e2,-7.6965083040e-4,2.8027736158e1,6.1994338594e-1,1.3520883044e-6,8.6765794549e-9,3.3784560887e2,-1.1897362782e-3,7.7569175417e0,5.0585642683e-1,3.4099677790e-2,7.2668972280e-5,3.3780356006e2,-6.4888253037e-2,2.3512574568e0,2.2017691025e-1,5.0880320061e-1,1.5921047972e-2
18.481633,3.4157053954e2,-7.6091227519e-4,2.8325643478e1,6.2042595413e-1,1.1649750604e-6,8.6838554125e-9,3.4156951232e2,-1.1571040132e-3,7.8313953033e0,5.0728141028e-1,3.2853213095e-2,6.7453802330e-5,3.4152756541e2,-6.3941985845e-2,2.3661533129e0,2.2223335500e-1,5.0502787479e-1,1.5689388616e-2
18.582653,3.4531479133e2,-7.5232400391e-4,2.8625183614e1,6.2090122356e-1,1.0029348232e-6,8.6729414761e-9,3.4531382270e2,-1.1260814676e-3,7.9062812198e0,5.0868909750e-1,3.1645851430e-2,6.2587321736e-5,3.4527198496e2,-6.3004444330e-2,2.3811308203e0,2.2428458842e-1,5.0126009988e-1,1.5459803457e-2
18.683673,3.4907945331e2,-7.4388253220e-4,2.8926356565e1,6.2136933778e-1,8.6272052613e-7,8.6802174337e-9,3.4907854015e2,-1.0965797032e-3,7.9815752933e0,5.1007973600e-1,3.0476639505e-2,5.8048230130e-5,3.4903682103e2,-6.2075649885e-2,2.3961899885e0,2.2633047576e-1,4.9750012596e-1,1.5232300233e-2
18.784694,3.5286452550e2,-7.3558447798e-4,2.9229162333e1,6.2183043689e-1,7.4151836316e-7,8.6838554125e-9,3.5286366482e2,-1.0685143924e-3,8.0572775262e0,5.1145356970e-1,2.9344636275e-2,5.3816325817e-5,3.5282207196e2,-6.1155625434e-2,2.4113308108e0,2.2837088412e-1,4.9374820032e-1,1.5006886148e-2
18.885714,3.5667000788e2,-7.2742655776e-4,2.9533600918e1,6.2228465764e-1,6.3681000029e-7,8.6802174337e-9,3.5666919685e2,-1.0418056175e-3,8.1333879202e0,5.1281083894e-1,2.8248913091e-2,4.9872578529e-5,3.5662773977e2,-6.0244387794e-2,2.4265532955e0,2.3040568650e-1,4.9000456741e-1,1.4783567749e-2
18.986735,3.6049590047e2,-7.1940558320e-4,2.9839672318e1,6.2273213355e-1,5.4644249303e-7,8.6765794549e-9,3.6049513686e2,-1.0163775356e-3,8.2099064874e0,5.1415178075e-1,2.7188554180e-2,4.6198951168e-5,3.6045381958e2,-5.9341958136e-2,2.4418574232e0,2.3243475614e-1,4.8626946885e-1,1.4562350985e-2
19.087755,3.6434220326e2,-7.1151845771e-4,3.0147376535e1,6.2317299498e-1,4.6853045887e-7,8.6802174337e-9,3.6434148353e2,-9.9215885858e-4,8.2868332008e0,5.1547662798e-1,2.6162656760e-2,4.2778461648e-5,3.6430031695e2,-5.8448345031e-2,2.4572432161e0,2.3445797563e-1,4.8254314331e-1,1.4343241179e-2
19.188776,3.6820891626e2,-7.0376217324e-4,3.0456713568e1,6.2360736923e-1,4.0138507984e-7,8.6583895609e-9,3.6820823843e2,-9.6908134970e-4,8.3641680910e0,5.1678561101e-1,2.5170331366e-2,3.9595026465e-5,3.6816722940e2,-5.7563562565e-2,2.4727106645e0,2.3647522709e-1,4.7882582670e-1,1.4126243113e-2
19.289796,3.7209603946e2,-6.9613380723e-4,3.0767683418e1,6.2403538060e-1,3.4358646417e-7,8.6729414761e-9,3.7209540119e2,-9.4708095497e-4,8.4419111501e0,5.1807895619e-1,2.4210701973e-2,3.6633544369e-5,3.7205455585e2,-5.6687621058e-2,2.4882597641e0,2.3848639709e-1,4.7511775179e-1,1.3911360911e-2
19.390816,3.7600357286e2,-6.8863051963e-4,3.1080286085e1,6.2445715049e-1,2.9386217193e-7,8.6802174337e-9,3.7600297194e2,-9.2609698033e-4,8.5200623799e0,5.1935688661e-1,2.3282906253e-2,3.3879710827e-5,3.7596229857e2,-5.5820525402e-2,2.5038905242e0,2.4049137758e-1,4.7141914866e-1,1.3698598181e-2
19.491837,3.7993151647e2,-6.8124955008e-4,3.1394521568e1,6.2487279747e-1,2.5114144364e-7,8.6729414761e-9,3.7993095078e2,-9.0607205566e-4,8.5986217822e0,5.2061962207e-1,2.2386095727e-2,3.1320094422e-5,3.7989045568e2,-5.4962282128e-2,2.5196029373e0,2.4249006201e-1,4.6773024434e-1,1.3487957884e-2
19.592857,3.8387987029e2,-6.7398821516e-4,3.1710389868e1,6.2528243739e-1,2.1444981257e-7,8.6729414761e-9,3.8387933783e2,-8.8695197509e-4,8.6775893585e0,5.2186737906e-1,2.1519435907e-2,2.8942034987e-5,3.8383902627e2,-5.4112894622e-2,2.5353969999e0,2.4448234782e-1,4.6405126288e-1,1.3279442486e-2
19.693878,3.8784863432e2,-6.6684390585e-4,3.2027890985e1,6.2568618340e-1,1.8296515236e-7,8.6802174337e-9,3.8784813318e2,-8.6868554308e-4,8.7569651104e0,5.2310037079e-1,2.0682106427e-2,2.6733643608e-5,3.8780801280e2,-5.3272360919e-2,2.5512727219e0,2.4646813766e-1,4.6038242545e-1,1.3073053822e-2
19.794898,3.9183780856e2,-6.5981408497e-4,3.2347024919e1,6.2608414606e-1,1.5597947822e-7,8.6802174337e-9,3.9183733693e2,-8.5122442620e-4,8.8367490394e0,5.2431880729e-1,1.9873301139e-2,2.4683635274e-5,3.9179741365e2,-5.2440680700e-2,2.5672300969e0,2.4844733554e-1,4.5672395017e-1,1.2868793245e-2
19.895918,3.9584739301e2,-6.5289628480e-4,3.2667791670e1,6.2647643339e-1,1.3287268530e-7,8.6729414761e-9,3.9584694918e2,-8.3452301091e-4,8.9169411469e0,5.2552289538e-1,1.9092228238e-2,2.2781547159e-5,3.9580722856e2,-5.1617850240e-2,2.5832691241e0,2.5041984950e-1,4.5307605212e-1,1.2666661511e-2
19.996939,3.9987738767e2,-6.4608810475e-4,3.2990191238e1,6.2686315095e-1,1.1309032288e-7,8.6802174337e-9,3.9987697002e2,-8.1853826657e-4,8.9975414341e0,5.2671283878e-1,1.8338110316e-2,2.1017447580e-5,3.9983745785e2,-5.0803863199e-2,2.5993898048e0,2.5238559119e-1,4.4943894354e-1,1.2466658853e-2
20.097959,4.0392779254e2,-6.3938720918e-4,3.3314223622e1,6.2724440191e-1,9.6175881481e-8,8.6802174337e-9,4.0392739953e2,-8.0322961403e-4,9.0785499026e0,5.2788883808e-1,1.7610184412e-2,1.9382030587e-5,4.0388810126e2,-4.9998711694e-2,2.6155921381e0,2.5434447520e-1,4.4581283354e-1,1.2268784973e-2
20.198980,4.0799860763e2,-6.3279132524e-4,3.3639888825e1,6.2762028711e-1,8.1722021150e-8,8.6729414761e-9,4.0799823780e2,-7.8855879960e-4,9.1599665534e0,5.2905109083e-1,1.6907702051e-2,1.7866579583e-5,4.0795915896e2,-4.9202385422e-2,2.6318761247e0,2.5629641952e-1,4.4219792815e-1,1.2073039048e-2
20.300000,4.1208983293e2,-6.2629824083e-4,3.3967186844e1,6.2799090510e-1,6.9389386681e-8,8.6729414761e-9,4.1208948491e2,-7.7448977429e-4,9.2417913878e0,5.3019979158e-1,1.6229929260e-2,1.6462894564e-5,4.1205063018e2,-4.8414872936e-2,2.6482417618e0,2.5824134481e-1,4.3859443051e-1,1.1879419748e-2
20.401020,4.1620146844e2,-6.1990580264e-4,3.4296117681e1,6.2835635222e-1,5.8868408814e-8,8.6729414761e-9,4.1620114093e2,-7.6098857841e-4,9.3240244069e0,5.3133513186e-1,1.5576146660e-2,1.5163284843e-5,4.1616251534e2,-4.7636159782e-2,2.6646890510e0,2.6017917538e-1,4.3500254059e-1,1.1687925260e-2
20.502041,4.2033351417e2,-6.1361191423e-4,3.4626681335e1,6.2871672268e-1,4.9900279464e-8,8.6802174337e-9,4.2033320593e2,-7.4802323037e-4,9.4066656119e0,5.3245730033e-1,1.4945649313e-2,1.3960590877e-5,4.2029481421e2,-4.6866230133e-2,2.6812179916e0,2.6210983823e-1,4.3142245540e-1,1.1498553213e-2
20.603061,4.2448597011e2,-6.0741453425e-4,3.4958877806e1,6.2907210856e-1,4.2262172428e-8,8.6729414761e-9,4.2448567998e2,-7.3556362122e-4,9.4897150037e0,5.3356648269e-1,1.4337746811e-2,1.2848009646e-5,4.2444584255e2,-4.6106507185e-2,2.6978218454e0,2.6403248634e-1,4.2785436890e-1,1.1311300797e-2
20.704082,4.2865883627e2,-6.0131167464e-4,3.5292707095e1,6.2942259991e-1,3.5765197026e-8,8.6874933913e-9,4.2865856316e2,-7.2358141351e-4,9.5731725833e0,5.3466286184e-1,1.3751763213e-2,1.1819291103e-5,4.2862065300e2,-4.5352648030e-2,2.7145208270e0,2.6594938386e-1,4.2429847183e-1,1.1126164674e-2
20.805102,4.3285211265e2,-5.9530139898e-4,3.5628169201e1,6.2976828481e-1,3.0241096738e-8,8.6729414761e-9,4.3285185551e2,-7.1204994460e-4,9.6570383516e0,5.3574661784e-1,1.3187036973e-2,1.0868505342e-5,4.3281419243e2,-4.4608954699e-2,2.7312947200e0,2.6785813517e-1,4.2075495208e-1,1.0943141126e-2
20.906122,4.3706579925e2,-5.8938182085e-4,3.5965264125e1,6.3010924937e-1,2.5550491500e-8,8.6874933913e-9,4.3706555711e2,-7.0094413475e-4,9.7413123097e0,5.3681792799e-1,1.2642920908e-2,9.9901226349e-6,4.3702814545e2,-4.3873962457e-2,2.7481502644e0,2.6975945610e-1,4.1722399433e-1,1.0762225851e-2
21.007143,4.4129989606e2,-5.8355110225e-4,3.6303991866e1,6.3044557783e-1,2.1567586828e-8,8.6802174337e-9,4.4129966800e2,-6.9024039922e-4,9.8259944583e0,5.3787696683e-1,1.2118782109e-2,9.1789697763e-6,4.4126251118e2,-4.3147646981e-2,2.7650874567e0,2.7165328756e-1,4.1370578021e-1,1.0583414201e-2
21.108163,4.4555440310e2,-5.7780745214e-4,3.6644352426e1,6.3077735259e-1,1.8193929918e-8,8.6874933913e-9,4.4555418825e2,-6.7991656485e-4,9.9110847981e0,5.3892390624e-1,1.1614001916e-2,8.4302519099e-6,4.4551729043e2,-4.2429980819e-2,2.7821063003e0,2.7353957389e-1,4.1020048826e-1,1.0406700989e-2
21.209184,4.4982932035e2,-5.7214912494e-4,3.6986345802e1,6.3110465424e-1,1.5333853298e-8,8.6874933913e-9,4.4982911789e2,-6.6995179006e-4,9.9965833301e0,5.3995891543e-1,1.1127975697e-2,7.7394361142e-6,4.4979248240e2,-4.1720936205e-2,2.7992067920e0,2.7541826133e-1,4.0670829402e-1,1.0232080676e-2
21.310204,4.5412464783e2,-5.6657441915e-4,3.7329971997e1,6.3142756165e-1,1.2910561509e-8,8.6656655185e-9,4.5412445699e2,-6.6032648952e-4,1.0082490055e1,5.4098216099e-1,1.0660112874e-2,7.1023241617e-6,4.5408808717e2,-4.1020482987e-2,2.8163889323e0,2.7728929908e-1,4.0322936979e-1,1.0059547218e-2
21.411224,4.5844038552e2,-5.6108167603e-4,3.7675231009e1,6.3174615197e-1,1.0859196209e-8,8.6874933913e-9,4.5844020558e2,-6.5102226196e-4,1.0168804973e1,5.4199380694e-1,1.0209836730e-2,6.5150015871e-6,4.5840410481e2,-4.0328589464e-2,2.8336527215e0,2.7915263884e-1,3.9976388492e-1,9.8890942172e-3
21.512245,4.6277653344e2,-5.5566927825e-4,3.8022122839e1,6.3206050069e-1,9.1350784714e-9,8.6802174337e-9,4.6277636372e2,-6.4202182185e-4,1.0255528086e1,5.4299401476e-1,9.7765843347e-3,5.9738013078e-6,4.6274053488e2,-3.9645222767e-2,2.8509981581e0,2.8100823455e-1,3.9631200553e-1,9.7207147992e-3
21.613265,4.6713309157e2,-5.5033564867e-4,3.8370647487e1,6.3237068169e-1,7.6748847277e-9,8.6802174337e-9,4.6713293143e2,-6.3330893439e-4,1.0342659393e1,5.4398294343e-1,9.3598063509e-3,5.4753400036e-6,4.6709737797e2,-3.8970347702e-2,2.8684252445e0,2.8285604298e-1,3.9287389482e-1,9.5544017677e-3
21.714286,4.7151005994e2,-5.4507924912e-4,3.8720804952e1,6.3267676728e-1,6.4497385210e-9,8.6511136033e-9,4.7150990876e2,-6.2486835411e-4,1.0430198896e1,5.4496074946e-1,8.9589669714e-3,5.0164162531e-6,4.7147463313e2,-3.8303928795e-2,2.8859339770e0,2.8469602263e-1,3.8944971274e-1,9.3901474538e-3
21.815306,4.7590743852e2,-5.3989857927e-4,3.9072595236e1,6.3297882821e-1,5.4116640058e-9,8.6729414761e-9,4.7590729576e2,-6.1668576631e-4,1.0518146595e1,5.4592758695e-1,8.5735437385e-3,4.5940832933e-6,4.7587230091e2,-3.7645927986e-2,2.9035243579e0,2.8652813489e-1,3.8603961630e-1,9.2279438395e-3
21.916327,4.8032522733e2,-5.3479217544e-4,3.9426018337e1,6.3327693375e-1,4.5226329348e-9,8.6802174337e-9,4.8032509244e2,-6.0874773169e-4,1.0606502490e1,5.4688360760e-1,8.2030273190e-3,4.2055908125e-6,4.8029038075e2,-3.6996306621e-2,2.9211963850e0,2.8835234297e-1,3.8264375928e-1,9.0677825574e-3
22.017347,4.8476342636e2,-5.2975860956e-4,3.9781074257e1,6.3357115170e-1,3.7929908103e-9,8.6729414761e-9,4.8476329885e2,-6.0104163422e-4,1.0695266582e1,5.4782896076e-1,7.8469214935e-3,3.8483849494e-6,4.8472887275e2,-3.6355024208e-2,2.9389500589e0,2.9016861254e-1,3.7926229243e-1,8.9096548618e-3
22.118367,4.8922203561e2,-5.2479648814e-4,4.0137762995e1,6.3386154845e-1,3.1806166589e-9,8.7020453066e-9,4.8922191502e2,-5.9355563135e-4,1.0784438871e1,5.4876379346e-1,7.5047428851e-3,3.5200646380e-6,4.8918777679e2,-3.5722039070e-2,2.9567853792e0,2.9197691134e-1,3.7589536347e-1,8.7535515995e-3
22.219388,4.9370105509e2,-5.1990445120e-4,4.0496084550e1,6.3414818898e-1,2.6557813726e-9,8.6583895609e-9,4.9370094097e2,-5.8627860709e-4,1.0874019359e1,5.4968825046e-1,7.1760207532e-3,3.2184470911e-6,4.9366709274e2,-3.5097308244e-2,2.9747023454e0,2.9377720920e-1,3.7254311698e-1,8.5994633628e-3
22.320408,4.9820048480e2,-5.1508117134e-4,4.0856038924e1,6.3443113692e-1,2.2092194740e-9,8.6947693489e-9,4.9820037674e2,-5.7920012790e-4,1.0964008045e1,5.5060247428e-1,6.8602969344e-3,2.9414659366e-6,4.9816682050e2,-3.4480787481e-2,2.9927009573e0,2.9556947800e-1,3.6920569444e-1,8.4473802999e-3
22.421429,5.0272032473e2,-5.1032535279e-4,4.1217626116e1,6.3471045458e-1,1.8457058104e-9,8.6874933913e-9,5.0272022235e2,-5.7231040075e-4,1.1054404929e1,5.5150660521e-1,6.5571256028e-3,2.6872294256e-6,5.0268801070e2,-3.3871662461e-2,3.0107854180e0,2.9735410473e-1,3.6588323434e-1,8.2972923046e-3
22.522449,5.0726057488e2,-5.0563573050e-4,4.1580846126e1,6.3498620298e-1,1.5443220036e-9,8.6874933913e-9,5.0726047782e2,-5.6560023345e-4,1.1145210013e1,5.5240078139e-1,6.2660730047e-3,2.4539549486e-6,5.0722751089e2,-3.3272193210e-2,3.0289431164e0,2.9912982597e-1,3.6257587202e-1,8.1491889287e-3
22.623469,5.1182123527e2,-5.0101106924e-4,4.1945698954e1,6.3525844189e-1,1.2840928321e-9,8.6947693489e-9,5.1182114318e2,-5.5906099759e-4,1.1236423296e1,5.5328513881e-1,5.9867173734e-3,2.2400417947e-6,5.1178847379e2,-3.2680024907e-2,3.0471866647e0,3.0089785895e-1,3.5928373984e-1,8.0030594254e-3
22.724490,5.1640230588e2,-4.9645016276e-4,4.2312184600e1,6.3552722984e-1,1.0676330930e-9,8.7020453066e-9,5.1640221845e2,-5.5268459336e-4,1.1328044779e1,5.5415981134e-1,5.7186487578e-3,2.0439329091e-6,5.1637061510e2,-3.2095331722e-2,3.0655149259e0,3.0265806349e-1,3.5600696700e-1,7.8588927718e-3
22.825510,5.2100378671e2,-4.9195183301e-4,4.2680303064e1,6.3579262415e-1,8.8186880021e-10,8.6729414761e-9,5.2100370366e2,-5.4646341630e-4,1.1420074461e1,5.5502493081e-1,5.4614686881e-3,1.8642458599e-6,5.2097038972e2,-3.1520579569e-2,3.0839137180e0,3.0440906912e-1,3.5274567977e-1,7.7166775591e-3
22.926531,5.2562567778e2,-4.8751492927e-4,4.3050054347e1,6.3605468100e-1,7.4317085819e-10,8.6583895609e-9,5.2562559881e2,-5.4039032621e-4,1.1512512345e1,5.5588062697e-1,5.2147901032e-3,1.6996345948e-6,5.2559382992e2,-3.0951446706e-2,3.1024071729e0,3.0615315403e-1,3.4950000129e-1,7.5764021458e-3
23.027551,5.3026797907e2,-4.8313832743e-4,4.3421438448e1,6.3631345541e-1,6.1652372096e-10,8.6874933913e-9,5.3026790394e2,-5.3445861775e-4,1.1605358429e1,5.5672702760e-1,4.9782370851e-3,1.5488913050e-6,5.3023643777e2,-3.0391059209e-2,3.1209772968e0,3.0788859532e-1,3.4627005167e-1,7.4380546139e-3
23.128571,5.3493069059e2,-4.7882092925e-4,4.3794455368e1,6.3656900129e-1,5.0977178034e-10,8.6583895609e-9,5.3493061905e2,-5.2866199286e-4,1.1698612714e1,5.5756425847e-1,4.7514447155e-3,1.4110119082e-6,5.3489945680e2,-2.9838486697e-2,3.1396290648e0,3.0961585114e-1,3.4305594809e-1,7.3016228562e-3
23.229592,5.3961381234e2,-4.7456166162e-4,4.4169105106e1,6.3682137145e-1,4.3075942813e-10,8.6583895609e-9,5.3961374416e2,-5.2299453462e-4,1.1792275200e1,5.5839244345e-1,4.5340587508e-3,1.2848322513e-6,5.3958288642e2,-2.9293675544e-2,3.1583624744e0,3.1133490964e-1,3.3985780459e-1,7.1670944162e-3
23.330612,5.4431734432e2,-4.7035947588e-4,4.4545387662e1,6.3707061767e-1,3.4947333916e-10,8.6729414761e-9,5.4431727929e2,-5.1745068303e-4,1.1886345887e1,5.5921170445e-1,4.3257355494e-3,1.1694792192e-6,5.4428672675e2,-2.8756570749e-2,3.1771775263e0,3.1304576080e-1,3.3667573228e-1,7.0344565029e-3
23.431633,5.4904128652e2,-4.6621334714e-4,4.4923303036e1,6.3731679066e-1,2.8308022593e-10,8.7457010522e-9,5.4904122446e2,-5.1202521194e-4,1.1980824776e1,5.6002216153e-1,4.1261417852e-3,1.0640651453e-6,5.4901097808e2,-2.8227116306e-2,3.1960742216e0,3.1474839628e-1,3.3350983920e-1,6.9036963541e-3
23.532653,5.5378563896e2,-4.6212227365e-4,4.5302851229e1,6.3755994013e-1,2.3578650143e-10,8.7165972218e-9,5.5378557967e2,-5.0671320754e-4,1.2075711867e1,5.6082393289e-1,3.9349542446e-3,9.6774601843e-7,5.5375564054e2,-2.7705255517e-2,3.2150525610e0,3.1644280915e-1,3.3036023056e-1,6.7748007423e-3
23.633673,5.5855040163e2,-4.5808527611e-4,4.5684032240e1,6.3780011480e-1,1.9053914002e-10,8.6729414761e-9,5.5855034493e2,-5.0151004826e-4,1.2171007160e1,5.6161713492e-1,3.7518597144e-3,8.7977969088e-7,5.5852071411e2,-2.7190930971e-2,3.2341125445e0,3.1812899396e-1,3.2722700843e-1,6.6477563232e-3
23.734694,5.6333557453e2,-4.5410139716e-4,4.6066846070e1,6.3803736245e-1,1.7337242753e-10,8.6292857304e-9,5.6333552027e2,-4.9641138554e-4,1.2266710655e1,5.6240188219e-1,3.5765545134e-3,7.9948222265e-7,5.6330619666e2,-2.6684085868e-2,3.2532541636e0,3.1980694594e-1,3.2411027199e-1,6.5225493890e-3
23.835714,5.6814115765e2,-4.5016970068e-4,4.6451292719e1,6.3827172987e-1,1.3767476048e-10,8.7020453066e-9,5.6814110569e2,-4.9141312639e-4,1.2362822352e1,5.6317828753e-1,3.4087446464e-3,7.2624243330e-7,5.6811209037e2,-2.6184659856e-2,3.2724774272e0,3.2147666326e-1,3.2101011742e-1,6.3991662755e-3
23.936735,5.7296715101e2,-4.4628927132e-4,4.6837372185e1,6.3850326296e-1,1.1812062439e-10,8.6874933913e-9,5.7296710120e2,-4.8651141649e-4,1.2459342252e1,5.6394646205e-1,3.2481453045e-3,6.5939093474e-7,5.7293919811e2,-2.5692082806e-2,3.2917855471e0,3.2313841993e-1,3.1792663804e-1,6.2775929837e-3
24.037755,5.7781355460e2,-4.4245921385e-4,4.7225084471e1,6.3873200672e-1,8.9016793936e-11,8.7165972218e-9,5.7781350681e2,-4.8170262471e-4,1.2556270355e1,5.6470651511e-1,3.0944807733e-3,5.9846206568e-7,5.7778510859e2,-2.5207827700e-2,3.3111688774e0,3.2479138939e-1,3.1485992416e-1,6.1578152527e-3
24.138776,5.8268036842e2,-4.3867865272e-4,4.7614429575e1,6.3895800526e-1,6.7188921093e-11,8.6438376456e-9,5.8268032252e2,-4.7698332844e-4,1.2653606660e1,5.6545855444e-1,2.9474841920e-3,5.4297561292e-7,5.8265223323e2,-2.4730300257e-2,3.3306370647e0,3.2643639975e-1,3.1181006326e-1,6.0398187779e-3
24.239796,5.8756759248e2,-4.3494673146e-4,4.8005407497e1,6.3918130185e-1,5.4114934755e-11,8.6292857304e-9,5.8756754836e2,-4.7235030000e-4,1.2751351168e1,5.6620268609e-1,2.8068974235e-3,4.9245136324e-7,5.8753976760e2,-2.4259950467e-2,3.3501868911e0,3.2807317792e-1,3.0877713986e-1,5.9235890512e-3
24.340816,5.9247522676e2,-4.3126261222e-4,4.8398018238e1,6.3940193890e-1,5.1386450650e-11,8.7020453066e-9,5.9247518433e2,-4.6780049376e-4,1.2849503880e1,5.6693901450e-1,2.6724707363e-3,4.4639455155e-7,5.9244771222e2,-2.3796715911e-2,3.3698183587e0,3.2970172796e-1,3.0576123559e-1,5.8091113315e-3
24.441837,5.9740327128e2,-4.2762547528e-4,4.8792261798e1,6.3961995801e-1,3.9676706365e-11,8.6874933913e-9,5.9740323042e2,-4.6333103424e-4,1.2948064794e1,5.6766764250e-1,2.5439626636e-3,4.0448503569e-7,5.9737606671e2,-2.3340534197e-2,3.3895314661e0,3.3132205483e-1,3.0276242931e-1,5.6963707466e-3
24.542857,6.0235172603e2,-4.2403451856e-4,4.9188138176e1,6.3983539999e-1,3.2059688237e-11,8.6874933913e-9,6.0235168666e2,-4.5893920498e-4,1.3047033912e1,5.6838867137e-1,2.4211398357e-3,3.6640267354e-7,6.0232483089e2,-2.2891342278e-2,3.4093262127e0,3.3293416475e-1,2.9978079682e-1,5.5853523809e-3
24.643878,6.0732059101e2,-4.2048895717e-4,4.9585647373e1,6.4004830484e-1,3.0922819860e-11,8.7020453066e-9,6.0732055304e2,-4.5462243795e-4,1.3146411233e1,5.6910220083e-1,2.3037766274e-3,3.3172545955e-7,6.0729400531e2,-2.2449076223e-2,3.4292026006e0,3.3453806527e-1,2.9681641130e-1,5.4760410130e-3
24.744898,6.1230986622e2,-4.1698802297e-4,4.9984789389e1,6.4025871182e-1,2.6830093702e-11,8.6874933913e-9,6.1230982958e2,-4.5037830395e-4,1.3246196757e1,5.6980832908e-1,2.1916551556e-3,3.0023511499e-7,6.1228358914e2,-2.2013672448e-2,3.4491606268e0,3.3613376460e-1,2.9386934301e-1,5.3684214945e-3
24.845918,6.1731955167e2,-4.1353096414e-4,5.0385564223e1,6.4046665944e-1,2.9103830457e-11,8.6438376456e-9,6.1731951628e2,-4.4620450346e-4,1.3346390485e1,5.7050715283e-1,2.0845649433e-3,2.7158239391e-7,6.1729358263e2,-2.1585066338e-2,3.4692002922e0,3.3772127238e-1,2.9093965943e-1,5.2624782547e-3
24.946939,6.2234964735e2,-4.1011704475e-4,5.0787971876e1,6.4067218546e-1,2.0008883439e-11,8.6874933913e-9,6.2234961314e2,-4.4209885812e-4,1.3446992417e1,5.7119876733e-1,1.9823028397e-3,2.4562177714e-7,6.2232398573e2,-2.1163193044e-2,3.4893215967e0,3.3930059916e-1,2.8802742518e-1,5.1581958833e-3
25.047959,6.2740015326e2,-4.0674554438e-4,5.1192012347e1,6.4087532695e-1,8.9812601800e-12,8.6874933913e-9,6.2740012017e2,-4.3805930280e-4,1.3548002552e1,5.7188326637e-1,1.8846726854e-3,2.2198946681e-7,6.2737479838e2,-2.0747987367e-2,3.5095245402e0,3.4087175651e-1,2.8513270217e-1,5.0555588386e-3
25.148980,6.3247106941e2,-4.0341575769e-4,5.1597685638e1,6.4107612027e-1,7.0485839387e-12,8.7165972218e-9,6.3247103737e2,-4.3408387825e-4,1.3649420891e1,5.7256074232e-1,1.7914852202e-3,2.0064180717e-7,6.3244699778e2,-2.0338832070e-2,3.5298130316e0,3.4243505691e-1,2.8225554955e-1,4.9545512593e-3
25.250000,6.3756239579e2,-4.0012699406e-4,5.2004991747e1,6.4127460110e-1,1.3756107364e-11,8.7020453066e-9,6.3756236475e2,-4.3017072413e-4,1.3751247434e1,5.7323128615e-1,1.7025578636e-3,1.8117134459e-7,6.3753765251e2,-1.9937316250e-2,3.5501753449e0,3.4398961414e-1,2.7939602377e-1,4.8551573418e-3
25.351020,6.4267413241e2,-3.9687857723e-4,5.2413930675e1,6.4147080444e-1,1.0459189070e-11,8.7020453066e-9,6.4267410231e2,-4.2631807268e-4,1.3853482181e1,5.7389498747e-1,1.6177145377e-3,1.6357807908e-7,6.4265047707e2,-1.9541285646e-2,3.5706263388e0,3.4553657827e-1,2.7655417846e-1,4.7573612828e-3
25.452041,6.4780627926e2,-3.9366984493e-4,5.2824502422e1,6.4166476466e-1,9.3223206932e-12,8.6583895609e-9,6.4780625005e2,-4.2252424267e-4,1.3956125132e1,5.7455193453e-1,1.5367855333e-3,1.4757097233e-7,6.4778214248e2,-1.9152526456e-2,3.5911526968e0,3.4707495609e-1,2.7373006463e-1,4.6611469879e-3
25.553061,6.5295883635e2,-3.9050014852e-4,5.3236706987e1,6.4185651547e-1,7.1622707765e-12,8.6001819000e-9,6.5295880799e2,-4.1878763380e-4,1.4059176287e1,5.7520221423e-1,1.4596071825e-3,1.3315002434e-7,6.5293500160e2,-1.8769670575e-2,3.6117638309e0,3.4860547268e-1,2.7092373062e-1,4.5664984646e-3
25.654082,6.5813180367e2,-3.8736885266e-4,5.3650544371e1,6.4204608997e-1,5.5706550484e-12,8.6583895609e-9,6.5813177612e2,-4.1510672157e-4,1.4162635646e1,5.7584591219e-1,1.3860218628e-3,1.2003874872e-7,6.5810888363e2,-1.8392756004e-2,3.6324590578e0,3.5012808852e-1,2.6813522204e-1,4.4733995746e-3
25.755102,6.6332518122e2,-3.8427533499e-4,5.4066014575e1,6.4223352064e-1,2.1600499167e-12,8.6729414761e-9,6.6332515444e2,-4.1148005239e-4,1.4266503208e1,5.7648311272e-1,1.3158777060e-3,1.0820804164e-7,6.6330194742e2,-1.8022703236e-2,3.6532310128e0,3.5164228185e-1,2.6536458192e-1,4.3818341946e-3
25.856122,6.6853896901e2,-3.8121898581e-4,5.4483117596e1,6.4241883937e-1,2.5011104299e-12,8.7165972218e-9,6.6853894296e2,-4.0790623908e-4,1.4370778975e1,5.7711389888e-1,1.2490284622e-3,9.7526935861e-8,6.6851603345e2,-1.7658458054e-2,3.6740870580e0,3.5314861061e-1,2.6261185067e-1,4.2917859682e-3
25.957143,6.7377316704e2,-3.7819920775e-4,5.4901853437e1,6.4260207746e-1,2.5011104299e-12,8.7165972218e-9,6.7377314168e2,-4.0438395671e-4,1.4475462947e1,5.7773835249e-1,1.1853333436e-3,8.7806256488e-8,6.7375118587e2,-1.7299940388e-2,3.6950273703e0,3.5464710181e-1,2.5987706601e-1,4.2032387137e-3
26.058163,6.7902777530e2,-3.7521541550e-4,5.5322222097e1,6.4278326563e-1,7.2759576142e-12,8.6729414761e-9,6.7902775060e2,-4.0091193866e-4,1.4580555122e1,5.7835655412e-1,1.1246568507e-3,7.9016899690e-8,6.7900543282e2,-1.6948107935e-2,3.7160440618e0,3.5613721346e-1,2.5716026325e-1,4.1161760892e-3
26.159184,6.8430279379e2,-3.7226703547e-4,5.5744223576e1,6.4296243406e-1,1.5916157281e-12,8.6729414761e-9,6.8430276973e2,-3.9748897296e-4,1.4686055502e1,5.7896858315e-1,1.0668685554e-3,7.1129761636e-8,6.8428131690e2,-1.6601577782e-2,3.7371473034e0,3.5761968810e-1,2.5446147497e-1,4.0305817238e-3
26.260204,6.8959822253e2,-3.6935350558e-4,5.6167857873e1,6.4313961237e-1,3.1832314562e-12,8.6438376456e-9,6.8959819907e2,-3.9411389900e-4,1.4791964086e1,5.7957451779e-1,1.0118430575e-3,6.3955667429e-8,6.8957646757e2,-1.6261496175e-2,3.7583276128e0,3.5909388043e-1,2.5178073129e-1,3.9464392175e-3
26.361224,6.9491406149e2,-3.6647427490e-4,5.6593124989e1,6.4331482965e-1,5.6843418861e-13,8.7020453066e-9,6.9491403861e2,-3.9078560431e-4,1.4898280874e1,5.8017443506e-1,9.5945978421e-4,5.7538272813e-8,6.9489259786e2,-1.5926923735e-2,3.7795918422e0,3.6056029190e-1,2.4911805987e-1,3.8637321995e-3
26.462245,7.0025031070e2,-3.6362880344e-4,5.7020024925e1,6.4348811446e-1,4.4337866711e-12,8.7020453066e-9,7.0025028837e2,-3.8750302163e-4,1.5005005867e1,5.8076841085e-1,9.0960270916e-4,5.1746610552e-8,7.0022913730e2,-1.5598083351e-2,3.8009377097e0,3.6201878565e-1,2.4647348571e-1,3.7824442406e-3
26.563265,7.0560697014e2,-3.6081656188e-4,5.7448557679e1,6.4365949485e-1,2.9558577808e-12,8.7602529675e-9,7.0560694834e2,-3.8426512623e-4,1.5112139064e1,5.8135651992e-1,8.6216039642e-4,4.6478817239e-8,7.0558608481e2,-1.5274908114e-2,3.8223652112e0,3.6346938475e-1,2.4384703160e-1,3.7025588972e-3
26.664286,7.1098403982e2,-3.5803703128e-4,5.7878723252e1,6.4382899837e-1,5.6843418861e-12,8.7165972218e-9,7.1098401852e2,-3.8107093335e-4,1.5219680465e1,5.8193883592e-1,8.1702575733e-4,4.1749444790e-8,7.1096344120e2,-1.4957330211e-2,3.8438743498e0,3.6491211337e-1,2.4123871760e-1,3.6240598274e-3
26.765306,7.1638151973e2,-3.5528970290e-4,5.8310521644e1,6.4399665207e-1,2.2737367544e-12,8.6147338152e-9,7.1638149892e2,-3.7791949586e-4,1.5327630071e1,5.8251543141e-1,7.7409595076e-4,3.7456629798e-8,7.1636120633e2,-1.4645282367e-2,3.8654651251e0,3.6634699602e-1,2.3864856152e-1,3.5469304567e-3
26.866327,7.2179940988e2,-3.5257407789e-4,5.8743952855e1,6.4416248253e-1,8.0717654782e-12,8.6874933913e-9,7.2179938954e2,-3.7480990203e-4,1.5435987881e1,5.8308637788e-1,7.3327216330e-4,3.3614924178e-8,7.2177937980e2,-1.4338697517e-2,3.8871375355e0,3.6777405768e-1,2.3607657875e-1,3.4711544286e-3
26.967347,7.2723771027e2,-3.4988966710e-4,5.9179016885e1,6.4432651585e-1,8.2991391537e-12,8.7020453066e-9,7.2723769038e2,-3.7174127353e-4,1.5544753896e1,5.8365174576e-1,6.9445953750e-4,3.0180672184e-8,7.2721796143e2,-1.4037508573e-2,3.9088915803e0,3.6919332391e-1,2.3352278224e-1,3.3967154159e-3
27.068367,7.3269642089e2,-3.4723599084e-4,5.9615713734e1,6.4448877768e-1,2.6147972676e-12,8.7311491370e-9,7.3269640143e2,-3.6871276353e-4,1.5653928115e1,5.8421160444e-1,6.5756708091e-4,2.7124769986e-8,7.3267695169e2,-1.3741648294e-2,3.9307272615e0,3.7060482097e-1,2.3098718260e-1,3.3235968731e-3
27.169388,7.3817554176e2,-3.4461257866e-4,6.0054043402e1,6.4464929320e-1,3.1832314562e-12,8.6729414761e-9,7.3817552271e2,-3.6572355489e-4,1.5763510539e1,5.8476602231e-1,6.2250743940e-4,2.4214386940e-8,7.3815635030e2,-1.3451049908e-2,3.9526445780e0,3.7200857541e-1,2.2846978821e-1,3.2517825894e-3
27.270408,7.4367507286e2,-3.4201896915e-4,6.0494005889e1,6.4480808716e-1,1.5916157281e-12,8.7020453066e-9,7.4367505421e2,-3.6277285857e-4,1.5873501167e1,5.8531506673e-1,5.8919682363e-4,2.1682353690e-8,7.4365615737e2,-1.3165646645e-2,3.9746435302e0,3.7340461435e-1,2.2597060501e-1,3.1812561501e-3
27.371429,7.4919501419e2,-3.3945470970e-4,6.0935601195e1,6.4496518389e-1,1.5916157281e-12,8.7311491370e-9,7.4919499593e2,-3.5985991202e-4,1.5983899999e1,5.8585880408e-1,5.5755483925e-4,1.9412254915e-8,7.4917637253e2,-1.2885372119e-2,3.9967241167e0,3.7479296523e-1,2.2348963665e-1,3.1120011699e-3
27.472449,7.5473536577e2,-3.3691935634e-4,6.1378829320e1,6.4512060727e-1,1.8189894035e-12,8.6729414761e-9,7.5473534788e2,-3.5698397786e-4,1.6094707037e1,5.8639729979e-1,5.2750446287e-4,1.7374986783e-8,7.5471699630e2,-1.2610159747e-2,4.0188863396e0,3.7617365619e-1,2.2102688471e-1,3.0440015253e-3
27.573469,7.6029612758e2,-3.3441247349e-4,6.1823690264e1,6.4527438078e-1,1.5916157281e-12,8.7020453066e-9,7.6029611005e2,-3.5414434247e-4,1.6205922279e1,5.8693061831e-1,4.9897189626e-4,1.5570549294e-8,7.6027802798e2,-1.2339943707e-2,4.0411301962e0,3.7754671545e-1,2.1858234830e-1,2.9772408307e-3
27.674490,7.6587729963e2,-3.3193363381e-4,6.2270184027e1,6.4542652750e-1,8.1854523160e-12,8.7020453066e-9,7.6587728245e2,-3.5134031476e-4,1.6317545725e1,5.8745882316e-1,4.7188629230e-4,1.3940734789e-8,7.6585946790e2,-1.2074657940e-2,4.0634556878e0,3.7891217190e-1,2.1615602444e-1,2.9117031081e-3
27.775510,7.7147888192e2,-3.2948241801e-4,6.2718310610e1,6.4557707009e-1,9.0949470177e-13,8.6729414761e-9,7.7147886507e2,-3.4857122505e-4,1.6429577376e1,5.8798197693e-1,4.4617988556e-4,1.2456439435e-8,7.7146150533e2,-1.1814155870e-2,4.0858635715e0,3.8027010041e-1,2.1374790795e-1,2.8473720886e-3
27.876531,7.7710087444e2,-3.2705841464e-4,6.3168070011e1,6.4572603083e-1,3.5242919694e-12,8.7311491370e-9,7.7710085792e2,-3.4583642396e-4,1.6542017232e1,5.8850014132e-1,4.2178779552e-4,1.1117663234e-8,7.7708357251e2,-1.1558614874e-2,4.1083515763e0,3.8162039351e-1,2.1135799153e-1,2.7842316777e-3
27.977551,7.8274327721e2,-3.2466121995e-4,6.3619462231e1,6.4587343163e-1,4.8885340220e-12,8.6729414761e-9,7.8274326100e2,-3.4313528142e-4,1.6654865292e1,5.8901337710e-1,3.9864777705e-4,9.9244061857e-9,7.8272623678e2,-1.1307727250e-2,4.1309219716e0,3.8296321804e-1,2.0898626568e-1,2.7222659264e-3
28.078571,7.8840609021e2,-3.2229043767e-4,6.4072487271e1,6.4601929401e-1,4.2064129957e-12,8.7020453066e-9,7.8840607431e2,-3.4046718572e-4,1.6768121556e1,5.8952174419e-1,3.7670037705e-4,8.8766682893e-9,7.8838930932e2,-1.1061508926e-2,4.1535740022e0,3.8429855869e-1,2.0663271883e-1,2.6614588860e-3
28.179592,7.9408931345e2,-3.1994567889e-4,6.4527145129e1,6.4616363913e-1,5.6843418861e-12,8.6147338152e-9,7.9408929785e2,-3.3783154266e-4,1.6881786026e1,5.9002530163e-1,3.5588862204e-4,7.9162418842e-9,7.9407321426e2,-1.0819722052e-2,4.1763093645e0,3.8562654470e-1,2.0429733727e-1,2.6017946948e-3
28.280612,7.9979294693e2,-3.1762656187e-4,6.4983435807e1,6.4630648779e-1,2.8421709430e-12,8.7311491370e-9,7.9979293162e2,-3.3522777471e-4,1.6995858700e1,5.9052410763e-1,3.3615810003e-4,7.0722308010e-9,7.9977667829e2,-1.0582822847e-2,4.1991229655e0,3.8694691070e-1,2.0198010532e-1,2.5432575494e-3
28.381633,8.0551699065e2,-3.1533271190e-4,6.5441359304e1,6.4644786043e-1,3.5242919694e-12,8.7311491370e-9,8.0551697562e2,-3.3265532024e-4,1.7110339579e1,5.9101821954e-1,3.1745657691e-4,6.3155312091e-9,8.0550134220e2,-1.0350080272e-2,4.2220213681e0,3.8826006807e-1,1.9968100520e-1,2.4858315883e-3
28.482653,8.1126144461e2,-3.1306376111e-4,6.5900915619e1,6.4658777717e-1,7.2759576142e-12,8.6438376456e-9,8.1126142984e2,-3.3011363281e-4,1.7225228662e1,5.9150769388e-1,2.9973434914e-4,5.6461431086e-9,8.1124586120e2,-1.0121972780e-2,4.2449991934e0,3.8956573888e-1,1.9740001715e-1,2.4295012408e-3
28.583673,8.1702630881e2,-3.1081934835e-4,6.6362104754e1,6.4672625776e-1,9.0949470177e-13,8.6729414761e-9,8.1702629430e2,-3.2760218052e-4,1.7340525950e1,5.9199258638e-1,2.8294367701e-4,5.0349626690e-9,8.1701149922e2,-9.8979362815e-3,4.2680614970e0,3.9086424178e-1,1.9513711944e-1,2.3742509657e-3
28.684694,8.2281158324e2,-3.0859911904e-4,6.6824926708e1,6.4686332163e-1,3.2969182939e-12,8.7020453066e-9,8.2281156900e2,-3.2512044535e-4,1.7456231443e1,5.9247295197e-1,2.6703914739e-4,4.4528860599e-9,8.2279631302e2,-9.6786674948e-3,4.2912005061e0,3.9215517251e-1,1.9289228838e-1,2.3200652795e-3
28.785714,8.2861726792e2,-3.0640272501e-4,6.7289381482e1,6.4699898789e-1,7.9580786405e-13,8.7020453066e-9,8.2861725392e2,-3.2266792258e-4,1.7572345140e1,5.9294884479e-1,2.5197714319e-4,3.9290171117e-9,8.2860224163e2,-9.4633479202e-3,4.3144239767e0,3.9343899779e-1,1.9066549831e-1,2.2669287282e-3
28.886735,8.3444336283e2,-3.0422982437e-4,6.7755469074e1,6.4713327534e-1,5.6843418861e-13,8.6729414761e-9,8.3444334908e2,-3.2024412026e-4,1.7688867042e1,5.9342031819e-1,2.3771616588e-4,3.4924596548e-9,8.3442857758e2,-9.2521917635e-3,4.3377290790e0,3.9471559138e-1,1.8845672179e-1,2.2148260323e-3
28.987755,8.4028986798e2,-3.0208008138e-4,6.8223189486e1,6.4726620244e-1,2.5011104299e-12,8.6438376456e-9,8.4028985447e2,-3.1784855866e-4,1.7805797149e1,5.9388742480e-1,2.2421654364e-4,3.0850060284e-9,8.4027532179e2,-9.0451371110e-3,4.3611158167e0,3.9598498613e-1,1.8626592929e-1,2.1637419704e-3
29.088776,8.4615678337e2,-2.9995316631e-4,6.8692542716e1,6.4739778738e-1,3.7516656448e-12,8.7311491370e-9,8.4615677009e2,-3.1548076982e-4,1.7923135460e1,5.9435021646e-1,2.1144043023e-4,2.7939677238e-9,8.4614247443e2,-8.8421227690e-3,4.3845841906e0,3.9724721493e-1,1.8409308960e-1,2.1136614087e-3
29.189796,8.5204410901e2,-2.9784875530e-4,6.9163528766e1,6.4752804801e-1,4.3200998334e-12,8.6729414761e-9,8.5204409594e2,-3.1314029704e-4,1.8040881977e1,5.9480874431e-1,1.9935157115e-4,2.5320332497e-9,8.5203003324e2,-8.6430888714e-3,4.4081341914e0,3.9850231033e-1,1.8193816974e-1,2.0645694167e-3
29.290816,8.5795184488e2,-2.9576653026e-4,6.9636147635e1,6.4765700192e-1,8.0717654782e-12,8.7020453066e-9,8.5795183204e2,-3.1082669450e-4,1.8159036697e1,5.9526305874e-1,1.8791551975e-4,2.2118911147e-9,8.5793800174e2,-8.4479738551e-3,4.4317658334e0,3.9975030630e-1,1.7980113476e-1,2.0164510061e-3
29.391837,8.6387999099e2,-2.9370617873e-4,7.0110399324e1,6.4778466640e-1,2.2737367544e-13,8.6729414761e-9,8.6387997836e2,-3.0853952682e-4,1.8277599623e1,5.9571320945e-1,1.7709941881e-4,1.9208528101e-9,8.6386637774e2,-8.2567187131e-3,4.4554791078e0,4.0099123575e-1,1.7768194808e-1,1.9692913629e-3
29.492857,8.6982854734e2,-2.9166739376e-4,7.0586283831e1,6.4791105844e-1,3.7516656448e-12,8.6438376456e-9,8.6982853492e2,-3.0627836870e-4,1.8396570753e1,5.9615924543e-1,1.6687176924e-4,1.7753336579e-9,8.6981516110e2,-8.0692641295e-3,4.4792740140e0,4.0222513221e-1,1.7558057126e-1,1.9230758189e-3
29.593878,8.7579751393e2,-2.8964987378e-4,7.1063801158e1,6.4803619479e-1,8.7538865046e-12,8.6729414761e-9,8.7579750171e2,-3.0404280453e-4,1.8515950088e1,5.9660121497e-1,1.5720265856e-4,1.5425030142e-9,8.7578454602e2,-7.8854838052e-3,4.5031513289e0,4.0345206910e-1,1.7349696427e-1,1.8777898513e-3
29.694898,8.8178689076e2,-2.8765332253e-4,7.1542951304e1,6.4816009189e-1,9.8907548818e-12,8.7311491370e-9,8.8178687874e2,-3.0183242809e-4,1.8635737628e1,5.9703916569e-1,1.4806362219e-4,1.3969838619e-9,8.8177395153e2,-7.7055209912e-3,4.5271087286e0,4.0467196133e-1,1.7143108533e-1,1.8334189081e-3
29.795918,8.8779667783e2,-2.8567744890e-4,7.2023734269e1,6.4828276594e-1,1.4779288904e-12,8.6438376456e-9,8.8779666601e2,-2.9964684217e-4,1.8755933372e1,5.9747314455e-1,1.3942742476e-4,1.2223608792e-9,8.8778457605e2,-7.5289068523e-3,4.5511510067e0,4.0588508588e-1,1.6938289093e-1,1.7899485829e-3
29.896939,8.9382687514e2,-2.8372196685e-4,7.2506150053e1,6.4840423287e-1,4.4337866711e-12,8.6147338152e-9,8.9382686351e2,-2.9748565833e-4,1.8876537322e1,5.9790319785e-1,1.3126812405e-4,1.0477378964e-9,8.9381437341e2,-7.3562789557e-3,4.5752699788e0,4.0709106481e-1,1.6735233607e-1,1.7473649350e-3
29.997959,8.9987748270e2,-2.8178659529e-4,7.2990198656e1,6.4852450834e-1,4.5474735089e-13,8.7311491370e-9,8.9987747125e2,-2.9534849655e-4,1.8997549475e1,5.9832937123e-1,1.2356114075e-4,8.7311491370e-10,8.9986519568e2,-7.1869527294e-3,4.5994730529e0,4.0829030455e-1,1.6533937405e-1,1.7056534416e-3
30.098980,9.0594850049e2,-2.7987105798e-4,7.3475880079e1,6.4864360777e-1,5.6843418861e-13,8.7020453066e-9,9.0594848922e2,-2.9323498499e-4,1.9118969834e1,5.9875170972e-1,1.1628289042e-4,9.0221874416e-10,9.0593642631e2,-7.0210806822e-3,4.6237577628e0,4.0948271544e-1,1.6334395657e-1,1.6648002493e-3
30.200000,9.1203992852e2,-2.7797508344e-4,7.3963194321e1,6.4876154635e-1,3.8653524825e-12,8.6729414761e-9,9.1203991743e2,-2.9114475974e-4,1.9240798398e1,5.9917025770e-1,1.0941104927e-4,7.8580342233e-10,9.1202806446e2,-6.8586071645e-3,4.6481241053e0,4.1066833167e-1,1.6136603386e-1,1.6247916210e-3
30.301020,9.1815176679e2,-2.7609840484e-4,7.4452141382e1,6.4887833899e-1,2.2737367544e-12,8.6147338152e-9,9.1815175587e2,-2.8907746451e-4,1.9363035166e1,5.9958505893e-1,1.0292422485e-4,6.6938810050e-10,9.1813956207e2,-6.6996515653e-3,4.6725698882e0,4.1184708240e-1,1.5940555455e-1,1.5856137034e-3
30.402041,9.2428401530e2,-2.7424075991e-4,7.4942721263e1,6.4899400041e-1,1.1368683772e-13,8.7311491370e-9,9.2428400456e2,-2.8703275048e-4,1.9485680139e1,5.9999615660e-1,9.6802312669e-5,5.8207660913e-10,9.2427256428e2,-6.5436343159e-3,4.6971016917e0,4.1301931814e-1,1.5746246578e-1,1.5472527884e-3
30.503061,9.3043667406e2,-2.7240189085e-4,7.5434933963e1,6.4910854504e-1,4.8885340220e-12,8.6729414761e-9,9.3043666348e2,-2.8501027602e-4,1.9608733316e1,6.0040359326e-1,9.1025926736e-5,4.3655745685e-10,9.3042542556e2,-6.3910258641e-3,4.7217129341e0,4.1418475737e-1,1.5553671327e-1,1.5096955467e-3
30.604082,9.3660974305e2,-2.7058154420e-4,7.5928779482e1,6.4922198714e-1,5.6843418861e-12,8.6729414761e-9,9.3660973263e2,-2.8300970646e-4,1.9732194699e1,6.0080741089e-1,8.5576753804e-5,4.0745362639e-10,9.3659869479e2,-6.2415973331e-3,4.7464058108e0,4.1534354014e-1,1.5362824125e-1,1.4729284158e-3
30.705102,9.4280322229e2,-2.6877947083e-4,7.6424257820e1,6.4933434070e-1,6.7075234256e-12,8.7602529675e-9,9.4280321203e2,-2.8103071394e-4,1.9856064286e1,6.0120765091e-1,8.0437371480e-5,4.0745362639e-10,9.4279203539e2,-6.0953976268e-3,4.7711789755e0,4.1649563877e-1,1.5173699250e-1,1.4369383862e-3
30.806122,9.4901711176e2,-2.6699542577e-4,7.6921368978e1,6.4944561951e-1,3.0695446185e-12,8.7311491370e-9,9.4901710166e2,-2.7907297719e-4,1.9980342078e1,6.0160435415e-1,7.5591195923e-5,3.2014213502e-10,9.4900645716e2,-5.9520674322e-3,4.7960364671e0,4.1764127503e-1,1.4986290850e-1,1.4017122448e-3
30.907143,9.5525141148e2,-2.6522916818e-4,7.7420112954e1,6.4955583715e-1,3.6379788071e-12,8.7020453066e-9,9.5525140153e2,-2.7713618134e-4,2.0105028074e1,6.0199756088e-1,7.1022493898e-5,2.9103830457e-10,9.5524083614e2,-5.8118949290e-3,4.8209737901e0,4.1878027581e-1,1.4800592926e-1,1.3672369532e-3
31.008163,9.6150612143e2,-2.6348046125e-4,7.7920489750e1,6.4966500697e-1,8.2991391537e-12,8.6147338152e-9,9.6150611164e2,-2.7522001773e-4,2.0230122276e1,6.0238731082e-1,6.6716332299e-5,2.9103830457e-10,9.6149553958e2,-5.6747160496e-3,4.8459924135e0,4.1991274432e-1,1.4616599350e-1,1.3334997348e-3
31.109184,9.6778124163e2,-2.6174907211e-4,7.8422499366e1,6.4977314212e-1,5.1159076975e-12,8.6729414761e-9,9.6778123198e2,-2.7332418375e-4,2.0355624682e1,6.0277364316e-1,6.2658448769e-5,2.9103830457e-10,9.6777115826e2,-5.5403081782e-3,4.8710947002e0,4.2103882131e-1,1.4434303859e-1,1.3004878419e-3
31.210204,9.7407677207e2,-2.6003477175e-4,7.8926141801e1,6.4988025556e-1,8.9812601800e-12,8.6438376456e-9,9.7407676256e2,-2.7144838271e-4,2.0481535293e1,6.0315659654e-1,5.8835384039e-5,2.0372681320e-10,9.7406691214e2,-5.4088487569e-3,4.8962775301e0,4.2215840098e-1,1.4253700074e-1,1.2681888184e-3
31.311224,9.8039271275e2,-2.5833733496e-4,7.9431417054e1,6.4998636002e-1,4.4337866711e-12,8.6438376456e-9,9.8039270338e2,-2.6959232362e-4,2.0607854109e1,6.0353620908e-1,5.5234312185e-5,1.7462298274e-10,9.8038299817e2,-5.2802293730e-3,4.9215416911e0,4.2327155400e-1,1.4074781471e-1,1.2365899747e-3
31.412245,9.8672906367e2,-2.5665654026e-4,7.9938325128e1,6.5009146806e-1,6.3664629124e-12,8.7311491370e-9,9.8672905444e2,-2.6775572107e-4,2.0734581130e1,6.0391251839e-1,5.1843019719e-5,1.7462298274e-10,9.8671952994e2,-5.1543682115e-3,4.9468876375e0,4.2437833528e-1,1.3897541414e-1,1.2056793203e-3
31.513265,9.9308582484e2,-2.5499216980e-4,8.0446866020e1,6.5019559204e-1,3.7516656448e-12,8.7311491370e-9,9.9308581574e2,-2.6593829510e-4,2.0861716355e1,6.0428556155e-1,4.8650028589e-5,1.7462298274e-10,9.9307646938e2,-5.0312272636e-3,4.9723152169e0,4.2547877286e-1,1.3721973148e-1,1.1754445441e-3
31.614286,9.9946299624e2,-2.5334400928e-4,8.0957039732e1,6.5029874411e-1,1.1368683772e-12,8.7602529675e-9,9.9946298728e2,-2.6413977105e-4,2.0989259785e1,6.0465537517e-1,4.5644387569e-5,1.4551915228e-10,9.9945286466e2,-4.9110162525e-3,4.9978206224e0,4.2657273889e-1,1.3548069795e-1,1.1458736844e-3
31.715306,1.0058605779e3,-2.5171184793e-4,8.1468846263e1,6.5040093627e-1,2.1600499167e-12,8.7020453066e-9,1.0058605691e3,-2.6235987941e-4,2.1117211420e1,6.0502199533e-1,4.2815691813e-5,1.4551915228e-10,1.0058515717e3,-4.7929132539e-3,5.0234152769e0,4.2766075609e-1,1.3375824360e-1,1.1169547506e-3
31.816327,1.0122785698e3,-2.5009547839e-4,8.1982285614e1,6.5050218031e-1,8.0717654782e-12,8.7020453066e-9,1.0122785611e3,-2.6059835569e-4,2.1245571260e1,6.0538545766e-1,4.0154137878e-5,1.7462298274e-10,1.0122697350e3,-4.6776451827e-3,5.0490877590e0,4.2874237128e-1,1.3205229735e-1,1.0886761593e-3
31.917347,1.0187169719e3,-2.4849469669e-4,8.2497357784e1,6.5060248784e-1,8.7538865046e-12,8.7020453066e-9,1.0187169633e3,-2.5885494033e-4,2.1374339304e1,6.0574579727e-1,3.7650319655e-5,5.8207660913e-11,1.0187083059e3,-4.5649075646e-3,5.0748418737e0,4.2981778169e-1,1.3036278710e-1,1.0610261525e-3
32.018367,1.0251757843e3,-2.4690930213e-4,8.3014062773e1,6.5070187031e-1,6.5938365879e-12,8.6147338152e-9,1.0251757758e3,-2.5712937855e-4,2.1503515554e1,6.0610304884e-1,3.5295392081e-5,5.8207660913e-11,1.0251672847e3,-4.4546542472e-3,5.1006776227e0,4.3088702206e-1,1.2868963957e-1,1.0339932633e-3
32.119388,1.0316550069e3,-2.4533909725e-4,8.3532400582e1,6.5080033899e-1,3.1832314562e-12,8.6147338152e-9,1.0316549985e3,-2.5542142025e-4,2.1633100008e1,6.0645724657e-1,3.3081094443e-5,5.8207660913e-11,1.0316466711e3,-4.3468398589e-3,5.1265950046e0,4.3195012695e-1,1.2703278049e-1,1.0075663449e-3
32.220408,1.0381546397e3,-2.4378388778e-4,8.4052371210e1,6.5089790498e-1,2.9558577808e-12,8.9057721198e-9,1.0381546315e3,-2.5373081985e-4,2.1763092667e1,6.0680842419e-1,3.0999292221e-5,5.8207660913e-11,1.0381464658e3,-4.2414193682e-3,5.1525940216e0,4.3300713103e-1,1.2539213453e-1,9.8173413426e-4
32.321429,1.0446746828e3,-2.4224348254e-4,8.4573974657e1,6.5099457921e-1,2.2737367544e-13,8.8475644588e-9,1.0446746747e3,-2.5205733628e-4,2.1893493530e1,6.0715661499e-1,2.9042605092e-5,5.8207660913e-11,1.0446672569e3,-4.1382027805e-3,5.1786770265e0,4.3405816323e-1,1.2376762541e-1,9.5648557181e-4
32.422449,1.0512151362e3,-2.4071769342e-4,8.5097210923e1,6.5109037244e-1,5.0022208598e-12,8.8475644588e-9,1.0512151282e3,-2.5040073276e-4,2.2024302599e1,6.0750185183e-1,2.7203895115e-5,-5.8207660913e-11,1.0512072788e3,-4.0375835920e-3,5.2048369574e0,4.3510297461e-1,1.2215917579e-1,9.3180977274e-4
32.523469,1.0577759997e3,-2.3920633527e-4,8.5622080009e1,6.5118529529e-1,3.4106051316e-12,8.7311491370e-9,1.0577759919e3,-2.4876077680e-4,2.2155519872e1,6.0784416710e-1,2.5476369274e-5,0.0000000000e0,1.0577682969e3,-3.9390814103e-3,5.2310808753e0,4.3614188295e-1,1.2056670744e-1,9.0769579401e-4
32.624490,1.0643572736e3,-2.3770922590e-4,8.6148581914e1,6.5127935821e-1,1.1823431123e-11,8.7311491370e-9,1.0643572658e3,-2.4713724003e-4,2.2287145350e1,6.0818359281e-1,2.3853668381e-5,1.1641532183e-10,1.0643497234e3,-3.8427992355e-3,5.2574064287e0,4.3717482822e-1,1.1899014120e-1,8.8413327467e-4
32.725510,1.0709589576e3,-2.3622618600e-4,8.6676716639e1,6.5137257147e-1,5.2295945352e-12,8.6729414761e-9,1.0709589500e3,-2.4552989813e-4,2.2419179033e1,6.0852016050e-1,2.2329774538e-5,5.8207660913e-11,1.0709509452e3,-3.7488390265e-3,5.2838111660e0,4.3820174974e-1,1.1742939693e-1,8.6111156270e-4
32.826531,1.0775810519e3,-2.3475703908e-4,8.7206484183e1,6.5146494524e-1,8.8675733423e-12,8.6729414761e-9,1.0775810444e3,-2.4393853076e-4,2.2551620921e1,6.0885390132e-1,2.0898989078e-5,-5.8207660913e-11,1.0775737996e3,-3.6567275916e-3,5.3103024359e0,4.3922296635e-1,1.1588439378e-1,8.3862052998e-4
32.927551,1.0842235565e3,-2.3330161141e-4,8.7737884546e1,6.5155648950e-1,5.2295945352e-12,8.7311491370e-9,1.0842235490e3,-2.4236292143e-4,2.2684471014e1,6.0918484600e-1,1.9555886638e-5,0.0000000000e0,1.0842164500e3,-3.5668556104e-3,5.3368728917e0,4.4023822760e-1,1.1435504993e-1,8.1664975733e-4
33.028571,1.0908864713e3,-2.3185973200e-4,8.8270917729e1,6.5164721408e-1,2.2737367544e-12,8.6147338152e-9,1.0908864639e3,-2.4080285744e-4,2.2817729311e1,6.0951302488e-1,1.8295314931e-5,0.0000000000e0,1.0908771642e3,-3.4795681847e-3,5.3635156060e0,4.4124730867e-1,1.1284128272e-1,7.9518905841e-4
33.129592,1.0975697963e3,-2.3043123250e-4,8.8805583731e1,6.5173712870e-1,2.9558577808e-12,8.7311491370e-9,1.0975697891e3,-2.3925812981e-4,2.2951395813e1,6.0983846787e-1,1.7112547539e-5,0.0000000000e0,1.0975629743e3,-3.3932376949e-3,5.3902587047e0,4.4225130459e-1,1.1134300867e-1,7.7422917821e-4
33.230612,1.1042735316e3,-2.2901594719e-4,8.9341882553e1,6.5182624291e-1,2.5011104299e-12,8.6729414761e-9,1.1042735244e3,-2.3772853313e-4,2.3085470520e1,6.1016120452e-1,1.6002991742e-5,-5.8207660913e-11,1.1042668480e3,-3.3094127980e-3,5.4170740608e0,4.4324918811e-1,1.0986014373e-1,7.5375952292e-4
33.331633,1.1109976771e3,-2.2761371294e-4,8.9879814194e1,6.5191456612e-1,4.0927261580e-12,8.6147338152e-9,1.1109976700e3,-2.3621386558e-4,2.3219953432e1,6.1048126399e-1,1.4962312889e-5,1.1641532183e-10,1.1109911305e3,-3.2275252799e-3,5.4439710541e0,4.4424134689e-1,1.0839260277e-1,7.3377077933e-4
33.432653,1.1177422328e3,-2.2622436911e-4,9.0419378654e1,6.5200210762e-1,2.5011104299e-12,8.7893567979e-9,1.1177422259e3,-2.3471392878e-4,2.3354844549e1,6.1079867504e-1,1.3986435079e-5,5.8207660913e-11,1.1177358211e3,-3.1475371799e-3,5.4709496817e0,4.4522781450e-1,1.0694030018e-1,7.1425369242e-4
33.533673,1.1245071988e3,-2.2484775754e-4,9.0960575934e1,6.5208887655e-1,3.1832314562e-12,8.7893567979e-9,1.1245071920e3,-2.3322852773e-4,2.3490143870e1,6.1111346608e-1,1.3071575040e-5,5.8207660913e-11,1.1245009193e3,-3.0694109971e-3,5.4980099423e0,4.4620862449e-1,1.0550314952e-1,6.9519830868e-4
33.634694,1.1312925751e3,-2.2348372251e-4,9.1503406033e1,6.5217488192e-1,7.5033312896e-12,8.4983184934e-9,1.1312925683e3,-2.3175747075e-4,2.3625851396e1,6.1142566513e-1,1.2214038861e-5,-5.8207660913e-11,1.1312864260e3,-2.9931095490e-3,5.5251518389e0,4.4718381046e-1,1.0408106381e-1,6.7659595516e-4
33.735714,1.1380983616e3,-2.2213211068e-4,9.2047868951e1,6.5226013262e-1,6.3664629124e-12,8.7311491370e-9,1.1380983549e3,-2.3030056941e-4,2.3761967127e1,6.1173529987e-1,1.1410411162e-5,5.8207660913e-11,1.1380924384e3,-2.9185764027e-3,5.5523757601e0,4.4815341957e-1,1.0267395515e-1,6.5843731863e-4
33.836735,1.1449245583e3,-2.2079277104e-4,9.2593964689e1,6.5234463739e-1,4.5474735089e-13,8.7311491370e-9,1.1449245517e3,-2.2885763846e-4,2.3898491063e1,6.1204239759e-1,1.0657511666e-5,-1.1641532183e-10,1.1449186634e3,-2.8458358117e-3,5.5796805344e0,4.4911744356e-1,1.0128173525e-1,6.4071355155e-4
33.937755,1.1517711653e3,-2.1946555488e-4,9.3141693246e1,6.5242840487e-1,1.5916157281e-12,8.7893567979e-9,1.1517711588e3,-2.2742849574e-4,2.4035423204e1,6.1234698527e-1,9.9522703749e-6,-5.8207660913e-11,1.1517653916e3,-2.7747927002e-3,5.6070673234e0,4.5007595680e-1,9.9904315116e-2,6.2341539888e-4
34.038776,1.1586381825e3,-2.1815031576e-4,9.3691054623e1,6.5251144357e-1,4.7748471843e-12,8.5565261543e-9,1.1586381761e3,-2.2601296214e-4,2.4172763550e1,6.1264908950e-1,9.2917821348e-6,-5.8207660913e-11,1.1586325335e3,-2.7054306513e-3,5.6345357691e0,4.5102897966e-1,9.8541605113e-2,6.0653476976e-4
34.139796,1.1655256099e3,-2.1684690943e-4,9.4242048819e1,6.5259376186e-1,1.3642420527e-11,8.8475644588e-9,1.1655256036e3,-2.2461086155e-4,2.4310512100e1,6.1294873657e-1,8.6733248281e-6,5.8207660913e-11,1.1655200798e3,-2.6377172007e-3,5.6620858345e0,4.5197654377e-1,9.7193515119e-2,5.9006287483e-4
34.240816,1.1724334476e3,-2.1555519383e-4,9.4794675834e1,6.5267536801e-1,8.1854523160e-12,8.6729414761e-9,1.1724334414e3,-2.2322202075e-4,2.4448668855e1,6.1324595238e-1,8.0944594174e-6,1.1641532183e-10,1.1724280377e3,-2.5716171650e-3,5.6897175481e0,4.5291868297e-1,9.5859954432e-2,5.7399080833e-4
34.341837,1.1793616956e3,-2.1427502902e-4,9.5348935669e1,6.5275627016e-1,8.4128259914e-12,8.3236955106e-9,1.1793616894e3,-2.2184626938e-4,2.4587233815e1,6.1354076256e-1,7.5526056662e-6,0.0000000000e0,1.1793564004e3,-2.5070985873e-3,5.7174308831e0,4.5385542905e-1,9.4540831805e-2,5.5831106147e-4
34.442857,1.1863103538e3,-2.1300627717e-4,9.5904828323e1,6.5283647635e-1,2.5011104299e-12,8.6729414761e-9,1.1863103477e3,-2.2048343991e-4,2.4726206980e1,6.1383319236e-1,7.0456094363e-6,-1.1641532183e-10,1.1863051727e3,-2.4441278305e-3,5.7452258584e0,4.5478681524e-1,9.3236055532e-2,5.4301507771e-4
34.543878,1.1932794222e3,-2.1174880251e-4,9.6462353797e1,6.5291599449e-1,2.5011104299e-12,8.6147338152e-9,1.1932794162e3,-2.1913336751e-4,2.4865588350e1,6.1412326674e-1,6.5713431923e-6,0.0000000000e0,1.1932743530e3,-2.3826729728e-3,5.7731024680e0,4.5571287382e-1,9.1945533343e-2,5.2809464978e-4
34.644898,1.2002689008e3,-2.1050247127e-4,9.7021512090e1,6.5299483239e-1,7.2759576142e-12,8.6729414761e-9,1.2002688949e3,-2.1779589008e-4,2.5005377924e1,6.1441101034e-1,6.1277601162e-6,-5.8207660913e-11,1.2002601986e3,-2.3233814912e-3,5.8010457410e0,4.5663314599e-1,9.0669172660e-2,5.1354226889e-4
34.745918,1.2072787898e3,-2.0926715169e-4,9.7582303203e1,6.5307299774e-1,1.3642420527e-12,8.7893567979e-9,1.2072787839e3,-2.1647084810e-4,2.5145575704e1,6.1469644746e-1,5.7128524986e-6,-5.8207660913e-11,1.2072730047e3,-2.2643516902e-3,5.8290968571e0,4.5754901597e-1,8.9406880318e-2,4.9934984418e-4
34.846939,1.2143090889e3,-2.0804271394e-4,9.8144727135e1,6.5315049813e-1,2.0463630790e-12,8.6729414761e-9,1.2143090831e3,-2.1515808469e-4,2.5286181688e1,6.1497960213e-1,5.3250498695e-6,0.0000000000e0,1.2143043441e3,-2.2070891806e-3,5.8572221081e0,4.5845940686e-1,8.8158562831e-2,4.8550992506e-4
34.947959,1.2213597983e3,-2.0682903011e-4,9.8708783886e1,6.5322734104e-1,7.0485839387e-12,8.7311491370e-9,1.2213597926e3,-2.1385744545e-4,2.5427195877e1,6.1526049805e-1,4.9625107295e-6,0.0000000000e0,1.2213551580e3,-2.1513858982e-3,5.8854252597e0,4.5936447732e-1,8.6924126252e-2,4.7201488633e-4
35.048980,1.2284309179e3,-2.0562597417e-4,9.9274473457e1,6.5330353386e-1,1.0004441720e-11,8.7893567979e-9,1.2284309123e3,-2.1256877848e-4,2.5568618271e1,6.1553915863e-1,4.6237294100e-6,-1.1641532183e-10,1.2284263800e3,-2.0970451660e-3,5.9137100451e0,4.6026438059e-1,8.5703476281e-2,4.5885721920e-4
35.150000,1.2355224478e3,-2.0443342196e-4,9.9841795847e1,6.5337908385e-1,5.9117155615e-12,8.6729414761e-9,1.2355224423e3,-2.1129193431e-4,2.5710448870e1,6.1581560699e-1,4.3071938762e-6,0.0000000000e0,1.2355180105e3,-2.0440377065e-3,5.9420764669e0,4.6115914845e-1,8.4496518225e-2,4.4602970593e-4
35.251020,1.2426343880e3,-2.0325125109e-4,1.0041075106e2,6.5345399818e-1,4.0927261580e-12,8.6147338152e-9,1.2426343825e3,-2.1002676583e-4,2.5852687673e1,6.1608986595e-1,4.0114916828e-6,-1.1641532183e-10,1.2426300451e3,-1.9923356178e-3,5.9705245066e0,4.6204881188e-1,8.3303157249e-2,4.3352541979e-4
35.352041,1.2497667383e3,-2.0207934100e-4,1.0098133909e2,6.5352828394e-1,2.2737367544e-13,8.5565261543e-9,1.2497667329e3,-2.0877312830e-4,2.5995334682e1,6.1636195805e-1,3.7353572679e-6,0.0000000000e0,1.2497624967e3,-1.9419085588e-3,5.9990542158e0,4.6293340392e-1,8.2123297908e-2,4.2133725947e-4
35.453061,1.2569194989e3,-2.0091757285e-4,1.0155355993e2,6.5360194810e-1,4.3200998334e-12,8.6729414761e-9,1.2569194936e3,-2.0753087923e-4,2.6138389895e1,6.1663190555e-1,3.4775077893e-6,0.0000000000e0,1.2569147652e3,-1.8928260914e-3,6.0276631949e0,4.6381288233e-1,8.0956844678e-2,4.0945794899e-4
35.554082,1.2640926698e3,-1.9976582954e-4,1.0212741360e2,6.5367499754e-1,1.3642420527e-12,8.7893567979e-9,1.2640926645e3,-2.0629987839e-4,2.6281853313e1,6.1689973041e-1,3.2368393477e-6,-5.8207660913e-11,1.2640875581e3,-1.8449439022e-3,6.0563542734e0,4.6468736602e-1,7.9803701656e-2,3.9788114373e-4
35.655102,1.2712862509e3,-1.9862399565e-4,1.0270290009e2,6.5374743904e-1,8.1854523160e-12,8.8475644588e-9,1.2712862457e3,-2.0507998776e-4,2.6425724936e1,6.1716545436e-1,3.0121320833e-6,-5.8207660913e-11,1.2712812345e3,-1.7981795563e-3,6.0851288873e0,4.6555692885e-1,7.8663772819e-2,3.8659962593e-4
35.756122,1.2785002422e3,-1.9749195742e-4,1.0328001940e2,6.5381927930e-1,5.0022208598e-12,8.7893567979e-9,1.2785002371e3,-2.0387107147e-4,2.6570004764e1,6.1742909882e-1,2.8024692256e-6,5.8207660913e-11,1.2784974331e3,-1.7522557079e-3,6.1139935914e0,4.6642179585e-1,7.7536961674e-2,3.7560751662e-4
35.857143,1.2857346438e3,-1.9636960275e-4,1.0385877152e2,6.5389052492e-1,4.5474735089e-13,8.7893567979e-9,1.2857346387e3,-2.0267299577e-4,2.6714692797e1,6.1769068496e-1,2.6069021715e-6,-1.1641532183e-10,1.2857308620e3,-1.7079700983e-3,6.1429272188e0,4.6728136489e-1,7.6423171746e-2,3.6489812192e-4
35.958163,1.2929894556e3,-1.9525682110e-4,1.0443915647e2,6.5396118242e-1,0.0000000000e0,8.6729414761e-9,1.2929894506e3,-2.0148562896e-4,2.6859789034e1,6.1795023369e-1,2.4244561700e-6,1.1641532183e-10,1.2929857593e3,-1.6646372835e-3,6.1719467215e0,4.6813617361e-1,7.5322306271e-2,3.5446492257e-4
36.059184,1.3002646777e3,-1.9415350355e-4,1.0502117424e2,6.5403125822e-1,3.8653524825e-12,8.7893567979e-9,1.3002646727e3,-2.0030884142e-4,2.7005293477e1,6.1820776566e-1,2.2543576961e-6,0.0000000000e0,1.3002587891e3,-1.6227350076e-3,6.2010387562e0,4.6898586102e-1,7.4234268273e-2,3.4430186497e-4
36.160204,1.3075603100e3,-1.9305954270e-4,1.0560482482e2,6.5410075864e-1,3.8653524825e-12,8.6147338152e-9,1.3075603051e3,-1.9914250550e-4,2.7151206124e1,6.1846330125e-1,2.0957213565e-6,-1.1641532183e-10,1.3075567827e3,-1.5812238397e-3,6.2302306468e0,4.6983125240e-1,7.3158960578e-2,3.3440260449e-4
36.261224,1.3148763526e3,-1.9197483270e-4,1.0619010822e2,6.5416968995e-1,1.5916157281e-12,8.7311491370e-9,1.3148763477e3,-1.9798649551e-4,2.7297526976e1,6.1871686062e-1,1.9478982267e-6,5.8207660913e-11,1.3148719214e3,-1.5412372227e-3,6.2594911202e0,4.7067146991e-1,7.2096286075e-2,3.2476161141e-4
36.362245,1.3222128054e3,-1.9089926918e-4,1.0677702445e2,6.5423805832e-1,1.8189894035e-12,8.6147338152e-9,1.3222128006e3,-1.9684068769e-4,2.7444256033e1,6.1896846366e-1,1.8100881789e-6,0.0000000000e0,1.3222107583e3,-1.5017990078e-3,6.2888463873e0,4.7150729650e-1,7.1046147285e-2,3.1537271570e-4
36.463265,1.3295696684e3,-1.8983274925e-4,1.0736557349e2,6.5430586982e-1,6.8212102633e-13,8.6729414761e-9,1.3295696637e3,-1.9570496017e-4,2.7591393294e1,6.1921813001e-1,1.6817252799e-6,5.8207660913e-11,1.3295695994e3,-1.4634242291e-3,6.3182816726e0,4.7233833699e-1,7.0008446744e-2,3.0623009661e-4
36.564286,1.3369469417e3,-1.8877517147e-4,1.0795575535e2,6.5437313045e-1,1.3642420527e-12,8.6729414761e-9,1.3369469370e3,-1.9457919293e-4,2.7738938761e1,6.1946587910e-1,1.5621417333e-6,-1.1641532183e-10,1.3369437319e3,-1.4267381969e-3,6.3477781265e0,4.7316409659e-1,6.8983086885e-2,2.9732822441e-4
36.665306,1.3443446252e3,-1.8772643581e-4,1.0854757004e2,6.5443984615e-1,3.1832314562e-12,8.6729414761e-9,1.3443446206e3,-1.9346326775e-4,2.7886892433e1,6.1971173008e-1,1.4507379547e-6,-5.8207660913e-11,1.3443414914e3,-1.3905533802e-3,6.3773690890e0,4.7398554128e-1,6.7969970057e-2,2.8866139473e-4
36.766327,1.3517627190e3,-1.8668644365e-4,1.0914101754e2,6.5450602275e-1,7.2759576142e-12,8.7311491370e-9,1.3517627144e3,-1.9235706823e-4,2.8035254309e1,6.1995570192e-1,1.3470034901e-6,1.7462298274e-10,1.3517606814e3,-1.3551618960e-3,6.4070457747e0,4.7480245048e-1,6.6968998553e-2,2.8022419428e-4
36.867347,1.3592012230e3,-1.8565509776e-4,1.0973609786e2,6.5457166601e-1,8.6401996668e-12,8.8475644588e-9,1.3592012185e3,-1.9126047967e-4,2.8184024390e1,6.2019781330e-1,1.2504781353e-6,-1.1641532183e-10,1.3592009378e3,-1.3205964360e-3,6.4368067273e0,4.7561481100e-1,6.5980074630e-2,2.7201161720e-4
36.968367,1.3666601373e3,-1.8463230222e-4,1.1033281100e2,6.5463678163e-1,5.2295945352e-12,8.6147338152e-9,1.3666601328e3,-1.9017338915e-4,2.8333202676e1,6.2043808272e-1,1.1605852706e-6,-5.8207660913e-11,1.3666572209e3,-1.2874954408e-3,6.4666317891e0,4.7642210661e-1,6.5003100543e-2,2.6401801733e-4
37.069388,1.3741394618e3,-1.8361796249e-4,1.1093115696e2,6.5470137523e-1,6.8212102633e-13,8.7311491370e-9,1.3741394574e3,-1.8909568537e-4,2.8482789167e1,6.2067652844e-1,1.0769238088e-6,0.0000000000e0,1.3741366152e3,-1.2549046801e-3,6.4965492968e0,4.7722513586e-1,6.4037978494e-2,2.5623809779e-4
37.170408,1.3816391965e3,-1.8261198531e-4,1.1153113574e2,6.5476545233e-1,3.6379788071e-12,8.7893567979e-9,1.3816391922e3,-1.8802725875e-4,2.8632783863e1,6.2091316850e-1,9.9911608231e-7,0.0000000000e0,1.3816364179e3,-1.2231608567e-3,6.5265484394e0,4.7802363353e-1,6.3084610750e-2,2.4866737658e-4
37.271429,1.3891593415e3,-1.8161427871e-4,1.1213274734e2,6.5482901841e-1,1.3642420527e-12,8.6729414761e-9,1.3891593372e3,-1.8696800128e-4,2.8783186763e1,6.2114802071e-1,9.2678715191e-7,0.0000000000e0,1.3891576730e3,-1.1921142576e-3,6.5566333927e0,4.7881773806e-1,6.2142899513e-2,2.4130026577e-4
37.372449,1.3966998967e3,-1.8062475198e-4,1.1273599176e2,6.5489207886e-1,1.8189894035e-12,8.6729414761e-9,1.3966998925e3,-1.8591780659e-4,2.8933997869e1,6.2138110268e-1,8.5943111117e-7,1.1641532183e-10,1.3966972513e3,-1.1621346381e-3,6.5867916408e0,4.7960714881e-1,6.1212747125e-2,2.3413263261e-4
37.473469,1.4042608622e3,-1.7964331566e-4,1.1334086899e2,6.5495463900e-1,9.0949470177e-13,8.7311491370e-9,1.4042608580e3,-1.8487656985e-4,2.9085217179e1,6.2161243181e-1,7.9683013610e-7,-5.8207660913e-11,1.4042550614e3,-1.1332023930e-3,6.6170228174e0,4.8039189008e-1,6.0294055927e-2,2.2715929663e-4
37.574490,1.4118422379e3,-1.7866988153e-4,1.1394737905e2,6.5501670410e-1,1.4097167877e-11,8.4401108325e-9,1.4118422338e3,-1.8384418778e-4,2.9236844694e1,6.2184202528e-1,7.3867840911e-7,0.0000000000e0,1.4118397193e3,-1.1042628069e-3,6.6473613856e0,4.8117287942e-1,5.9386728376e-2,2.2037531016e-4
37.675510,1.4194440239e3,-1.7770436255e-4,1.1455552193e2,6.5507827932e-1,5.0022208598e-12,8.7311491370e-9,1.4194440198e3,-1.8282055861e-4,2.9388880414e1,6.2206990008e-1,6.8458007263e-7,-5.8207660913e-11,1.4194415668e3,-1.0764631752e-3,6.6777687142e0,4.8194914585e-1,5.8490666956e-2,2.1377665689e-4
37.776531,1.4270662201e3,-1.7674667286e-4,1.1516529763e2,6.5513936981e-1,1.4324541553e-11,8.5565261543e-9,1.4270662161e3,-1.8180558206e-4,2.9541324339e1,6.2229607299e-1,6.3434322328e-7,-5.8207660913e-11,1.4270638233e3,-1.0493969927e-3,6.7082576800e0,4.8272105021e-1,5.7605774284e-2,2.0735873841e-4
37.877551,1.4347088266e3,-1.7579672779e-4,1.1577670614e2,6.5519998060e-1,6.8212102633e-12,8.6147338152e-9,1.4347088226e3,-1.8079915929e-4,2.9694176469e1,6.2252056057e-1,5.8767568589e-7,-5.8207660913e-11,1.4347064888e3,-1.0230466551e-3,6.7388282830e0,4.8348862020e-1,5.6731953111e-2,2.0111666527e-4
37.978571,1.4423718433e3,-1.7485444380e-4,1.1638974748e2,6.5526011668e-1,2.0463630790e-12,8.7311491370e-9,1.4423718393e3,-1.7980119293e-4,2.9847436804e1,6.2274337922e-1,5.4432734942e-7,0.0000000000e0,1.4423695635e3,-9.9739488384e-4,6.7694805241e0,4.8425188338e-1,5.5869106229e-2,1.9504671218e-4
38.079592,1.4500552702e3,-1.7391973847e-4,1.1700442163e2,6.5531978298e-1,1.1596057448e-11,8.6147338152e-9,1.4500552663e3,-1.7881158696e-4,3.0001105343e1,6.2296454513e-1,5.0408038987e-7,-1.1641532183e-10,1.4500530467e3,-9.7242485524e-4,6.8002144007e0,4.8501086708e-1,5.5017136697e-2,1.8914462999e-4
38.180612,1.4577591074e3,-1.7299253051e-4,1.1762072861e2,6.5537898435e-1,2.2737367544e-13,8.8475644588e-9,1.4577591035e3,-1.7783024680e-4,3.0155182087e1,6.2318407427e-1,4.6667310016e-7,0.0000000000e0,1.4577569393e3,-9.4811993761e-4,6.8310299156e0,4.8576559861e-1,5.4175947638e-2,1.8340593670e-4
38.281633,1.4654833548e3,-1.7207273969e-4,1.1823866840e2,6.5543772560e-1,5.4569682106e-12,8.7311491370e-9,1.4654833510e3,-1.7685707919e-4,3.0309667037e1,6.2340198248e-1,4.3199065658e-7,0.0000000000e0,1.4654812413e3,-9.2446389695e-4,6.8619270696e0,4.8651610505e-1,5.3345442360e-2,1.7782696523e-4
38.382653,1.4732280125e3,-1.7116028688e-4,1.1885824101e2,6.5549601145e-1,6.3664629124e-12,8.8475644588e-9,1.4732280087e3,-1.7589199222e-4,3.0464560191e1,6.2361828535e-1,3.9979136091e-7,-1.1641532183e-10,1.4732259515e3,-9.0144099093e-4,6.8929058576e0,4.8726241322e-1,5.2525524378e-2,1.7240352463e-4
38.483673,1.4809930804e3,-1.7025509400e-4,1.1947944645e2,6.5555384658e-1,1.1368683772e-12,8.7311491370e-9,1.4809930767e3,-1.7493489529e-4,3.0619861550e1,6.2383299833e-1,3.6992719288e-7,2.3283064365e-10,1.4809910713e3,-8.7903553732e-4,6.9239662849e0,4.8800454999e-1,5.1716097466e-2,1.6713165678e-4
38.584694,1.4887785586e3,-1.6935708400e-4,1.2010228470e2,6.5561123561e-1,4.0927261580e-12,8.7311491370e-9,1.4887785549e3,-1.7398569908e-4,3.0775571114e1,6.2404613668e-1,3.4226354728e-7,-1.1641532183e-10,1.4887766002e3,-8.5723235776e-4,6.9551083498e0,4.8874254195e-1,5.0917065403e-2,1.6200786922e-4
38.685714,1.4965844470e3,-1.6846618087e-4,1.2072675577e2,6.5566818309e-1,5.9117155615e-12,8.4983184934e-9,1.4965844433e3,-1.7304431554e-4,3.0931688882e1,6.2425771547e-1,3.1654622035e-7,-1.1641532183e-10,1.4965833637e3,-8.3593370946e-4,6.9863353544e0,4.8947649288e-1,5.0128332349e-2,1.5702820383e-4
38.786735,1.5044107456e3,-1.6758230958e-4,1.2135285966e2,6.5572469353e-1,2.7284841053e-12,8.6147338152e-9,1.5044107420e3,-1.7211065786e-4,3.1088214856e1,6.2446774960e-1,2.9270790947e-7,0.0000000000e0,1.5044132535e3,-8.1494201071e-4,7.0176548642e0,4.9020660288e-1,4.9349802666e-2,1.5218940098e-4
38.887755,1.5122574545e3,-1.6670539610e-4,1.2198059637e2,6.5578077136e-1,1.8189894035e-12,8.8475644588e-9,1.5122574509e3,-1.7118464047e-4,3.1245149034e1,6.2467625379e-1,2.7060400498e-7,0.0000000000e0,1.5122556417e3,-7.9528902648e-4,7.0490243705e0,4.9093191274e-1,4.8581381037e-2,1.4748785179e-4
38.988776,1.5201245736e3,-1.6583536740e-4,1.2260996590e2,6.5583642097e-1,9.0949470177e-13,8.8475644588e-9,1.5201245701e3,-1.7026617898e-4,3.1402491417e1,6.2488324261e-1,2.5015106075e-7,1.1641532183e-10,1.5201228072e3,-7.7574906153e-4,7.0804929863e0,4.9165358847e-1,4.7822972132e-2,1.4291959815e-4
39.089796,1.5280121030e3,-1.6497215136e-4,1.2324096825e2,6.5589164669e-1,6.8212102633e-13,8.9639797807e-9,1.5280120995e3,-1.6935519019e-4,3.1560242006e1,6.2508873043e-1,2.3117968340e-7,1.1641532183e-10,1.5280103819e3,-7.5673997067e-4,7.1120432400e0,4.9237125012e-1,4.7074481265e-2,1.3848126400e-4
39.190816,1.5359200426e3,-1.6411567686e-4,1.2387360342e2,6.5594645280e-1,1.1141310097e-11,8.4983184934e-9,1.5359200392e3,-1.6845159207e-4,3.1718400799e1,6.2529273147e-1,2.1359187485e-7,1.1641532183e-10,1.5359183659e3,-7.3824837909e-4,7.1436751316e0,4.9308492339e-1,4.6335813731e-2,1.3417005539e-4
39.291837,1.5438483925e3,-1.6326587367e-4,1.2450787141e2,6.5600084352e-1,1.8189894035e-12,8.8475644588e-9,1.5438483891e3,-1.6755530370e-4,3.1876967797e1,6.2549525979e-1,1.9731555767e-7,1.1641532183e-10,1.5438467586e3,-7.2026124413e-4,7.1753886593e0,4.9379463375e-1,4.5606875186e-2,1.2998247985e-4
39.392857,1.5517971526e3,-1.6242267248e-4,1.2514377222e2,6.5605482302e-1,6.8212102633e-12,8.6147338152e-9,1.5517971492e3,-1.6666624531e-4,3.2035942999e1,6.2569632927e-1,1.8224454834e-7,0.0000000000e0,1.5517955615e3,-7.0276565185e-4,7.2071838286e0,4.9450040670e-1,4.4887571720e-2,1.2591504492e-4
39.493878,1.5597663229e3,-1.6158600489e-4,1.2578130585e2,6.5610839542e-1,5.4569682106e-12,8.6147338152e-9,1.5597663196e3,-1.6578433823e-4,3.2195326407e1,6.2589595366e-1,1.6825447346e-7,1.1641532183e-10,1.5597647733e3,-6.8574919823e-4,7.2390606344e0,4.9520226735e-1,4.4177809603e-2,1.2196495663e-4
39.594898,1.5677559035e3,-1.6075580338e-4,1.2642047229e2,6.5616156478e-1,6.5938365879e-12,8.6147338152e-9,1.5677559002e3,-1.6490950487e-4,3.2355118020e1,6.2609414651e-1,1.5533169062e-7,0.0000000000e0,1.5677543940e3,-6.6919963868e-4,7.2710190770e0,4.9590024079e-1,4.3477495398e-2,1.1812930461e-4
39.695918,1.5757658943e3,-1.5993200130e-4,1.2706127156e2,6.5621433512e-1,2.2737367544e-12,8.7311491370e-9,1.5757658911e3,-1.6404166870e-4,3.2515317837e1,6.2629092126e-1,1.4336751519e-7,-1.1641532183e-10,1.5757662240e3,-6.5295080277e-4,7.3030663571e0,4.9659450733e-1,4.2786536090e-2,1.1440482922e-4
39.796939,1.5837962954e3,-1.5911453287e-4,1.2770370365e2,6.5626671042e-1,1.3642420527e-12,8.6147338152e-9,1.5837962922e3,-1.6318075424e-4,3.2675925859e1,6.2648629115e-1,1.3230533114e-7,-1.1641532183e-10,1.5837948644e3,-6.3745342617e-4,7.3351808807e0,4.9728462566e-1,4.2104838926e-2,1.1078885291e-4
39.897959,1.5918471067e3,-1.5830333316e-4,1.2834776855e2,6.5631869458e-1,2.0463630790e-12,8.3819031715e-9,1.5918471036e3,-1.6232668705e-4,3.2836942086e1,6.2668026930e-1,1.2208374756e-7,1.1641532183e-10,1.5918457134e3,-6.2223369798e-4,7.3673842391e0,4.9797108642e-1,4.1432311695e-2,1.0727823246e-4
39.998980,1.5999183283e3,-1.5749833804e-4,1.2899346627e2,6.5637029147e-1,9.0949470177e-13,8.8475644588e-9,1.5999183252e3,-1.6147939370e-4,3.2998366518e1,6.2687286868e-1,1.1262454791e-7,-1.1641532183e-10,1.5999169718e3,-6.0743454124e-4,7.3996692359e0,4.9865375873e-1,4.0768862213e-2,1.0387040675e-4
40.100000,1.6080099601e3,-1.5669948423e-4,1.2964079682e2,6.5642150492e-1,2.2737367544e-13,8.2654878497e-9,1.6080099571e3,-1.6063880175e-4,3.3160199155e1,6.2706410209e-1,1.0384792404e-7,1.1641532183e-10,1.6080086396e3,-5.9304503441e-4,7.4320358712e0,4.9933266690e-1,4.0114398950e-2,1.0056258179e-4
40.201020,1.6161220021e3,-1.5590670924e-4,1.3028976018e2,6.5647233871e-1,0.0000000000e0,8.7311491370e-9,1.6161219992e3,-1.5980483974e-4,3.3322439997e1,6.2725398221e-1,9.5775703812e-8,1.1641532183e-10,1.6161207168e3,-5.7905449868e-4,7.4644841450e0,5.0000783510e-1,3.9468830680e-2,9.7352196462e-5
40.302041,1.6242544544e3,-1.5511995140e-4,1.3094035636e2,6.5652279656e-1,0.0000000000e0,8.7311491370e-9,1.6242544515e3,-1.5897743718e-4,3.3485089044e1,6.2744252156e-1,8.8277374743e-8,-1.1641532183e-10,1.6242532035e3,-5.6545249764e-4,7.4970140572e0,5.0067928731e-1,3.8832066395e-2,9.4236689620e-5
40.403061,1.6324073169e3,-1.5433914980e-4,1.3159258536e2,6.5657288215e-1,1.2732925825e-11,8.6147338152e-9,1.6324073141e3,-1.5815652453e-4,3.3648146295e1,6.2762973252e-1,8.1372490968e-8,0.0000000000e0,1.6324060995e3,-5.5222883691e-4,7.5296256080e0,5.0134704739e-1,3.8204015717e-2,9.1213383712e-5
40.504082,1.6405805896e3,-1.5356424430e-4,1.3224644717e2,6.5662259913e-1,5.2295945352e-12,8.7311491370e-9,1.6405805869e3,-1.5734203318e-4,3.3811611752e1,6.2781562733e-1,7.5002390076e-8,0.0000000000e0,1.6405794050e3,-5.3937355654e-4,7.5623187973e0,5.0201113906e-1,3.7584588591e-2,8.8279834017e-5
40.605102,1.6487742726e3,-1.5279517552e-4,1.3290194181e2,6.5667195109e-1,2.0463630790e-12,8.9639797807e-9,1.6487742700e3,-1.5653389543e-4,3.3975485413e1,6.2800021810e-1,6.9145926318e-8,0.0000000000e0,1.6487731199e3,-5.2687692745e-4,7.5950936253e0,5.0267158586e-1,3.6973695373e-2,8.5433595814e-5
40.706122,1.6569883657e3,-1.5203188485e-4,1.3355906926e2,6.5672094158e-1,1.1368683772e-12,8.8475644588e-9,1.6569883633e3,-1.5573204450e-4,3.4139767279e1,6.2818351679e-1,6.3680545281e-8,0.0000000000e0,1.6569872444e3,-5.1472944662e-4,7.6279500919e0,5.0332841120e-1,3.6371246770e-2,8.2672340795e-5
40.807143,1.6652228691e3,-1.5127431439e-4,1.3421782953e2,6.5676957411e-1,3.8653524825e-12,8.6147338152e-9,1.6652228669e3,-1.5493641447e-4,3.4304457350e1,6.2836553524e-1,5.8604427977e-8,0.0000000000e0,1.6652217783e3,-5.0292183340e-4,7.6608881973e0,5.0398163834e-1,3.5777153918e-2,7.9994089901e-5
40.908163,1.6734777827e3,-1.5052240698e-4,1.3487822262e2,6.5681785215e-1,1.0004441720e-11,8.7311491370e-9,1.6734777807e3,-1.5414694034e-4,3.4469555626e1,6.2854628515e-1,5.3994426708e-8,0.0000000000e0,1.6734767217e3,-4.9144502659e-4,7.6939079415e0,5.0463129039e-1,3.5191328531e-2,7.7396049164e-5
41.009184,1.6817531066e3,-1.4977610616e-4,1.3554024852e2,6.5686577912e-1,3.6379788071e-12,8.6147338152e-9,1.6817531047e3,-1.5336355791e-4,3.4635062107e1,6.2872577809e-1,4.9692516768e-8,0.0000000000e0,1.6817520747e3,-4.8029017778e-4,7.7270093245e0,5.0527739030e-1,3.4613682629e-2,7.4876006693e-5
41.110204,1.6900488406e3,-1.4903535619e-4,1.3620390724e2,6.5691335840e-1,8.6401996668e-12,8.8475644588e-9,1.6900488390e3,-1.5258620387e-4,3.4800976792e1,6.2890402550e-1,4.5727119868e-8,0.0000000000e0,1.6900478372e3,-4.6944864909e-4,7.7601923463e0,5.0591996090e-1,3.4044128754e-2,7.2432449088e-5
41.211224,1.6983649848e3,-1.4830010201e-4,1.3686919877e2,6.5696059335e-1,1.4551915228e-11,8.6147338152e-9,1.6983649835e3,-1.5181481573e-4,3.4967299683e1,6.2908103868e-1,4.2060491978e-8,0.0000000000e0,1.6983640092e3,-4.5891200773e-4,7.7934570070e0,5.0655902485e-1,3.3482579812e-2,7.0063048042e-5
41.312245,1.7067015392e3,-1.4757028925e-4,1.3753612312e2,6.5700748726e-1,5.4569682106e-12,8.4983184934e-9,1.7067015383e3,-1.5104933182e-4,3.5134030778e1,6.2925682884e-1,3.8709458750e-8,0.0000000000e0,1.7067005909e3,-4.4867202451e-4,7.8268033067e0,5.0719460468e-1,3.2928949387e-2,6.7765009589e-5
41.413265,1.7150585037e3,-1.4684586421e-4,1.3820468027e2,6.5705404340e-1,2.9558577808e-12,8.4983184934e-9,1.7150585033e3,-1.5028969127e-4,3.5301170079e1,6.2943140702e-1,3.5630591810e-8,0.0000000000e0,1.7150575821e3,-4.3872066509e-4,7.8602312454e0,5.0782672276e-1,3.2383151165e-2,6.5537402406e-5
41.514286,1.7234358784e3,-1.4612677385e-4,1.3887487024e2,6.5710026500e-1,5.6843418861e-12,8.7311491370e-9,1.7234358786e3,-1.4953583400e-4,3.5468717584e1,6.2960478418e-1,3.2752723200e-8,1.1641532183e-10,1.7234349829e3,-4.2905009146e-4,7.8937408231e0,5.0845540133e-1,3.1845099592e-2,6.3377898186e-5
41.615306,1.7318336632e3,-1.4541296580e-4,1.3954669301e2,6.5714615525e-1,8.8675733423e-12,8.8475644588e-9,1.7318336641e3,-1.4878770073e-4,3.5636673294e1,6.2977697112e-1,3.0111323213e-8,-1.1641532183e-10,1.7318327933e3,-4.1965265553e-4,7.9273320398e0,5.0908066247e-1,3.1314709575e-2,6.1284285039e-5
41.716327,1.7402518580e3,-1.4470438831e-4,1.4022014859e2,6.5719171729e-1,8.4128259914e-12,8.7311491370e-9,1.7402518599e3,-1.4804523292e-4,3.5805037209e1,6.2994797855e-1,2.7674559533e-8,1.1641532183e-10,1.7402510133e3,-4.1052089426e-4,7.9610048957e0,5.0970252812e-1,3.0791896351e-2,5.9255049564e-5
41.817347,1.7486904630e3,-1.4400099027e-4,1.4089523697e2,6.5723695425e-1,4.0927261580e-12,8.4983184934e-9,1.7486904659e3,-1.4730837281e-4,3.5973809329e1,6.3011781705e-1,2.5440840545e-8,0.0000000000e0,1.7486896429e3,-4.0164752873e-4,7.9947593907e0,5.1032102010e-1,3.0276575848e-2,5.7288678363e-5
41.918367,1.7571494779e3,-1.4330272120e-4,1.4157195815e2,6.5728186920e-1,4.5474735089e-13,8.7311491370e-9,1.7571494821e3,-1.4657706338e-4,3.6142989653e1,6.3028649708e-1,2.3390157367e-8,0.0000000000e0,1.7571486823e3,-3.9302545706e-4,8.0285955249e0,5.1093616006e-1,2.9768664260e-2,5.5382726714e-5
42.019388,1.7656289028e3,-1.4260953123e-4,1.4225031212e2,6.5732646519e-1,2.5011104299e-12,8.7311491370e-9,1.7656289086e3,-1.4585124833e-4,3.6312578183e1,6.3045402900e-1,2.1496816771e-8,0.0000000000e0,1.7656281312e3,-3.8464775467e-4,8.0625132983e0,5.1154796951e-1,2.9268078562e-2,5.3535914049e-5
42.120408,1.7741287376e3,-1.4192137112e-4,1.4293029888e2,6.5737074523e-1,1.0913936421e-11,8.4983184934e-9,1.7741287453e3,-1.4513087210e-4,3.6482574917e1,6.3062042303e-1,1.9727849576e-8,0.0000000000e0,1.7741279899e3,-3.7650766733e-4,8.0965127110e0,5.1215646984e-1,2.8774736077e-2,5.1746377721e-5
42.221429,1.7826489822e3,-1.4123819218e-4,1.4361191842e2,6.5741471229e-1,4.7748471843e-12,8.4983184934e-9,1.7826489923e3,-1.4441587982e-4,3.6652979857e1,6.3078568931e-1,1.8135779101e-8,-1.1641532183e-10,1.7826482582e3,-3.6859860776e-4,8.1305937630e0,5.1276168228e-1,2.8288554490e-2,5.0012487918e-5
42.322449,1.7911896365e3,-1.4055994634e-4,1.4429517073e2,6.5745836933e-1,3.8653524825e-12,8.4983184934e-9,1.7911896495e3,-1.4370621732e-4,3.6823793001e1,6.3094983786e-1,1.6638296074e-8,0.0000000000e0,1.7911889362e3,-3.6091415518e-4,8.1647564544e0,5.1336362793e-1,2.7809452272e-2,4.8332964070e-5
42.423469,1.7997507005e3,-1.3988658613e-4,1.4498005581e2,6.5750171925e-1,1.1368683772e-11,8.8475644588e-9,1.7997507170e3,-1.4300183115e-4,3.6995014350e1,6.3111287856e-1,1.5271325537e-8,2.3283064365e-10,1.7997500239e3,-3.5344804933e-4,8.1990007851e0,5.1396232774e-1,2.7337348346e-2,4.6705943532e-5
42.524490,1.8083321740e3,-1.3921806460e-4,1.4566657364e2,6.5754476492e-1,2.5011104299e-12,8.9639797807e-9,1.8083321947e3,-1.4230266849e-4,3.7166643904e1,6.3127482123e-1,1.4012357497e-8,1.1641532183e-10,1.8083315214e3,-3.4619418708e-4,8.2333267552e0,5.1455780253e-1,2.6872162080e-2,4.5129912905e-5
42.625510,1.8169340568e3,-1.3855433541e-4,1.4635472420e2,6.5758750921e-1,5.0022208598e-12,8.4983184934e-9,1.8169340826e3,-1.4160867723e-4,3.7338681663e1,6.3143567555e-1,1.2870941646e-8,0.0000000000e0,1.8169334286e3,-3.3914661992e-4,8.2677343647e0,5.1515007299e-1,2.6413813416e-2,4.3603824452e-5
42.726531,1.8255563488e3,-1.3789535275e-4,1.4704450749e2,6.5762995492e-1,6.3664629124e-12,8.7311491370e-9,1.8255563808e3,-1.4091980589e-4,3.7511127627e1,6.3159545110e-1,1.1787051335e-8,0.0000000000e0,1.8255557455e3,-3.3229955039e-4,8.3022236137e0,5.1573915965e-1,2.5962222830e-2,4.2125466280e-5
42.827551,1.8341990498e3,-1.3724107138e-4,1.4773592347e2,6.5767210485e-1,1.3642420527e-12,8.6147338152e-9,1.8341990893e3,-1.4023600364e-4,3.7683981796e1,6.3175415738e-1,1.0849362297e-8,0.0000000000e0,1.8341984722e3,-3.2564732853e-4,8.3367945023e0,5.1632508292e-1,2.5517311294e-2,4.0694139898e-5
42.928571,1.8428621594e3,-1.3659144658e-4,1.4842897214e2,6.5771396177e-1,1.4779288904e-11,8.6147338152e-9,1.8428622079e3,-1.3955722030e-4,3.7857244169e1,6.3191180376e-1,9.9282715382e-9,0.0000000000e0,1.8428616086e3,-3.1918444956e-4,8.3714470303e0,5.1690786308e-1,2.5079000415e-2,3.9308215491e-5
43.029592,1.8515456775e3,-1.3594643416e-4,1.4912365345e2,6.5775552839e-1,9.0949470177e-13,8.6147338152e-9,1.8515457369e3,-1.3888340631e-4,3.8030914748e1,6.3206839952e-1,9.1235961008e-9,-1.1641532183e-10,1.8515451549e3,-3.1290554971e-4,8.4061811980e0,5.1748752026e-1,2.4647212283e-2,3.7966063246e-5
43.130612,1.8602496035e3,-1.3530599049e-4,1.4981996739e2,6.5779680745e-1,3.1832314562e-12,8.6147338152e-9,1.8602496760e3,-1.3821451271e-4,3.8204993531e1,6.3222395385e-1,8.3612121671e-9,-1.1641532183e-10,1.8602491109e3,-3.0680540347e-4,8.4409970053e0,5.1806407446e-1,2.4221869481e-2,3.6667450331e-5
43.231633,1.8689739372e3,-1.3467007241e-4,1.5051791390e2,6.5783780161e-1,1.3642420527e-12,8.6147338152e-9,1.8689740255e3,-1.3755049119e-4,3.8379480519e1,6.3237847581e-1,7.6388460002e-9,0.0000000000e0,1.8689734767e3,-3.0087892135e-4,8.4758944522e0,5.1863754554e-1,2.3802895329e-2,3.5409815609e-5
43.332653,1.8777186779e3,-1.3403863731e-4,1.5121749294e2,6.5787851354e-1,2.7284841053e-12,8.4983184934e-9,1.8777187851e3,-1.3689129400e-4,3.8554375712e1,6.3253197439e-1,7.0037913247e-9,0.0000000000e0,1.8777182523e3,-2.9512114506e-4,8.5108735387e0,5.1920795325e-1,2.3390213472e-2,3.4192577004e-5
43.433673,1.8864838251e3,-1.3341164307e-4,1.5191870446e2,6.5791894588e-1,3.8653524825e-12,8.7311491370e-9,1.8864839550e3,-1.3623687400e-4,3.8729679110e1,6.3268445849e-1,6.4417235990e-9,-2.3283064365e-10,1.8864834378e3,-2.8952724620e-4,8.5459342650e0,5.1977531718e-1,2.2983748205e-2,3.3015036024e-5
43.534694,1.8952693781e3,-1.3278904806e-4,1.5262154839e2,6.5795910125e-1,2.2737367544e-13,8.9639797807e-9,1.8952695352e3,-1.3558718462e-4,3.8905390713e1,6.3283593689e-1,5.8553268900e-9,1.1641532183e-10,1.8952690330e3,-2.8409252324e-4,8.5810766310e0,5.2033965681e-1,2.2583424461e-2,3.1874864362e-5
43.635714,1.9040753360e3,-1.3217081116e-4,1.5332602466e2,6.5799898225e-1,1.4779288904e-11,8.1490725279e-9,1.9040755256e3,-1.3494217987e-4,3.9081510521e1,6.3298641830e-1,5.3973963077e-9,-1.1641532183e-10,1.9040750381e3,-2.7881239780e-4,8.6163006367e0,5.2090099147e-1,2.2189167645e-2,3.0771247111e-5
43.736735,1.9129016978e3,-1.3155689172e-4,1.5403213317e2,6.5803859146e-1,7.5033312896e-12,8.4983184934e-9,1.9129019262e3,-1.3430181433e-4,3.9258038533e1,6.3313591132e-1,4.9228674470e-9,0.0000000000e0,1.9129014531e3,-2.7368241230e-4,8.6516062823e0,5.2145934036e-1,2.1800903733e-2,2.9704067856e-5
43.837755,1.9217484624e3,-1.3094724957e-4,1.5473987383e2,6.5807793145e-1,3.4106051316e-12,8.9639797807e-9,1.9217487371e3,-1.3366604313e-4,3.9434974751e1,6.3328442446e-1,4.4926764531e-9,-1.1641532183e-10,1.9217482779e3,-2.6869822750e-4,8.6869935676e0,5.2201472258e-1,2.1418559308e-2,2.8671347536e-5
43.938776,1.9306156283e3,-1.3034184502e-4,1.5544924651e2,6.5811700478e-1,1.2505552149e-11,8.6147338152e-9,1.9306159582e3,-1.3303482194e-4,3.9612319173e1,6.3343196616e-1,4.1341081669e-9,0.0000000000e0,1.9306155126e3,-2.6385561914e-4,8.7224624928e0,5.2256715706e-1,2.1042061450e-2,2.7672271244e-5
44.039796,1.9395031941e3,-1.2974063883e-4,1.5616025106e2,6.5815581400e-1,1.0913936421e-11,8.7311491370e-9,1.9395035896e3,-1.3240810697e-4,3.9790071801e1,6.3357854474e-1,3.7653080653e-9,0.0000000000e0,1.9395031572e3,-2.5915047664e-4,8.7580130579e0,5.2311666264e-1,2.0671338001e-2,2.6705441996e-5
44.140816,1.9484111578e3,-1.2914359225e-4,1.5687288732e2,6.5819436163e-1,3.1832314562e-12,8.0326572061e-9,1.9484116312e3,-1.3178585498e-4,3.9968232633e1,6.3372416846e-1,3.4362983570e-9,1.1641532183e-10,1.9484112116e3,-2.5457879726e-4,8.7936452629e0,5.2366325800e-1,2.0306316932e-2,2.5770976208e-5
44.241837,1.9573395172e3,-1.2855066695e-4,1.5758715509e2,6.5823265022e-1,3.1832314562e-12,9.1968104243e-9,1.9573400830e3,-1.3116802324e-4,4.0146801670e1,6.3386884549e-1,3.1707259041e-9,2.3283064365e-10,1.9573396759e3,-2.5013668872e-4,8.8293591078e0,5.2420696171e-1,1.9946927354e-2,2.4866661988e-5
44.342857,1.9662882697e3,-1.2796182509e-4,1.5830305414e2,6.5827068231e-1,5.2295945352e-12,8.7311491370e-9,1.9662889452e3,-1.3055456953e-4,4.0325778912e1,6.3401258388e-1,2.8869635571e-9,1.1641532183e-10,1.9662885502e3,-2.4582036193e-4,8.8651545926e0,5.2474779221e-1,1.9593098591e-2,2.3992732167e-5
44.443878,1.9752574125e3,-1.2737702924e-4,1.5902058421e2,6.5830846041e-1,3.8653524825e-12,8.9639797807e-9,1.9752582175e3,-1.2994545214e-4,4.0505164359e1,6.3415539164e-1,2.6379893825e-9,0.0000000000e0,1.9752578343e3,-2.4162613043e-4,8.9010317174e0,5.2528576781e-1,1.9244760565e-2,2.3147091269e-5
44.544898,1.9842469419e3,-1.2679624243e-4,1.5973974499e2,6.5834598708e-1,6.5938365879e-12,9.0803951025e-9,1.9842479001e3,-1.2934062989e-4,4.0684958011e1,6.3429727668e-1,2.3997017706e-9,1.1641532183e-10,1.9842475284e3,-2.3755040887e-4,8.9369904822e0,5.2582090672e-1,1.8901843964e-2,2.2329855710e-5
44.645918,1.9932568541e3,-1.2621942812e-4,1.6046053611e2,6.5838326487e-1,1.4324541553e-11,8.8475644588e-9,1.9932579929e3,-1.2874006204e-4,4.0865159867e1,6.3443824682e-1,2.1941559680e-9,0.0000000000e0,1.9932576323e3,-2.3358970839e-4,8.9730308870e0,5.2635322699e-1,1.8564279792e-2,2.1539046429e-5
44.746939,2.0022871442e3,-1.2564655021e-4,1.6118295716e2,6.5842029635e-1,1.5006662579e-11,8.4983184934e-9,2.0022884960e3,-1.2814370839e-4,4.1045769929e1,6.3457830979e-1,2.0227162167e-9,0.0000000000e0,2.0022881463e3,-2.2974063701e-4,9.0091529319e0,5.2688274657e-1,1.8231999944e-2,2.0775012672e-5
44.847959,2.0113378070e3,-1.2507757302e-4,1.6190700766e2,6.5845708410e-1,7.9580786405e-12,8.4983184934e-9,2.0113394093e3,-1.2755152919e-4,4.1226788195e1,6.3471747328e-1,1.7985257728e-9,0.0000000000e0,2.0113390701e3,-2.2599989473e-4,9.0453566168e0,5.2740948328e-1,1.7904936643e-2,2.0036473870e-5
44.948980,2.0204088361e3,-1.2451246129e-4,1.6263268705e2,6.5849363073e-1,5.2295945352e-12,8.3819031715e-9,2.0204107329e3,-1.2696348517e-4,4.1408214667e1,6.3485574485e-1,1.6743797460e-9,2.3283064365e-10,2.0204104039e3,-2.2236427246e-4,9.0816419419e0,5.2793345481e-1,1.7583022698e-2,1.9322265871e-5
45.050000,2.0295002243e3,-1.2395118021e-4,1.6335999469e2,6.5852993890e-1,4.3200998334e-12,8.8475644588e-9,2.0295024667e3,-1.2637953751e-4,4.1590049343e1,6.3499313201e-1,1.5156729205e-9,-1.1641532183e-10,2.0295021477e3,-2.1883065028e-4,9.1180089070e0,5.2845467876e-1,1.7266191600e-2,1.8632272258e-5
45.151020,2.0386119633e3,-1.2339369536e-4,1.6408892984e2,6.5856601130e-1,6.5938365879e-12,8.3819031715e-9,2.0386146108e3,-1.2579964788e-4,4.1772292224e1,6.3512964220e-1,1.3953922462e-9,-1.1641532183e-10,2.0386143014e3,-2.1539599523e-4,9.1544575123e0,5.2897317256e-1,1.6954377519e-2,1.7965328880e-5
45.252041,2.0477440435e3,-1.2283997274e-4,1.6481949164e2,6.5860185064e-1,1.0459189070e-11,8.4983184934e-9,2.0477471651e3,-1.2522377839e-4,4.1954943310e1,6.3526528276e-1,1.2835243979e-9,1.1641532183e-10,2.0477468651e3,-2.1205735761e-4,9.1909877577e0,5.2948895357e-1,1.6647514952e-2,1.7320970073e-5
45.353061,2.0568964539e3,-1.2228997879e-4,1.6555167913e2,6.5863745972e-1,8.1854523160e-12,8.3819031715e-9,2.0569001296e3,-1.2465189157e-4,4.2138002601e1,6.3540006096e-1,1.1641532183e-9,0.0000000000e0,2.0568998388e3,-2.0881187067e-4,9.2275996433e0,5.3000203900e-1,1.6345539101e-2,1.6698613763e-5
45.454082,2.0660691817e3,-1.2174368032e-4,1.6628549118e2,6.5867284140e-1,1.1368683772e-11,8.1490725279e-9,2.0660735044e3,-1.2408395043e-4,4.2321470097e1,6.3553398401e-1,1.1023075785e-9,-4.6566128731e-10,2.0660732225e3,-2.0565674851e-4,9.2642931691e0,5.3051244595e-1,1.6048385892e-2,1.6096746549e-5
45.555102,2.0752622126e3,-1.2120104460e-4,1.6702092651e2,6.5870799858e-1,1.1823431123e-11,8.8475644588e-9,2.0752672895e3,-1.2351991840e-4,4.2505345797e1,6.3566705903e-1,9.9453245639e-10,2.3283064365e-10,2.0752670161e3,-2.0258928167e-4,9.3010683351e0,5.3102019141e-1,1.5755991372e-2,1.5515368432e-5
45.656122,2.0844755298e3,-1.2066203928e-4,1.6775798365e2,6.5874293429e-1,1.4551915228e-11,9.7788870335e-9,2.0844814847e3,-1.2295975931e-4,4.2689629703e1,6.3579929308e-1,9.1813490144e-10,2.3283064365e-10,2.0844812198e3,-1.9960684039e-4,9.3379251414e0,5.3152529224e-1,1.5468292998e-2,1.4954246581e-5
45.757143,2.0937091144e3,-1.2012663243e-4,1.6849666092e2,6.5877765161e-1,2.1827872843e-11,8.8475644588e-9,2.0937160903e3,-1.2240343745e-4,4.2874321813e1,6.3593069313e-1,8.1990947365e-10,-2.3283064365e-10,2.0937158334e3,-1.9670686561e-4,9.3748635879e0,5.3202776520e-1,1.5185227860e-2,1.4412216842e-5
45.858163,2.1029629447e3,-1.1959479254e-4,1.6923695642e2,6.5881215375e-1,3.3196556615e-11,8.6147338152e-9,2.1029711060e3,-1.2185091751e-4,4.3059422129e1,6.3606126609e-1,7.5260686572e-10,2.3283064365e-10,2.1029708571e3,-1.9388687308e-4,9.4118836747e0,5.3252762691e-1,1.4906734203e-2,1.3888115063e-5
45.959184,2.1122369960e3,-1.1906648851e-4,1.6997886797e2,6.5884644404e-1,1.7735146685e-11,9.0803951025e-9,2.1122465321e3,-1.2130216459e-4,4.3244930649e1,6.3619101880e-1,6.4619598561e-10,-2.3283064365e-10,2.1122462907e3,-1.9114444905e-4,9.4489854017e0,5.3302489390e-1,1.4632750781e-2,1.3382639736e-5
46.060204,2.1215312404e3,-1.1854168966e-4,1.7072239310e2,6.5888052593e-1,3.1832314562e-11,8.8475644588e-9,2.1215423683e3,-1.2075714418e-4,4.3430847374e1,6.3631995804e-1,6.2391336542e-10,0.0000000000e0,2.1215421344e3,-1.8847724837e-4,9.4861687691e0,5.3351958258e-1,1.4363216846e-2,1.2893695384e-5
46.161224,2.1308456458e3,-1.1802036571e-4,1.7146752901e2,6.5891440301e-1,3.5925040720e-11,8.8475644588e-9,2.1308586148e3,-1.2021582219e-4,4.3617172304e1,6.3644809050e-1,5.2750692703e-10,0.0000000000e0,2.1308583882e3,-1.8588299252e-4,9.5234337768e0,5.3401170923e-1,1.4098072066e-2,1.2421747670e-5
46.262245,2.1401801761e3,-1.1750248682e-4,1.7221427253e2,6.5894807906e-1,4.2291503632e-11,8.6147338152e-9,2.1401952716e3,-1.1967816491e-4,4.3803905439e1,6.3657542282e-1,4.7566572903e-10,0.0000000000e0,2.1401950519e3,-1.8335946996e-4,9.5607804249e0,5.3450129005e-1,1.3837257107e-2,1.1966563761e-5
46.363265,2.1495347904e3,-1.1698802359e-4,1.7296262005e2,6.5898155801e-1,5.6388671510e-11,8.6147338152e-9,2.1495523386e3,-1.1914413902e-4,4.3991046779e1,6.3670196156e-1,4.5292836148e-10,-2.3283064365e-10,2.1495521257e3,-1.8090453124e-4,9.5982087133e0,5.3498834109e-1,1.3580712734e-2,1.1526746675e-5
46.464286,2.1589094424e3,-1.1647694702e-4,1.7371256753e2,6.5901484399e-1,5.9571902966e-11,9.3132257462e-9,2.1589298158e3,-1.1861371158e-4,4.4178596324e1,6.3682771321e-1,3.8471625885e-10,-4.6566128731e-10,2.1589296096e3,-1.7851609064e-4,9.6357186421e0,5.3547287833e-1,1.3328380749e-2,1.1102762073e-5
46.565306,2.1683040798e3,-1.1596922857e-4,1.7446411038e2,6.5904794135e-1,5.1841198001e-11,8.1490725279e-9,2.1683277033e3,-1.1808685003e-4,4.4366554073e1,6.3695268423e-1,4.1472958401e-10,-4.6566128731e-10,2.1683275035e3,-1.7619212178e-4,9.6733102113e0,5.3595491760e-1,1.3080203178e-2,1.0693445802e-5
46.666327,2.1777186436e3,-1.1546484014e-4,1.7521724345e2,6.5908085468e-1,8.2309270510e-11,8.1490725279e-9,2.1777460010e3,-1.1756352218e-4,4.4554920028e1,6.3707688096e-1,3.7789504859e-10,-4.6566128731e-10,2.1777458074e3,-1.7393065743e-4,9.7109834209e0,5.3643447464e-1,1.2836122679e-2,1.0297866538e-5
46.767347,2.1871530676e3,-1.1496375408e-4,1.7597196094e2,6.5911358878e-1,8.9585228125e-11,8.3819031715e-9,2.1871847090e3,-1.1704369621e-4,4.4743694187e1,6.3720030972e-1,3.3060132409e-10,0.0000000000e0,2.1871845214e3,-1.7172978853e-4,9.7487382709e0,5.3691156508e-1,1.2596082725e-2,9.9162571132e-6
46.868367,2.1966072773e3,-1.1446594320e-4,1.7672825635e2,6.5914614878e-1,9.4132701633e-11,8.8475644588e-9,2.1966438272e3,-1.1652734064e-4,4.4932876551e1,6.3732297675e-1,2.7011992643e-10,-2.3283064365e-10,2.1966436455e3,-1.6958766066e-4,9.7865747614e0,5.3738620445e-1,1.2360026958e-2,9.5479190350e-6
46.969388,2.2060811890e3,-1.1397138079e-4,1.7748612239e2,6.5917854006e-1,1.2096279534e-10,8.1490725279e-9,2.2061233557e3,-1.1601442437e-4,4.5122467120e1,6.3744488823e-1,2.7330315788e-10,-2.3283064365e-10,2.2061231796e3,-1.6750247484e-4,9.8244928923e0,5.3785840816e-1,1.2127899919e-2,9.1926194727e-6
47.070408,2.2155747092e3,-1.1348004063e-4,1.7824555089e2,6.5921076832e-1,1.2050804798e-10,9.3132257462e-9,2.2156232944e3,-1.1550491666e-4,4.5312465895e1,6.3756605028e-1,2.6602720027e-10,2.3283064365e-10,2.2156231239e3,-1.6547248469e-4,9.8624926637e0,5.3832819152e-1,1.1899646588e-2,8.8494271040e-6
47.171429,2.2250877331e3,-1.1299189697e-4,1.7900653274e2,6.5924283963e-1,1.3233147911e-10,8.1490725279e-9,2.2251436433e3,-1.1499878707e-4,4.5502872874e1,6.3768646894e-1,2.0463630790e-10,0.0000000000e0,2.2251434782e3,-1.6349599516e-4,9.9005740756e0,5.3879556971e-1,1.1675212437e-2,8.5195060819e-6
47.272449,2.2346201439e3,-1.1250692460e-4,1.7976905777e2,6.5927476037e-1,1.6007106751e-10,8.8475644588e-9,2.2346844025e3,-1.1449600555e-4,4.5693688057e1,6.3780615023e-1,1.7234924599e-10,2.3283064365e-10,2.2346842425e3,-1.6157136197e-4,9.9387371279e0,5.3926055785e-1,1.1454543699e-2,8.2002952695e-6
47.373469,2.2441718112e3,-1.1202509880e-4,1.8053311465e2,6.5930653735e-1,1.9690560293e-10,8.1490725279e-9,2.2442455720e3,-1.1399654236e-4,4.5884911446e1,6.3792510008e-1,1.5052137314e-10,4.6566128731e-10,2.2442454170e3,-1.5969698926e-4,9.9769818208e0,5.3972317093e-1,1.1237587022e-2,7.8927259892e-6
47.474490,2.2537425901e3,-1.1154639542e-4,1.8129869079e2,6.5933817776e-1,2.2737367544e-10,9.3132257462e-9,2.2538271517e3,-1.1350036811e-4,4.6076543040e1,6.3804332435e-1,1.5961632016e-10,2.3283064365e-10,2.2538270016e3,-1.5787132868e-4,1.0015308154e1,5.4018342381e-1,1.1024289612e-2,7.5958669186e-6
47.575510,2.2633323193e3,-1.1107079086e-4,1.8206577220e2,6.5936968922e-1,2.4874680093e-10,8.3819031715e-9,2.2634291416e3,-1.1300745373e-4,4.6268582838e1,6.3816082888e-1,1.5916157281e-10,0.0000000000e0,2.2634289962e3,-1.5609287822e-4,1.0053716128e1,5.4064133130e-1,1.0814599264e-2,7.3097180575e-6
47.676531,2.2729408201e3,-1.1059826208e-4,1.8283434340e2,6.5940107982e-1,2.8694557841e-10,8.3819031715e-9,2.2730515418e3,-1.1251777046e-4,4.6461030842e1,6.3827761943e-1,1.1732481653e-10,0.0000000000e0,2.2730514010e3,-1.5436018065e-4,1.0092205743e1,5.4109690808e-1,1.0608464258e-2,7.0340465754e-6
47.777551,2.2825678946e3,-1.1012878664e-4,1.8360438724e2,6.5943235810e-1,3.1468516681e-10,8.6147338152e-9,2.2826943522e3,-1.1203128987e-4,4.6653887050e1,6.3839370169e-1,9.7770680441e-11,0.0000000000e0,2.2826942158e3,-1.5267182337e-4,1.0130776998e1,5.4155016871e-1,1.0405833752e-2,6.7679211497e-6
47.878571,2.2922133239e3,-1.0966234273e-4,1.8437588478e2,6.5946353312e-1,3.6470737541e-10,8.3819031715e-9,2.2923575728e3,-1.1154798386e-4,4.6847151464e1,6.3850908133e-1,1.0413714335e-10,0.0000000000e0,2.2923574408e3,-1.5102643480e-4,1.0169429893e1,5.4200112768e-1,1.0206656882e-2,6.5108761191e-6
47.979592,2.3018768664e3,-1.0919890915e-4,1.8514881514e2,6.5949461445e-1,4.1472958401e-10,7.6834112406e-9,2.3020412038e3,-1.1106782462e-4,4.7040824082e1,6.3862376393e-1,1.0004441720e-10,4.6566128731e-10,2.3020410759e3,-1.4942268600e-4,1.0208164429e1,5.4244979936e-1,1.0010883792e-2,6.2638428062e-6
48.080612,2.3115582561e3,-1.0873846539e-4,1.8592315533e2,6.5952561220e-1,4.8112269724e-10,8.8475644588e-9,2.3117452449e3,-1.1059078465e-4,4.7234904905e1,6.3873775503e-1,7.6852302300e-11,4.6566128731e-10,2.3117451211e3,-1.4785928777e-4,1.0246980606e1,5.4289619803e-1,9.8184649978e-3,6.0258898884e-6
48.181633,2.3212572000e3,-1.0828099158e-4,1.8669888009e2,6.5955653702e-1,5.2568793762e-10,8.3819031715e-9,2.3214696963e3,-1.1011683677e-4,4.7429393933e1,6.3885106012e-1,9.9134922493e-11,-2.3283064365e-10,2.3214695764e3,-1.4633499031e-4,1.0285878424e1,5.4334033787e-1,9.6293516608e-3,5.7951547205e-6
48.282653,2.3309733767e3,-1.0782646860e-4,1.8747596171e2,6.5958740014e-1,5.9890226112e-10,8.8475644588e-9,2.3312145580e3,-1.0964595407e-4,4.7624291165e1,6.3896368462e-1,4.1382008931e-11,2.3283064365e-10,2.3312144419e3,-1.4484858140e-4,1.0324857882e1,5.4378223296e-1,9.4434952930e-3,5.5739656091e-6
48.383673,2.3407064337e3,-1.0737487804e-4,1.8825436981e2,6.5961821339e-1,7.0076566772e-10,8.6147338152e-9,2.3409798298e3,-1.0917810995e-4,4.7819596603e1,6.3907563392e-1,7.8671291703e-11,0.0000000000e0,2.3409797175e3,-1.4339888601e-4,1.0363918980e1,5.4422189728e-1,9.2608480254e-3,5.3597614169e-6
48.484694,2.3504559854e3,-1.0692620224e-4,1.8903407122e2,6.5964898917e-1,7.7261574916e-10,7.9162418842e-9,2.3507655120e3,-1.0871327810e-4,4.8015310246e1,6.3918691335e-1,7.0031092037e-11,4.6566128731e-10,2.3507654032e3,-1.4198476560e-4,1.0403061720e1,5.4465934470e-1,9.0813627712e-3,5.1548704505e-6
48.585714,2.3602216106e3,-1.0648042433e-4,1.8981502972e2,6.5967974049e-1,8.7447915575e-10,7.6834112406e-9,2.3605716044e3,-1.0825143250e-4,4.8211432093e1,6.3929752816e-1,6.8212102633e-11,6.9849193096e-10,2.3605714990e3,-1.4060511567e-4,1.0442286099e1,5.4509458903e-1,8.9049925873e-3,4.9564987421e-6
48.686735,2.3700028499e3,-1.0603752826e-4,1.9059720584e2,6.5971048096e-1,9.8771124613e-10,8.6147338152e-9,2.3703981070e3,-1.0779254741e-4,4.8407962146e1,6.3940748360e-1,5.6388671510e-11,4.6566128731e-10,2.3703980050e3,-1.3925886611e-4,1.0481592120e1,5.4552764394e-1,8.7316912482e-3,4.7655776143e-6
48.787755,2.3797992033e3,-1.0559749880e-4,1.9138055668e2,6.5974122482e-1,1.0950316209e-9,7.4505805969e-9,2.3802450199e3,-1.0733659736e-4,4.8604900403e1,6.3951678482e-1,4.8203219194e-11,4.6566128731e-10,2.3802449211e3,-1.3794497991e-4,1.0520979781e1,5.4595852304e-1,8.5614131158e-3,4.5814085752e-6
48.888776,2.3896101278e3,-1.0516032158e-4,1.9216503567e2,6.5977198686e-1,1.2369127944e-9,7.6834112406e-9,2.3901123430e3,-1.0688355717e-4,4.8802246865e1,6.3962543696e-1,3.9108272176e-11,4.6566128731e-10,2.3901122473e3,-1.3666245148e-4,1.0560449083e1,5.4638723983e-1,8.3941127873e-3,4.4037587941e-6
48.989796,2.3994350344e3,-1.0472598315e-4,1.9295059235e2,6.5980278252e-1,1.3642420527e-9,8.3819031715e-9,2.4000000763e3,-1.0643340193e-4,4.9000001533e1,6.3973344507e-1,3.7744030124e-11,-4.6566128731e-10,2.3999999837e3,-1.3541030744e-4,1.0600000026e1,5.4681380771e-1,8.2297458803e-3,4.2330939323e-6
49.090816,2.4092732855e3,-1.0429447093e-4,1.9373717215e2,6.5983362778e-1,1.5302248357e-9,8.6147338152e-9,2.4099082199e3,-1.0598610698e-4,4.9198164405e1,6.3984081420e-1,5.1386450650e-11,4.6566128731e-10,2.4099081303e3,-1.3418760373e-4,1.0639632609e1,5.4723824000e-1,8.0682681082e-3,4.0682498366e-6
49.191837,2.4191241924e3,-1.0386577329e-4,1.9452471618e2,6.5986453918e-1,1.7039383238e-9,8.1490725279e-9,2.4198367738e3,-1.0554164795e-4,4.9396735481e1,6.3994754931e-1,4.4110493036e-11,2.3283064365e-10,2.4198366870e3,-1.3299342601e-4,1.0679346833e1,5.4766054992e-1,7.9096358540e-3,3.9099249989e-6
49.292857,2.4289870126e3,-1.0343987958e-4,1.9531316097e2,6.5989553379e-1,1.9053914002e-9,7.9162418842e-9,2.4297857379e3,-1.0510000072e-4,4.9595714763e1,6.4005365533e-1,2.2737367544e-11,-2.3283064365e-10,2.4297856539e3,-1.3182688835e-4,1.0719142698e1,5.4808075060e-1,7.7538059659e-3,3.7581194192e-6
49.393878,2.4388609467e3,-1.0301678011e-4,1.9610243831e2,6.5992662919e-1,2.1254891180e-9,8.1490725279e-9,2.4397551122e3,-1.0466114143e-4,4.9795102250e1,6.4015913714e-1,3.4560798667e-11,6.9849193096e-10,2.4397550309e3,-1.3068713269e-4,1.0759020203e1,5.4849885508e-1,7.6007358880e-3,3.6112032831e-6
49.494898,2.4487451362e3,-1.0259646620e-4,1.9689247497e2,6.5995784340e-1,2.3746906663e-9,7.6834112406e-9,2.4497448968e3,-1.0422504647e-4,4.9994897942e1,6.4026399957e-1,8.1854523160e-12,-2.3283064365e-10,2.4497448180e3,-1.2957332774e-4,1.0798979349e1,5.4891487630e-1,7.4503835058e-3,3.4687109292e-6
49.595918,2.4586386610e3,-1.0217893017e-4,1.9768319254e2,6.5998919488e-1,2.6343514037e-9,7.4505805969e-9,2.4597550916e3,-1.0379169248e-4,5.0195101838e1,6.4036824742e-1,3.1832314562e-11,0.0000000000e0,2.4597550154e3,-1.2848466806e-4,1.0839020136e1,5.4932882712e-1,7.3027070766e-3,3.3332034945e-6
49.696939,2.4685405365e3,-1.0176416540e-4,1.9847450721e2,6.6002070241e-1,2.9176590033e-9,7.4505805969e-9,2.4697856967e3,-1.0336105636e-4,5.0395713940e1,6.4047188542e-1,5.4569682106e-12,-2.3283064365e-10,2.4697856229e3,-1.2742037399e-4,1.0879142564e1,5.4974072031e-1,7.1576655778e-3,3.2023526728e-6
49.797959,2.4784497115e3,-1.0135216629e-4,1.9926632956e2,6.6005238511e-1,3.2450770959e-9,6.7520886660e-9,2.4798367120e3,-1.0293311524e-4,5.0596734246e1,6.4057491827e-1,2.7739588404e-11,0.0000000000e0,2.4798366406e3,-1.2637969070e-4,1.0919346632e1,5.5015056855e-1,7.0152186231e-3,3.0761584640e-6
49.898980,2.4883650660e3,-1.0094292831e-4,2.0005856441e2,6.6008426232e-1,3.5997800296e-9,7.2177499533e-9,2.4899081376e3,-1.0250784652e-4,5.0798162757e1,6.4067735062e-1,3.4106051316e-11,-4.6566128731e-10,2.4899080684e3,-1.2536188606e-4,1.0959632341e1,5.5055838442e-1,6.8753256578e-3,2.9543880373e-6
50.000000,2.4982854090e3,-1.0053644795e-4,2.0085111066e2,6.6011635352e-1,3.9663063944e-9,6.5192580223e-9,2.4999999734e3,-1.0208522779e-4,5.0999999473e1,6.4077918709e-1,2.5011104299e-11,2.3283064365e-10,2.4999999064e3,-1.2436625260e-4,1.0999999691e1,5.5096418044e-1,6.7379474685e-3,2.8377398849e-6
