lambda,ntilde_eta50,sigmaz_eta50,x2_eta50,u4x_eta50,gap_eta50,cv_eta50,ntilde_eta200,sigmaz_eta200,x2_eta200,u4x_eta200,gap_eta200,cv_eta200,ntilde_eta1000,sigmaz_eta1000,x2_eta1000,u4x_eta1000,gap_eta1000,cv_eta1000
0.500000,2.4038463041e-1,-9.9043253389e-1,1.0194211832e0,2.3978330665e-4,9.9004595052e-1,0.0000000000e0,2.4752474540e-1,-9.9752784404e-1,1.0049628403e0,1.6220979353e-5,9.9750306036e-1,0.0000000000e0,2.4950099861e-1,-9.9950112273e-1,1.0009985027e0,6.6304268231e-7,9.9950012448e-1,0.0000000000e0
0.601020,3.4739126677e-1,-9.8620426295e-1,1.0280652660e0,4.9236705934e-4,9.8564932852e-1,0.0000000000e0,3.5765296474e-1,-9.9642992228e-1,1.0071708776e0,3.3717539509e-5,9.9639417170e-1,0.0000000000e0,3.6050468335e-1,-9.9927925102e-1,1.0014427392e0,1.3830353758e-6,9.9927780912e-1,0.0000000000e0
0.702041,4.7408054875e-1,-9.8122249592e-1,1.0382983754e0,8.9893563283e-4,9.8047117138e-1,0.0000000000e0,4.8799319742e-1,-9.9513207401e-1,1.0097841439e0,6.2446405284e-5,9.9508339120e-1,0.0000000000e0,4.9187802255e-1,-9.9901672865e-1,1.0019684949e0,2.5719963693e-6,9.9901476207e-1,0.0000000000e0
0.803061,6.2047546815e-1,-9.7549840000e-1,1.0501218968e0,1.5052582655e-3,9.7452403561e-1,0.0000000000e0,6.3854698479e-1,-9.9363507629e-1,1.0128026623e0,1.0628482944e-4,9.9357151920e-1,0.0000000000e0,6.4362107276e-1,-9.9871358765e-1,1.0025757699e0,4.3983488913e-6,9.9871101551e-1,0.0000000000e0
0.904082,7.8660227449e-1,-9.6904477048e-1,1.0635374129e0,2.3583873069e-3,9.6782228637e-1,0.0000000000e0,8.0931616727e-1,-9.9193982397e-1,1.0162264606e0,1.6958547883e-4,9.9185947796e-1,0.0000000000e0,8.1573398207e-1,-9.9836986481e-1,1.0032645647e0,7.0555302419e-6,9.9836660662e-1,0.0000000000e0
1.005102,9.7249026544e-1,-9.6187598988e-1,1.0785466894e0,3.5048428069e-3,9.6038203938e-1,0.0000000000e0,1.0003027630e0,-9.9004733001e-1,1.0200555689e0,2.5712616052e-4,9.8994831070e-1,0.0000000000e0,1.0082167449e0,-9.9798560220e-1,1.0040348793e0,1.0761519976e-5,9.9798157752e-1,0.0000000000e0
1.106122,1.1781717256e0,-9.5400797551e-1,1.0951516732e0,4.9889238505e-3,9.5222109604e-1,0.0000000000e0,1.2115089870e0,-9.8795872425e-1,1.0242900204e0,3.7405539148e-4,9.8783918055e-1,0.0000000000e0,1.2210694822e0,-9.9756084658e-1,1.0048867141e0,1.5758317625e-5,9.9755597532e-1,0.0000000000e0
1.207143,1.4036815865e0,-9.4545813184e-1,1.1133544689e0,6.8512146452e-3,9.4335887214e-1,0.0000000000e0,1.4429374108e0,-9.8567525072e-1,1.0289298539e0,5.2583473729e-4,9.8553336938e-1,0.0000000000e0,1.4542923204e0,-9.9709564962e-1,1.0058200694e0,2.2311358900e-5,9.9708985206e-1,0.0000000000e0
1.308163,1.6490574496e0,-9.3624528351e-1,1.1331573445e0,9.1273419124e-3,9.3381632062e-1,0.0000000000e0,1.6945907690e0,-9.8319826831e-1,1.0339751108e0,7.1817849688e-4,9.8303227647e-1,0.0000000000e0,1.7078853682e0,-9.9659006798e-1,1.0068349456e0,3.0708878057e-5,9.9658326472e-1,0.0000000000e0
1.409184,1.9143391072e0,-9.2638962217e-1,1.1545626963e0,1.1847009395e-2,9.2361584872e-1,0.0000000000e0,1.9664719024e0,-9.8052924997e-1,1.0394258331e0,9.5699180412e-4,9.8033741714e-1,0.0000000000e0,1.9818484383e0,-9.9604416382e-1,1.0079313417e0,4.1261206705e-5,9.9603627518e-1,0.0000000000e0
1.510204,2.1995686537e0,-9.1591262606e-1,1.1775730634e0,1.5033332187e-2,9.1278123009e-1,0.0000000000e0,2.2585840282e0,-9.7766977853e-1,1.0452820695e0,1.2483083178e-3,9.7745042119e-1,0.0000000000e0,2.2761825417e0,-9.9545800181e-1,1.0091092618e0,5.4300096393e-5,9.9544895030e-1,0.0000000000e0
1.611224,2.5047898403e0,-9.0483700314e-1,1.2021910790e0,1.8702453786e-2,9.0133751226e-1,0.0000000000e0,2.5709304666e0,-9.7462154792e-1,1.0515438696e0,1.5982276057e-3,9.7437303124e-1,0.0000000000e0,2.5908868379e0,-9.9483165520e-1,1.0103687023e0,7.0177805165e-5,9.9482136177e-1,0.0000000000e0
1.712245,2.8300484220e0,-8.9318659344e-1,1.2284195043e0,2.2863445993e-2,8.8931092003e-1,0.0000000000e0,2.9035148350e0,-9.7138635947e-1,1.0582112880e0,2.0128538993e-3,9.7110710101e-1,0.0000000000e0,2.9259619938e0,-9.9416519912e-1,1.0117096657e0,8.9266409654e-5,9.9415358621e-1,0.0000000000e0
1.813265,3.1753911929e0,-8.8098631515e-1,1.2562611549e0,2.7518435394e-2,8.7672875527e-1,0.0000000000e0,3.2563408843e0,-9.6796612179e-1,1.0652843810e0,2.4982362011e-3,9.6765459347e-1,0.0000000000e0,3.2814080047e0,-9.9345871489e-1,1.0131321518e0,1.1195683402e-4,9.9344570508e-1,0.0000000000e0
1.914286,3.5408662898e0,-8.6826206117e-1,1.2857189309e0,3.2662950261e-2,8.6361929374e-1,0.0000000000e0,3.6294125619e0,-9.6436284825e-1,1.0727632078e0,3.0603110475e-3,9.6401757882e-1,0.0000000000e0,3.6572251135e0,-9.9271228818e-1,1.0146361615e0,1.3865798231e-4,9.9269780472e-1,0.0000000000e0
2.015306,3.9265228680e0,-8.5504061558e-1,1.3167957957e0,3.8286424161e-2,8.5001167935e-1,0.0000000000e0,4.0227340558e0,-9.6057865454e-1,1.0806478313e0,3.7048483408e-3,9.6019823246e-1,0.0000000000e0,4.0534134879e0,-9.9192600966e-1,1.0162216952e0,1.6979577094e-4,9.9190997628e-1,0.0000000000e0
2.116327,4.3324104788e0,-8.4134957704e-1,1.3494947312e0,4.4372816577e-2,8.3593581653e-1,0.0000000000e0,4.4363097119e0,-9.5661575742e-1,1.0889383170e0,4.4374005875e-3,9.5619883282e-1,0.0000000000e0,4.4699733113e0,-9.9109997474e-1,1.0178887535e0,2.0581215080e-4,9.9108231577e-1,0.0000000000e0
2.217347,4.7585792791e0,-8.2721725137e-1,1.3838187599e0,5.0901327151e-2,8.2142226122e-1,0.0000000000e0,4.8701439875e0,-9.5247647296e-1,1.0976347315e0,5.2632562084e-3,9.5202175908e-1,0.0000000000e0,4.9069047900e0,-9.9023428360e-1,1.0196373370e0,2.4716409478e-4,9.9021492393e-1,0.0000000000e0
2.318367,5.2050793638e0,-8.1267257210e-1,1.4197708964e0,5.7847141487e-2,8.0650211105e-1,0.0000000000e0,5.3242415664e0,-9.4816321316e-1,1.1067371451e0,6.1873975979e-3,9.4766948882e-1,0.0000000000e0,5.3642081132e0,-9.8932904123e-1,1.0214674462e0,2.9432255330e-4,9.8930790634e-1,0.0000000000e0
2.419388,5.6719607755e0,-7.9774499666e-1,1.4573541537e0,6.5182199230e-2,7.9120689518e-1,0.0000000000e0,5.7986073255e0,-9.4367848393e-1,1.1162456312e0,7.2144636711e-3,9.4314459558e-1,0.0000000000e0,5.8418835451e0,-9.8838435718e-1,1.0233790820e0,3.4777139914e-4,9.8836137331e-1,0.0000000000e0
2.520408,6.1592732493e0,-7.8246441087e-1,1.4965715273e0,7.2875943347e-2,7.7556846447e-1,0.0000000000e0,6.2932462930e0,-9.3902488304e-1,1.1261602655e0,8.3487172978e-3,9.3844974630e-1,0.0000000000e0,6.3399312359e0,-9.8740034600e-1,1.0253722448e0,4.0800632100e-4,9.8737543987e-1,0.0000000000e0
2.621429,6.6670656296e0,-7.6686104270e-1,1.5374259540e0,8.0896027896e-2,7.5961888240e-1,0.0000000000e0,6.8081634698e0,-9.3420509923e-1,1.1364811223e0,9.5940174081e-3,9.3358769873e-1,0.0000000000e0,6.8583514836e0,-9.8637712661e-1,1.0274469355e0,4.7553374996e-4,9.8635022578e-1,0.0000000000e0
2.722449,7.1953862460e0,-7.5096534639e-1,1.5799203467e0,8.9208988744e-2,7.4339031732e-1,0.0000000000e0,7.3433644253e0,-9.2922190407e-1,1.1472082866e0,1.0953798062e-2,9.2856129871e-1,0.0000000000e0,7.3971446688e0,-9.8531482247e-1,1.0296031554e0,5.5086973887e-4,9.8528585551e-1,0.0000000000e0
2.823469,7.7442818005e0,-7.3480793235e-1,1.6240575096e0,9.7780827666e-2,7.2691493643e-1,0.0000000000e0,7.8988543558e0,-9.2407815807e-1,1.1583418354e0,1.2431048810e-2,9.2337347740e-1,0.0000000000e0,7.9563105729e0,-9.8421356287e-1,1.0318409033e0,6.3453873203e-4,9.8418245810e-1,0.0000000000e0
2.924490,8.3137981966e0,-7.1841943967e-1,1.6698402098e0,1.0657755732e-1,7.1022480208e-1,0.0000000000e0,8.4746388413e0,-9.1877680083e-1,1.1698818525e0,1.4028304118e-2,9.1802724844e-1,0.0000000000e0,8.5358499380e0,-9.8307347982e-1,1.0341601821e0,7.2707265508e-4,9.8304016735e-1,0.0000000000e0
3.025510,8.9039792858e0,-7.0183047155e-1,1.7172710805e0,1.1556564110e-1,6.9335177079e-1,0.0000000000e0,9.0707237208e0,-9.1332084942e-1,1.1818284265e0,1.5747635500e-2,9.1252570505e-1,0.0000000000e0,9.1357630033e0,-9.8189471095e-1,1.0365609922e0,8.2900956566e-4,9.8185912157e-1,0.0000000000e0
3.126531,9.5148674236e0,-6.8507147965e-1,1.7663526703e0,1.2471238900e-1,6.7632739535e-1,0.0000000000e0,9.6871144950e0,-9.0771340097e-1,1.1941816385e0,1.7590646639e-2,9.0687201700e-1,0.0000000000e0,9.7560496610e0,-9.8067739911e-1,1.0390433332e0,9.4089251362e-4,9.8063946371e-1,0.0000000000e0
3.227551,1.0146502602e1,-6.6817269103e-1,1.8170873765e0,1.3398626191e-1,6.5918283053e-1,0.0000000000e0,1.0323817233e1,-9.0195762144e-1,1.2069415807e0,1.9558477150e-2,9.0106942763e-1,0.0000000000e0,1.0396710504e1,-9.7942169034e-1,1.0416072069e0,1.0632685863e-3,9.7938134118e-1,0.0000000000e0
3.328571,1.0798923815e1,-6.5116397788e-1,1.8694775601e0,1.4335714343e-1,6.4194874260e-1,0.0000000000e0,1.0980838043e1,-8.9605674742e-1,1.2201083454e0,2.1651806201e-2,8.9512125072e-1,0.0000000000e0,1.1057745993e1,-9.7812773545e-1,1.0442526150e0,1.1966876370e-3,9.7808490606e-1,0.0000000000e0
3.429592,1.1472166367e1,-6.3407483764e-1,1.9235253304e0,1.5279649236e-1,6.2465522319e-1,0.0000000000e0,1.1658182657e1,-8.9001408680e-1,1.2336820171e0,2.3870859838e-2,8.8903086736e-1,0.0000000000e0,1.1739156286e1,-9.7679569033e-1,1.0469795579e0,1.3417011104e-3,9.7675031479e-1,0.0000000000e0
3.530612,1.2166263700e1,-6.1693425545e-1,1.9792326925e0,1.6227750817e-1,6.0733170759e-1,0.0000000000e0,1.2355857310e1,-8.8383300778e-1,1.2476626898e0,2.6215425789e-2,8.8280172272e-1,0.0000000000e0,1.2440941228e1,-9.7542571594e-1,1.0497880344e0,1.4988609057e-3,9.7537772830e-1,0.0000000000e0
3.631633,1.2881246701e1,-5.9977064521e-1,2.0366015142e0,1.7177520760e-1,5.9000689795e-1,0.0000000000e0,1.3073868475e1,-8.7751693808e-1,1.2620504622e0,2.8684867683e-2,8.7643732287e-1,0.0000000000e0,1.3163101879e1,-9.7401797526e-1,1.0526780487e0,1.6687186213e-3,9.7396731200e-1,0.0000000000e0
3.732653,1.3617143409e1,-5.8261176484e-1,2.0956334635e0,1.8126647687e-1,5.7270869147e-1,1.1641532183e-10,1.3812221998e1,-8.7106936944e-1,1.2768454198e0,3.1278139489e-2,8.6994123142e-1,0.0000000000e0,1.3905638186e1,-9.7257263786e-1,1.0556496001e0,1.8518239453e-3,9.7251923564e-1,0.0000000000e0
3.833673,1.4373979778e1,-5.6548463646e-1,2.1563301129e0,1.9073008868e-1,5.5546411383e-1,0.0000000000e0,1.4570924494e1,-8.6449384200e-1,1.2920476635e0,3.3993810020e-2,8.6331706631e-1,0.0000000000e0,1.4668550744e1,-9.7108987640e-1,1.0587026907e0,2.0487239879e-3,9.7103367335e-1,0.0000000000e0
3.934694,1.5151777826e1,-5.4841551248e-1,2.2186927720e0,2.0014666736e-1,5.3829925812e-1,1.1641532183e-10,1.5349982293e1,-8.5779395037e-1,1.3076572882e0,3.6830080775e-2,8.5656849636e-1,0.0000000000e0,1.5451839197e1,-9.6956986968e-1,1.0618373187e0,2.2599618269e-3,9.6951080357e-1,0.0000000000e0
4.035714,1.5950557567e1,-5.3142976817e-1,2.2827226475e0,2.0949867406e-1,5.2123922922e-1,2.3283064365e-10,1.6149401615e1,-8.5097333871e-1,1.3236743864e0,3.9784809452e-2,8.4969923797e-1,0.0000000000e0,1.6255504754e1,-9.6801279779e-1,1.0650534886e0,2.4860761482e-3,9.6795080904e-1,0.0000000000e0
4.136735,1.6770335317e1,-5.1455187919e-1,2.3484207081e0,2.1877032897e-1,5.0430809389e-1,-2.3283064365e-10,1.6969189151e1,-8.4403569246e-1,1.3400990601e0,4.2855536188e-2,8.4271305170e-1,0.0000000000e0,1.7079547392e1,-9.6641884740e-1,1.0683511999e0,2.7275995014e-3,9.6635387674e-1,0.0000000000e0
4.237755,1.7611125039e1,-4.9780533887e-1,2.4157877928e0,2.2794755545e-1,4.8752883657e-1,4.6566128731e-10,1.7809351097e1,-8.3698474322e-1,1.3569314009e0,4.6039504892e-2,8.3561373884e-1,0.0000000000e0,1.7923967241e1,-9.6478820916e-1,1.0717304528e0,2.9850576833e-3,9.6472019791e-1,0.0000000000e0
4.338776,1.8472937830e1,-4.8121262109e-1,2.4848245703e0,2.3701789129e-1,4.7092332086e-1,0.0000000000e0,1.8669893804e1,-8.2982425985e-1,1.3741715040e0,4.9333691058e-2,8.2840513803e-1,0.0000000000e0,1.8788765484e1,-9.6312107580e-1,1.0751912516e0,3.2589690949e-3,9.6304996793e-1,0.0000000000e0
4.439796,1.9355781261e1,-4.6479514989e-1,2.5555314848e0,2.4597039215e-1,4.5451225684e-1,-2.3283064365e-10,1.9550824102e1,-8.2255804243e-1,1.3918194736e0,5.2734828718e-2,8.2109112179e-1,0.0000000000e0,1.9673941694e1,-9.6141764733e-1,1.0787335943e0,3.5498429996e-3,9.6134338626e-1,0.0000000000e0
4.540816,2.0259660414e1,-4.4857324213e-1,2.6279088393e0,2.5479554820e-1,4.3831517401e-1,4.6566128731e-10,2.0452148146e1,-8.1518992849e-1,1.4098754010e0,5.6239431664e-2,8.1367559308e-1,0.0000000000e0,2.0579496595e1,-9.5967812562e-1,1.0823574834e0,3.8581795058e-3,9.5960065658e-1,0.0000000000e0
4.641837,2.1184577682e1,-4.3256608088e-1,2.7019567782e0,2.6348518465e-1,4.2235039991e-1,1.3969838619e-9,2.1373872265e1,-8.0772378253e-1,1.4283393807e0,5.9843822106e-2,8.0616248187e-1,0.0000000000e0,2.1505430500e1,-9.5790271739e-1,1.0860629196e0,4.1844682313e-3,9.5782198657e-1,0.0000000000e0
4.742857,2.2130532005e1,-4.1679170282e-1,2.7776752247e0,2.7203235732e-1,4.0663504430e-1,2.7939677238e-9,2.2316003029e1,-8.0016349213e-1,1.4472115123e0,6.3544155947e-2,7.9855574173e-1,0.0000000000e0,2.2451743766e1,-9.5609163327e-1,1.0898499041e0,4.5291876370e-3,9.5600758787e-1,0.0000000000e0
4.843878,2.3097520318e1,-4.0126695358e-1,2.8550639956e0,2.8043126987e-1,3.9118498872e-1,7.9162418842e-9,2.3278546704e1,-7.9251296899e-1,1.4664918894e0,6.7336445029e-2,7.9085934633e-1,0.0000000000e0,2.3418437023e1,-9.5424508737e-1,1.0937184389e0,4.8928043475e-3,9.5415767618e-1,0.0000000000e0
4.944898,2.4085536707e1,-3.8600748843e-1,2.9341227313e0,2.8867717147e-1,3.7601488136e-1,2.1420419216e-8,2.4261509584e1,-7.8477614286e-1,1.4861806065e0,7.1216582037e-2,7.8307728610e-1,0.0000000000e0,2.4405510672e1,-9.5236329816e-1,1.0976685252e0,5.2757722353e-3,9.5227247111e-1,0.0000000000e0
5.045918,2.5094572521e1,-3.7102776136e-1,3.0148509032e0,2.9676626710e-1,3.6113813706e-1,4.9360096455e-8,2.5264898068e1,-7.7695695758e-1,1.5062777605e0,7.5180363521e-2,7.7521356475e-1,0.0000000000e0,2.5412964838e1,-9.5044648850e-1,1.1017001631e0,5.6785316938e-3,9.5035219613e-1,0.0000000000e0
5.146939,2.6124617185e1,-3.5634100988e-1,3.0972478760e0,3.0469563676e-1,3.4656694221e-1,1.1455267668e-7,2.6288718267e1,-7.6905937082e-1,1.5267834425e0,7.9223510070e-2,7.6727219596e-1,0.0000000000e0,2.6440800298e1,-9.4849488388e-1,1.1058133552e0,6.1015093551e-3,9.4839707858e-1,0.0000000000e0
5.247959,2.7175657637e1,-3.4195926588e-1,3.1813128600e0,3.1246314770e-1,3.3231226431e-1,2.6170164347e-7,2.7332975751e1,-7.6108735257e-1,1.5476977334e0,8.3341685948e-2,7.5925719996e-1,0.0000000000e0,2.7489017304e1,-9.4650871457e-1,1.1100081022e0,6.5451170084e-3,9.4640734958e-1,0.0000000000e0
5.348980,2.8247678711e1,-3.2789335721e-1,3.2670449394e0,3.2006737905e-1,3.1838386610e-1,5.8719888330e-7,2.8397677592e1,-7.5304486626e-1,1.5690207444e0,8.7530526667e-2,7.5117260026e-1,0.0000000000e0,2.8557616309e1,-9.4448821421e-1,1.1142844054e0,7.0097513179e-3,9.4438324405e-1,0.0000000000e0
5.450000,2.9340663296e1,-3.1415291762e-1,3.3544430820e0,3.2750754928e-1,3.0479032383e-1,1.2847594917e-6,2.9482829207e1,-7.4493588962e-1,1.5907525542e0,9.1785644805e-2,7.4302242029e-1,0.0000000000e0,2.9646597849e1,-9.4243362000e-1,1.1186422664e0,7.4957932485e-3,9.4232500053e-1,0.0000000000e0
5.551020,3.0454589207e1,-3.0074643988e-1,3.4435058851e0,3.3478342731e-1,2.9153904954e-1,2.7441419661e-6,3.0588436233e1,-7.3676439695e-1,1.6128932461e0,9.6102654522e-2,7.3481068016e-1,0.0000000000e0,3.0755962155e1,-9.4034517337e-1,1.1230816859e0,8.0036074020e-3,9.4023286130e-1,0.0000000000e0
5.652041,3.1589442259e1,-2.8768114195e-1,3.5342326201e0,3.4189535297e-1,2.7863631704e-1,5.7248398662e-6,3.1714505092e1,-7.2853435196e-1,1.6354429197e0,1.0047718955e-1,7.2654139343e-1,0.0000000000e0,3.1885710399e1,-9.3822311758e-1,1.1276026678e0,8.5335421430e-3,9.3810707224e-1,0.0000000000e0
5.753061,3.2745201230e1,-2.7496317631e-1,3.6266220241e0,3.4884407699e-1,2.6608729130e-1,1.1654570699e-5,3.2861040785e1,-7.2024972075e-1,1.6584016466e0,1.0490490920e-1,7.1821856393e-1,0.0000000000e0,3.3035841931e1,-9.3606770291e-1,1.1322052093e0,9.0859279014e-3,9.3594788276e-1,0.0000000000e0
5.854082,3.3921835625e1,-2.6259766593e-1,3.7206721182e0,3.5563070100e-1,2.5389606098e-1,2.3155473173e-5,3.4028049664e1,-7.1191444849e-1,1.6817695260e0,1.0938152250e-1,7.0984618262e-1,0.0000000000e0,3.4206357415e1,-9.3387918065e-1,1.1368893125e0,9.6610782671e-3,9.3375554583e-1,0.0000000000e0
5.955102,3.5119324088e1,-2.5058853664e-1,3.8163816785e0,3.6225673625e-1,2.4206567375e-1,4.4881366193e-5,3.5215537195e1,-7.0353247258e-1,1.7055466401e0,1.1390279163e-1,7.0142822450e-1,0.0000000000e0,3.5397259018e1,-9.3165780278e-1,1.1416549855e0,1.0259289833e-2,9.3153031783e-1,0.0000000000e0
6.056122,3.6337643591e1,-2.3893867325e-1,3.9137493662e0,3.6872398946e-1,2.3059817422e-1,8.4847211838e-5,3.6423506991e1,-6.9510772596e-1,1.7297330343e0,1.1846453940e-1,6.9296864552e-1,0.0000000000e0,3.6608545318e1,-9.2940383140e-1,1.1465022223e0,1.0880839353e-2,9.2927245864e-1,0.0000000000e0
6.157143,3.7576762176e1,-2.2765001341e-1,4.0127731441e0,3.7503448576e-1,2.1949464409e-1,1.5645474195e-4,3.7651966208e1,-6.8664409652e-1,1.7543288259e0,1.2306267942e-1,6.8447137972e-1,0.0000000000e0,3.7840217507e1,-9.2711752708e-1,1.1514310270e0,1.1525986589e-2,9.2698223142e-1,0.0000000000e0
6.258163,3.8836656981e1,-2.1672340919e-1,4.1134517147e0,3.8119052508e-1,2.0875524424e-1,2.8139352798e-4,3.8900918658e1,-6.7814547214e-1,1.7793340657e0,1.2769319879e-1,6.7594033615e-1,0.0000000000e0,3.9092276032e1,-9.2479915512e-1,1.1564414009e0,1.2194972433e-2,9.2465990269e-1,0.0000000000e0
6.359184,4.0117301433e1,-2.0615877734e-1,4.2157834918e0,3.8719457893e-1,1.9837925846e-1,4.9365963787e-4,4.0170370367e1,-6.6961569945e-1,1.8047488496e0,1.3235218663e-1,6.6737939611e-1,0.0000000000e0,4.0364721155e1,-9.2244898441e-1,1.1615333447e0,1.2888019017e-2,9.2230574227e-1,0.0000000000e0
6.460204,4.1418670291e1,-1.9595507551e-1,4.3197669997e0,3.9304928458e-1,1.8836513861e-1,8.4484461695e-4,4.1460326296e1,-6.6105860349e-1,1.8305732529e0,1.3703582840e-1,6.5879241033e-1,0.0000000000e0,4.1657553730e1,-9.2006728596e-1,1.1667068612e0,1.3605330006e-2,9.1992002309e-1,0.0000000000e0
6.561224,4.2740731139e1,-1.8611037966e-1,4.4254001888e0,3.9875737953e-1,1.7871055081e-1,1.4106472954e-3,4.2770789864e1,-6.5247798776e-1,1.8568073207e0,1.4174041007e-1,6.5018319621e-1,0.0000000000e0,4.2970774229e1,-9.1765433466e-1,1.1719619517e0,1.4347089991e-2,9.1750302133e-1,0.0000000000e0
6.662245,4.4083460010e1,-1.7662176667e-1,4.5326816789e0,4.0432174568e-1,1.6941242247e-1,2.2984817624e-3,4.4101766136e1,-6.4387761037e-1,1.8834511320e0,1.4646233441e-1,6.4155553514e-1,0.0000000000e0,4.4304382767e1,-9.1521040916e-1,1.1772986163e0,1.5113464426e-2,9.1505501628e-1,0.0000000000e0
6.763265,4.5446828873e1,-1.6748540086e-1,4.6416097542e0,4.0974533076e-1,1.6046698986e-1,3.6554932594e-3,4.5453258041e1,-6.3526120614e-1,1.9105047235e0,1.5119811140e-1,6.3291316997e-1,0.0000000000e0,4.5658380696e1,-9.1273578889e-1,1.1827168598e0,1.5904600542e-2,9.1257629020e-1,0.0000000000e0
6.864286,4.6830809685e1,-1.5869647830e-1,4.7521826795e0,4.1503114676e-1,1.5186984601e-1,5.6761242449e-3,4.6825273784e1,-6.2663243696e-1,1.9379682388e0,1.5594438723e-1,6.2425980242e-1,0.0000000000e0,4.7032767742e1,-9.1023075926e-1,1.1882166807e0,1.6720625702e-2,9.1006712840e-1,0.0000000000e0
6.965306,4.8235386199e1,-1.5024912321e-1,4.8643996374e0,4.2018229463e-1,1.4361598857e-1,8.6078066379e-3,4.8217813298e1,-6.1799497490e-1,1.9658416562e0,1.6069789957e-1,6.1559909068e-1,0.0000000000e0,4.8427544843e1,-9.0769560642e-1,1.1937980820e0,1.7561649105e-2,9.0752781914e-1,0.0000000000e0
7.066327,4.9660532022e1,-1.4213648420e-1,4.9782589656e0,4.2520186455e-1,1.3569986761e-1,1.2753073126e-2,4.9630882535e1,-6.0935240971e-1,1.9941250758e0,1.6545552892e-1,6.0693464700e-1,0.0000000000e0,4.9842712344e1,-9.0513062048e-1,1.1994610647e0,1.8427760815e-2,9.0495865358e-1,0.0000000000e0
7.167347,5.1106220127e1,-1.3435062599e-1,5.0937589089e0,4.3009296135e-1,1.2811543293e-1,1.8466105685e-2,5.1064484070e1,-6.0070830524e-1,2.0228185305e0,1.7021426729e-1,5.9827003543e-1,0.0000000000e0,5.1278271335e1,-9.0253609306e-1,1.2052056326e0,1.9319032678e-2,9.0235992564e-1,0.0000000000e0
7.268367,5.2572441079e1,-1.2688240933e-1,5.2108990675e0,4.3485875110e-1,1.2085618081e-1,2.6142004877e-2,5.2518622723e1,-5.9206616270e-1,2.0519220995e0,1.7497123773e-1,5.8960876959e-1,0.0000000000e0,5.2734220692e1,-8.9991232252e-1,1.2110317807e0,2.0235516632e-2,8.9973193214e-1,0.0000000000e0
7.369388,5.4059177305e1,-1.1972163077e-1,5.3296783317e0,4.3950236094e-1,1.1391519994e-1,3.6197252572e-2,5.3993298648e1,-5.8342945960e-1,2.0814357691e0,1.7972367168e-1,5.8095431056e-1,-1.8626451492e-9,5.4210562792e1,-8.9725960367e-1,1.2169395179e0,2.1177248445e-2,8.9707497246e-1,0.0000000000e0
7.470408,5.5566417132e1,-1.1285698990e-1,5.4500959983e0,4.4402691696e-1,1.0728521644e-1,4.9040922895e-2,5.5488518248e1,-5.7480158335e-1,2.1113596518e0,1.8446894393e-1,5.7231006484e-1,1.8626451492e-9,5.5707297768e1,-8.9457823802e-1,1.2229288442e0,2.2144244338e-2,8.9438934879e-1,0.0000000000e0
7.571429,5.7094152462e1,-1.0627620829e-1,5.5721515806e0,4.4843552672e-1,1.0095863769e-1,6.5037043765e-2,5.7004283208e1,-5.6618589367e-1,2.1416937664e0,1.8920453617e-1,5.6367938235e-1,0.0000000000e0,5.7224425840e1,-8.9186852954e-1,1.2289997599e0,2.3136502638e-2,8.9167536586e-1,0.0000000000e0
7.672449,5.8642378564e1,-9.9966213492e-2,5.6958447932e0,4.5273127018e-1,9.4927594927e-2,8.4460282698e-2,5.8540599516e1,-5.5758566876e-1,2.1724382190e0,1.9392806433e-1,5.5506555461e-1,3.7252902985e-9,5.8761947517e1,-8.8913078421e-1,1.2351522666e0,2.4154004180e-2,8.8893333095e-1,0.0000000000e0
7.773469,6.0211093994e1,-9.3913409726e-2,5.8211755515e0,4.5691719209e-1,8.9183984421e-2,1.0744829476e-1,6.0097462424e1,-5.4900418743e-1,2.2035929014e0,1.9863723077e-1,5.4647181293e-1,3.7252902985e-9,6.0319863981e1,-8.8636530933e-1,1.2413863683e0,2.5196712838e-2,8.8616355383e-1,0.0000000000e0
7.874490,6.1800292246e1,-8.8104066621e-2,5.9481433166e0,4.6099627431e-1,8.3719507178e-2,1.3395559415e-1,6.1674882229e1,-5.4044458426e-1,2.2351580078e0,2.0332990100e-1,5.3790132671e-1,0.0000000000e0,6.1898174289e1,-8.8357241842e-1,1.2477020608e0,2.6264573947e-2,8.8336634673e-1,0.0000000000e0
7.975510,6.3409997711e1,-8.2524637938e-2,6.0767499886e0,4.6497152085e-1,7.8525706990e-2,1.6371481493e-1,6.3272856270e1,-5.3191000255e-1,2.2671334737e0,2.0800401655e-1,5.2935720185e-1,1.8626451492e-9,6.3496880263e1,-8.8075242245e-1,1.2540993508e0,2.7357517903e-2,8.8054202421e-1,0.0000000000e0
8.076531,6.5040191162e1,-7.7162515051e-2,6.2069939774e0,4.6884576562e-1,7.3594006814e-2,1.9621146098e-1,6.4891387956e1,-5.2340348824e-1,2.2995193571e0,2.1265764997e-1,5.2084247918e-1,-3.7252902985e-9,6.5115983509e1,-8.7790563515e-1,1.2605782442e0,2.8475458521e-2,8.7769090322e-1,0.0000000000e0
8.177551,6.6690881291e1,-7.2006310146e-2,6.3388759511e0,4.7262184924e-1,6.8915743382e-2,2.3067815229e-1,6.6530479342e1,-5.1492802905e-1,2.3323156900e0,2.1728897988e-1,5.1236013314e-1,-3.7252902985e-9,6.6755481776e1,-8.7503237926e-1,1.2671387313e0,2.9618290830e-2,8.7481330285e-1,0.0000000000e0
8.278571,6.8362066378e1,-6.7046492428e-2,6.4723958065e0,4.7630252036e-1,6.4482200002e-2,2.6611250266e-1,6.8190131741e1,-5.0648654957e-1,2.3655224902e0,2.2189629019e-1,5.0391307030e-1,0.0000000000e0,6.8415378393e1,-8.7213296994e-1,1.2737808250e0,3.0785897986e-2,8.7190954451e-1,0.0000000000e0
8.379592,7.0053739812e1,-6.2275802919e-2,6.6075531465e0,4.7989044870e-1,6.0284637475e-2,3.0132118985e-1,6.9870345673e1,-4.9808190982e-1,2.3991397608e0,2.2647796724e-1,4.9550412821e-1,7.4505805969e-9,7.0095671138e1,-8.6920773421e-1,1.2805045157e0,3.1978143893e-2,8.6897995167e-1,0.0000000000e0
8.480612,7.1765888484e1,-5.7689566633e-2,6.7443471825e0,4.8338822143e-1,5.6314323160e-2,3.3498855680e-1,7.1571125097e1,-4.8971688330e-1,2.4331675746e0,2.3103250817e-1,4.8713607422e-1,0.0000000000e0,7.1796363351e1,-8.6625699148e-1,1.2873098163e0,3.3194881420e-2,8.6602484994e-1,0.0000000000e0
8.581633,7.3498491892e1,-5.3285827619e-2,6.8827766876e0,4.8679834210e-1,5.2562558108e-2,3.6576546729e-1,7.3292469149e1,-4.8139419676e-1,2.4676059086e0,2.3555849540e-1,4.7881160439e-1,-3.7252902985e-9,7.3517453911e1,-8.6328107094e-1,1.2941967217e0,3.4435945714e-2,8.6304456686e-1,0.0000000000e0
8.682653,7.5251521021e1,-4.9065274624e-2,7.0228399209e0,4.9012323026e-1,4.9020702286e-2,3.9236971736e-1,7.5034379250e1,-4.7311649388e-1,2.5024547868e0,2.4005461283e-1,4.7053334254e-1,0.0000000000e0,7.5258944161e1,-8.6028029947e-1,1.3011652367e0,3.5701159543e-2,8.6003943198e-1,0.0000000000e0
8.783673,7.7024938508e1,-4.5030940983e-2,7.1645346403e0,4.9336522450e-1,4.5680197920e-2,4.1368710995e-1,7.6796855369e1,-4.6488635256e-1,2.5377142048e0,2.4451963263e-1,4.6230383934e-1,3.7252902985e-9,7.7020834993e1,-8.5725500665e-1,1.3082153642e0,3.6990331654e-2,8.5700977679e-1,0.0000000000e0
8.884694,7.8818709427e1,-4.1187676667e-2,7.3078589491e0,4.9652660458e-1,4.2532590933e-2,4.2886073142e-1,7.8579898977e1,-4.5670627009e-1,2.5733841892e0,2.4895241964e-1,4.5412557151e-1,7.4505805969e-9,7.8803125601e1,-8.5420552683e-1,1.3153471006e0,3.8303256273e-2,8.5395593453e-1,0.0000000000e0
8.985714,8.0632752995e1,-3.7541554163e-2,7.4528074062e0,4.9960951151e-1,3.9569550523e-2,4.3735717610e-1,8.0383510231e1,-4.4857867564e-1,2.6094647413e0,2.5335192091e-1,4.4600094113e-1,0.0000000000e0,8.0605817568e1,-8.5113219201e-1,1.3225604515e0,3.9639716555e-2,8.5087824028e-1,0.0000000000e0
9.086735,8.2467044217e1,-3.4098909626e-2,7.5993791072e0,5.0261612716e-1,3.6782886926e-2,4.3900117278e-1,8.2207689308e1,-4.4050592325e-1,2.6459558636e0,2.5771716592e-1,4.3793227502e-1,3.7252902985e-9,8.2428909400e1,-8.4803534118e-1,1.3298554104e0,4.0999481000e-2,8.4777703082e-1,0.0000000000e0
9.187755,8.4321516920e1,-3.0865702305e-2,7.7475698835e0,5.0554850953e-1,3.4164567374e-2,4.3397498876e-1,8.4052436118e1,-4.3249029249e-1,2.6828575540e0,2.6204726262e-1,4.2992182415e-1,0.0000000000e0,8.4272405856e1,-8.4491530439e-1,1.3372319958e0,4.2382310862e-2,8.4465264452e-1,0.0000000000e0
9.288776,8.6196116304e1,-2.7846669804e-2,7.8973764484e0,5.0840868613e-1,3.1706730339e-2,4.2278416455e-1,8.5917750659e1,-4.2453398649e-1,2.7201698134e0,2.6634139512e-1,4.2197176326e-1,0.0000000000e0,8.6136304392e1,-8.4177242565e-1,1.3446901969e0,4.3787950490e-2,8.4150542144e-1,0.0000000000e0
9.389796,8.8090791556e1,-2.5044714220e-2,8.0487957531e0,5.1119864262e-1,2.9401698079e-2,4.0619599819e-1,8.7803632456e1,-4.1663913383e-1,2.7578926337e0,2.7059881919e-1,4.1408419046e-1,7.4505805969e-9,8.8020607187e1,-8.3860704255e-1,1.3522300217e0,4.5216136782e-2,8.3833570315e-1,0.0000000000e0
9.490816,9.0005498169e1,-2.2460450657e-2,8.2018251280e0,5.1392032742e-1,2.7241987578e-2,3.8516064733e-1,8.9710080978e1,-4.0880778644e-1,2.7960260066e0,2.7481886018e-1,4.0626112696e-1,3.7252902985e-9,8.9925312776e1,-8.3541950027e-1,1.3598514640e0,4.6666593358e-2,8.3514383262e-1,0.0000000000e0
9.591837,9.1940199695e1,-2.0091962592e-2,8.3564623868e0,5.1657565439e-1,2.5220319918e-2,3.6072595417e-1,9.1637096049e1,-4.0104191772e-1,2.8345699319e0,2.7900091076e-1,3.9850451685e-1,7.4505805969e-9,9.1850423536e1,-8.3221013896e-1,1.3675545326e0,4.8139036701e-2,8.3193015436e-1,0.0000000000e0
9.692857,9.3894868871e1,-1.7934764339e-2,8.5127058943e0,5.1916650392e-1,2.3329628148e-2,3.3395639807e-1,9.3584676413e1,-3.9334342816e-1,2.8735243884e0,2.8314442485e-1,3.9081622705e-1,1.4901161194e-8,9.3795939675e1,-8.2897930379e-1,1.3753392278e0,4.9633172061e-2,8.2869501405e-1,0.0000000000e0
9.793878,9.5869488081e1,-1.5981947938e-2,8.6705545940e0,5.2169472245e-1,2.1563063798e-2,3.0586437881e-1,9.5552820906e1,-3.8571414038e-1,2.9128893576e0,2.8724891732e-1,3.8319804717e-1,7.4505805969e-9,9.5761861216e1,-8.2572734150e-1,1.3832055491e0,5.1148695426e-2,8.2543875879e-1,0.0000000000e0
9.894898,9.7864049210e1,-1.4224475496e-2,8.8300079997e0,5.2416212093e-1,1.9914001977e-2,2.7735825628e-1,9.7541529273e1,-3.7815579618e-1,2.9526648398e0,2.9131396264e-1,3.7565168966e-1,1.4901161194e-8,9.7748188690e1,-8.2245459922e-1,1.3911534979e0,5.2685294515e-2,8.2216173689e-1,0.0000000000e0
9.995918,9.9878552998e1,-1.2651569957e-2,8.9910661563e0,5.2657047242e-1,1.8376045256e-2,2.4920921028e-1,9.9550799495e1,-3.7067006679e-1,2.9928508011e0,2.9533918669e-1,3.6817878984e-1,2.9802322388e-8,9.9754924454e1,-8.1916142228e-1,1.3991830833e0,5.4242650280e-2,8.1886429776e-1,0.0000000000e0
10.096939,1.0191300802e2,-1.1251156636e-2,9.1537295787e0,5.2892150952e-1,1.6943026347e-2,2.2203570604e-1,1.0158063041e2,-3.6325854297e-1,3.0334472250e0,2.9932426940e-1,3.6078090620e-1,3.7252902985e-8,1.0178206729e2,-8.1584816297e-1,1.4072942997e0,5.5820433174e-2,8.1554679198e-1,0.0000000000e0
10.197959,1.0396742942e2,-1.0010313173e-2,9.3179991766e0,5.3121692165e-1,1.5609009693e-2,1.9630248845e-1,1.0363102049e2,-3.5592273993e-1,3.0744540887e0,3.0326893958e-1,3.5345952055e-1,6.7055225372e-8,1.0382961747e2,-8.1251517219e-1,1.4154871477e0,5.7418307525e-2,8.1220957113e-1,0.0000000000e0
10.298980,1.0604183760e2,-8.9156943633e-3,9.4838761737e0,5.3345835279e-1,1.4368291970e-2,1.7233072221e-1,1.0570196787e2,-3.4866409736e-1,3.1158713633e0,3.0717297254e-1,3.4621603846e-1,1.2665987015e-7,1.0589757757e2,-8.0916279807e-1,1.4237616369e0,5.9035932651e-2,8.0885298775e-1,0.0000000000e0
10.400000,1.0813625681e2,-7.9539086559e-3,9.6513620264e0,5.3564739956e-1,1.3215401733e-2,1.5031504631e-1,1.0779347111e2,-3.4148397726e-1,3.1576990289e0,3.1103618894e-1,3.3905178963e-1,1.7881393433e-7,1.0798594591e2,-8.0579139662e-1,1.4321177600e0,6.0672958160e-2,8.0547739534e-1,0.0000000000e0
10.501020,1.1025071395e2,-7.1118328339e-3,9.8204583488e0,5.3778560993e-1,1.2145098091e-2,1.3034442067e-1,1.0990552788e2,-3.3438366878e-1,3.1999370488e0,3.1485845006e-1,3.3196802834e-1,2.5331974030e-7,1.1009472345e2,-8.0240132035e-1,1.4405555205e0,6.2329029818e-2,8.0208314824e-1,0.0000000000e0
10.602041,1.1238523741e2,-6.3768599303e-3,9.9911668448e0,5.3987448252e-1,1.1152368626e-2,1.1242373288e-1,1.1203813645e2,-3.2736438378e-1,3.2425853980e0,3.1863965813e-1,3.2496593408e-1,3.9488077164e-7,1.1222391107e2,-7.9899292278e-1,1.4490749211e0,6.4003787813e-2,7.9867060159e-1,0.0000000000e0
10.703061,1.1453985614e2,-5.7370817546e-3,1.0163489252e1,5.4191546642e-1,1.0232426608e-2,9.6494652331e-2,1.1419129434e2,-3.2042726168e-1,3.2856440386e0,3.2237975181e-1,3.1804661208e-1,6.0349702835e-7,1.1437351155e2,-7.9556655513e-1,1.4576759725e0,6.5696868778e-2,7.9524011122e-1,0.0000000000e0
10.804082,1.1671459887e2,-5.1814116943e-3,1.0337427294e1,5.4390996155e-1,9.3807074820e-3,8.2453869283e-2,1.1636499969e2,-3.1357336596e-1,3.3291129441e0,3.2607870626e-1,3.1121109402e-1,8.9406967163e-7,1.1654352299e2,-7.9212257680e-1,1.4663586664e0,6.7407901018e-2,7.9179203371e-1,0.0000000000e0
10.905102,1.1890949350e2,-4.6996560416e-3,1.0512982646e1,5.4585931942e-1,8.5928648910e-3,7.0168919861e-2,1.1855924982e2,-3.0680368912e-1,3.3729920730e0,3.2973652876e-1,3.0446033876e-1,1.3113021851e-6,1.1873394610e2,-7.8866134360e-1,1.4751230052e0,6.9136510668e-2,7.8832672616e-1,0.0000000000e0
11.006122,1.2112456666e2,-4.2825429496e-3,1.0690156907e1,5.4776484421e-1,7.8647660240e-3,5.9490725398e-2,1.2077404199e2,-3.0011915115e-1,3.4172813830e0,3.3335325798e-1,2.9779523314e-1,1.9297003746e-6,1.2094478124e2,-7.8518321247e-1,1.4839689898e0,7.0882319764e-2,7.8484454629e-1,0.0000000000e0
11.107143,1.2335984342e2,-3.9217182674e-3,1.0868951579e1,5.4962779410e-1,7.1924866711e-3,5.0263442099e-2,1.2300937404e2,-2.9352059837e-1,3.4619808439e0,3.3692896313e-1,2.9121659280e-1,2.7865171432e-6,1.2317603103e2,-7.8168853731e-1,1.4928966299e0,7.2644948714e-2,7.8134585226e-1,0.0000000000e0
11.208163,1.2561534707e2,-3.6097166176e-3,1.1049368062e1,5.5144938282e-1,6.5723057532e-3,4.2331717908e-2,1.2526524324e2,-2.8700880783e-1,3.5070904145e0,3.4046374021e-1,2.8472516308e-1,4.0531158447e-6,1.2542769372e2,-7.7817767932e-1,1.5019059182e0,7.4424011427e-2,7.7783100272e-1,0.0000000000e0
11.309184,1.2789109902e2,-3.3399151322e-3,1.1231407640e1,5.5323078122e-1,6.0006996364e-3,3.5545758903e-2,1.2754164659e2,-2.8058448727e-1,3.5526100481e0,3.4395771080e-1,2.7832162002e-1,5.8412551880e-6,1.2769977094e2,-7.7465099479e-1,1.5109968605e0,7.6219121844e-2,7.7430035663e-1,0.0000000000e0
11.410204,1.3018711882e2,-3.1064759233e-3,1.1415071486e1,5.5497311898e-1,5.4743360481e-3,2.9764816165e-2,1.2983858143e2,-2.7424827413e-1,3.5985397063e0,3.4741102134e-1,2.7200657129e-1,8.3297491074e-6,1.2999226306e2,-7.7110884229e-1,1.5201694578e0,7.8029890626e-2,7.7075427329e-1,0.0000000000e0
11.511224,1.3250342411e2,-2.9042822374e-3,1.1600360661e1,5.5667748626e-1,4.9900678943e-3,2.4859145284e-2,1.3215604448e2,-2.6800073940e-1,3.6448793380e0,3.5082384009e-1,2.6578055731e-1,1.1831521988e-5,1.3230517052e2,-7.6755158055e-1,1.5294237113e0,7.9855926578e-2,7.6719311220e-1,0.0000000000e0
11.612245,1.3484003077e2,-2.7288720280e-3,1.1787276115e1,5.5834493540e-1,4.5449267971e-3,2.0710945129e-2,1.3449403371e2,-2.6184238361e-1,3.6916289173e0,3.5419635825e-1,2.5964405227e-1,1.6793608665e-5,1.3463849285e2,-7.6397956988e-1,1.5387596185e0,8.1696836217e-2,7.6361723311e-1,0.0000000000e0
11.713265,1.3719695295e2,-2.5763717701e-3,1.1975818699e1,5.5997648255e-1,4.1361165382e-3,1.7214715481e-2,1.3685258782e2,-2.5577353794e-1,3.7387892337e0,3.5752884362e-1,2.5359746528e-1,2.3528933525e-5,1.3699223391e2,-7.6039316410e-1,1.5481771944e0,8.3552228268e-2,7.6002699587e-1,0.0000000000e0
11.814286,1.3957420325e2,-2.4434324950e-3,1.2165989169e1,5.6157310922e-1,3.7610064497e-3,1.4276847243e-2,1.3923155435e2,-2.4979495214e-1,3.7863572534e0,3.6082131577e-1,2.4764114158e-1,3.2857060432e-5,1.3936639093e2,-7.5679272731e-1,1.5576764273e0,8.5421705320e-2,7.5642276038e-1,0.0000000000e0
11.915306,1.4197179278e2,-2.3271693552e-3,1.2357788192e1,5.6313576379e-1,3.4171246885e-3,1.1815160513e-2,1.4163114973e2,-2.4390638414e-1,3.8343373210e0,3.6407432297e-1,2.4177536375e-1,4.5597553253e-5,1.4176096195e2,-7.5317862223e-1,1.5672573089e0,8.7304870064e-2,7.5280488662e-1,0.0000000000e0
12.016327,1.4438973132e2,-2.2251055452e-3,1.2551216354e1,5.6466536296e-1,3.1021515449e-3,9.7578316927e-3,1.4405118165e2,-2.3810854554e-1,3.8827256063e0,3.6728786767e-1,2.3600035288e-1,6.2867999077e-5,1.4417595831e2,-7.4955119161e-1,1.5769198839e0,8.9201335383e-2,7.4917373443e-1,0.0000000000e0
12.117347,1.4682802744e2,-2.1351209950e-3,1.2746274171e1,5.6616279311e-1,2.8139127897e-3,8.0427527428e-3,1.4649177302e2,-2.3240131576e-1,3.9315245840e0,3.7046239331e-1,2.3031626991e-1,8.6203217506e-5,1.4661137174e2,-7.4591080763e-1,1.5866641189e0,9.1110698801e-2,7.4552966365e-1,0.0000000000e0
12.218367,1.4928668861e2,-2.0554059591e-3,1.2942962091e1,5.6762891158e-1,2.5503729532e-3,6.6163241863e-3,1.4895284528e2,-2.2678499512e-1,3.9807326994e0,3.7359808912e-1,2.2472321695e-1,1.1737644672e-4,1.4906720120e2,-7.4225783133e-1,1.5964900090e0,9.3032563881e-2,7.4187303379e-1,0.0000000000e0
12.319388,1.5176572137e2,-1.9844194637e-3,1.3141280505e1,5.6906454789e-1,2.3096288350e-3,5.4326951504e-3,1.5143440498e2,-2.2125962042e-1,4.0303500999e0,3.7669526966e-1,2.1922123854e-1,1.5880167484e-4,1.5154345069e2,-7.3859261609e-1,1.6063975697e0,9.4966538762e-2,7.3820420433e-1,0.0000000000e0
12.420408,1.5426513134e2,-1.9208523802e-3,1.3341229752e1,5.7047050491e-1,2.0899029882e-3,4.4525563717e-3,1.5393648314e2,-2.1582511921e-1,4.0803774230e0,3.7975428931e-1,2.1381032310e-1,2.1362304688e-4,1.5404012113e2,-7.3491551961e-1,1.6163868043e0,9.6912230064e-2,7.3452353436e-1,0.0000000000e0
12.521429,1.5678492340e2,-1.8635948585e-3,1.3542810126e1,5.7184755989e-1,1.8895374381e-3,3.6426931620e-3,1.5645905757e2,-2.1048147935e-1,4.1308142417e0,3.8277544618e-1,2.0849040426e-1,2.8549134731e-4,1.5655721243e2,-7.3122690078e-1,1.6264577118e0,9.8869244789e-2,7.3083138263e-1,0.0000000000e0
12.622449,1.5932510178e2,-1.8117077605e-3,1.3746021879e1,5.7319646556e-1,1.7069873891e-3,2.9748380184e-3,1.5900212471e2,-2.0522858924e-1,4.1816605019e0,3.8575907124e-1,2.0326136226e-1,3.7918984890e-4,1.5909472517e2,-7.2752711710e-1,1.6366102941e0,1.0083719187e-1,7.2712810754e-1,0.0000000000e0
12.723469,1.6188567008e2,-1.7643977540e-3,1.3950865228e1,5.7451795104e-1,1.5408152320e-3,2.4251788855e-3,1.6156569921e2,-2.0006624426e-1,4.2329165135e0,3.8870552467e-1,1.9812302541e-1,5.0054490566e-4,1.6165266039e2,-7.2381652500e-1,1.6468445547e0,1.0281568225e-1,7.2341406702e-1,0.0000000000e0
12.824490,1.6446663142e2,-1.7209956851e-3,1.4157340359e1,5.7581272276e-1,1.3896846102e-3,1.9736588001e-3,1.6414970984e2,-1.9499435309e-1,4.2845808692e0,3.9161507690e-1,1.9307517152e-1,6.5658986568e-4,1.6423101530e2,-7.2009548590e-1,1.6571604822e0,1.0480432583e-1,7.1968961852e-1,0.0000000000e0
12.925510,1.6706798844e2,-1.6809378885e-3,1.4365447433e1,5.7708146536e-1,1.2523547682e-3,1.6034990549e-3,1.6675424902e2,-1.9001244653e-1,4.3366554340e0,3.9448819003e-1,1.8811752934e-1,8.5607171059e-4,1.6682979541e2,-7.1636434874e-1,1.6675580979e0,1.0680274101e-1,7.1595511884e-1,0.0000000000e0
13.026531,1.6968974341e2,-1.6437500872e-3,1.4575186585e1,5.7832484246e-1,1.1276749701e-3,1.3004839420e-3,1.6937925341e2,-1.8512030422e-1,4.3891389583e0,3.9732515707e-1,1.8324978003e-1,1.1093020439e-3,1.6944899827e2,-7.1262347332e-1,1.6780373915e0,1.0881054236e-1,7.1221092427e-1,0.0000000000e0
13.127551,1.7233189826e2,-1.6090335791e-3,1.4786557931e1,5.7954349749e-1,1.0145791641e-3,1.0530054569e-3,1.7202474984e2,-1.8031747697e-1,4.4420319956e0,4.0012637620e-1,1.7847155864e-1,1.4286041260e-3,1.7208862470e2,-7.0887321405e-1,1.6885983660e0,1.1082734954e-1,7.0845739043e-1,0.0000000000e0
13.228571,1.7499445464e2,-1.5764534249e-3,1.4999561570e1,5.8073805437e-1,9.1208094216e-4,8.5118412971e-4,1.7469068621e2,-1.7560360254e-1,4.4953335205e0,4.0289216670e-1,1.7378245564e-1,1.8285363913e-3,1.7474867574e2,-7.0511392435e-1,1.6992410249e0,1.1285278508e-1,7.0469487207e-1,0.0000000000e0
13.329592,1.7767741392e2,-1.5457283674e-3,1.5214197585e1,5.8190911826e-1,8.1926850621e-4,6.8683922291e-4,1.7737710805e2,-1.7097808751e-1,4.5490444602e0,4.0562295423e-1,1.6918201834e-1,2.3262798786e-3,1.7742915075e2,-7.0134595920e-1,1.7099653653e0,1.1488647314e-1,7.0092372332e-1,0.0000000000e0
13.430612,1.8038077729e2,-1.5166222646e-3,1.5430466046e1,5.8305727621e-1,7.3530002453e-4,5.5332481861e-4,1.8008395940e2,-1.6644045751e-1,4.6031637116e0,4.0831906388e-1,1.6466975242e-1,2.9416382313e-3,1.8013005133e2,-6.9756966970e-1,1.7207713930e0,1.1692804263e-1,6.9714429741e-1,0.0000000000e0
13.531633,1.8310454574e2,-1.4889368203e-3,1.5648367014e1,5.8418309778e-1,6.5939907748e-4,4.4503808022e-4,1.8281138269e2,-1.6198985205e-1,4.6576941389e0,4.1098101955e-1,1.6024512346e-1,3.6975443363e-3,1.8285137860e2,-6.9378540666e-1,1.7316591121e0,1.1897712540e-1,6.9335694667e-1,0.0000000000e0
13.632653,1.8584872010e2,-1.4625054348e-3,1.5867900539e1,5.8528713569e-1,5.9085039007e-4,3.5735964775e-4,1.8555915617e2,-1.5762594562e-1,4.7126313237e0,4.1360899142e-1,1.5590755840e-1,4.6198368073e-3,1.8559312991e2,-6.8999352526e-1,1.7426285114e0,1.2103335382e-1,6.8956202256e-1,0.0000000000e0
13.733673,1.8861330108e2,-1.4371880139e-3,1.6089066663e1,5.8636992638e-1,5.2899572350e-4,2.8643012047e-4,1.8832739913e2,-1.5334779624e-1,4.7679776664e0,4.1620348484e-1,1.5165644705e-1,5.7379901409e-3,1.8835530471e2,-6.8619437672e-1,1.7536795884e0,1.2309636543e-1,6.8575987542e-1,0.0000000000e0
13.834694,1.9139828928e2,-1.4128665972e-3,1.6311865422e1,5.8743199055e-1,4.7322996542e-4,2.2929906845e-4,1.9111613041e2,-1.4915456940e-1,4.8237335583e0,4.1876490594e-1,1.4749114358e-1,7.0848166943e-3,1.9113791481e2,-6.8238829430e-1,1.7648123898e0,1.2516581067e-1,6.8195085468e-1,0.0000000000e0
13.935714,1.9420368517e2,-1.3894416845e-3,1.6536296845e1,5.8847383372e-1,4.2299744234e-4,1.8316507339e-4,1.9392531388e2,-1.4504544976e-1,4.8798982911e0,4.2129361136e-1,1.4341096806e-1,8.6965858936e-3,1.9394094892e2,-6.7857564190e-1,1.7760268701e0,1.2724132655e-1,6.7813530861e-1,0.0000000000e0
14.036735,1.9702948918e2,-1.3668291556e-3,1.6762360957e1,5.8949594672e-1,3.7778845885e-4,1.4609098434e-4,1.9675492050e2,-1.4101954174e-1,4.9364712981e0,4.2378996701e-1,1.3941520784e-1,1.0613024235e-2,1.9676440960e2,-6.7475676322e-1,1.7873230389e0,1.2932256440e-1,6.7431358433e-1,0.0000000000e0
14.137755,1.9987570166e2,-1.3449576915e-3,1.6990057779e1,5.9049880622e-1,3.3713595406e-4,1.1640787125e-4,1.9960499726e2,-1.3707577636e-1,4.9934535312e0,4.2625440590e-1,1.3550311917e-1,1.2877225876e-2,1.9960829897e2,-6.7093200145e-1,1.7987009045e0,1.3140917923e-1,6.7048602780e-1,0.0000000000e0
14.238776,2.0274232289e2,-1.3237666212e-3,1.7219387329e1,5.9148287514e-1,3.0061240608e-4,9.2566013336e-5,2.0247550478e2,-1.3321313902e-1,5.0508442153e0,4.2868728506e-1,1.3167392851e-1,1.5535026789e-2,2.0247262060e2,-6.6710169669e-1,1.8101604805e0,1.3350083127e-1,6.6665298375e-1,0.0000000000e0
14.339796,2.0562935311e2,-1.3032041253e-3,1.7450349621e1,5.9244860316e-1,2.6782688735e-4,7.3492527008e-5,2.0536645315e2,-1.2943047790e-1,5.1086435638e0,4.3108900427e-1,1.2792683413e-1,1.8635243177e-2,2.0535736548e2,-6.6326620449e-1,1.8217017306e0,1.3559717584e-1,6.6281479548e-1,0.0000000000e0
14.440816,2.0853679252e2,-1.2832257423e-3,1.7682944668e1,5.9339642713e-1,2.3842230360e-4,5.8233737946e-5,2.0827784014e2,-1.2572658987e-1,5.1668515421e0,4.3345995175e-1,1.2426100746e-1,2.2228389978e-2,2.0826254279e2,-6.5942585481e-1,1.8333246911e0,1.3769788589e-1,6.5897180517e-1,0.0000000000e0
14.541837,2.1146464129e2,-1.2637931258e-3,1.7917172478e1,5.9432677147e-1,2.1207281651e-4,4.6044588089e-5,2.1120966377e2,-1.2210020304e-1,5.2254681204e0,4.3580051485e-1,1.2067559454e-1,2.6366651058e-2,2.1118815359e2,-6.5558098718e-1,1.8450293657e0,1.3980263283e-1,6.5512435339e-1,0.0000000000e0
14.642857,2.1441289955e2,-1.2448730149e-3,1.8153033060e1,5.9524004863e-1,1.8848143628e-4,3.6358833313e-5,2.1416192252e2,-1.1854997738e-1,5.2844932770e0,4.3811107998e-1,1.1716971746e-1,3.1102538109e-2,2.1413418628e2,-6.5173195618e-1,1.8568157078e0,1.4191108359e-1,6.5127277947e-1,0.0000000000e0
14.743878,2.1738156742e2,-1.2264363798e-3,1.8390526422e1,5.9613665940e-1,1.6737770241e-4,2.8669834137e-5,2.1713461468e2,-1.1507450720e-1,5.3439269847e0,4.4039203174e-1,1.1374247573e-1,3.6488085985e-2,2.1710065651e2,-6.4787907927e-1,1.8686837794e0,1.4402292917e-1,6.4741742111e-1,0.0000000000e0
14.844898,2.2037064500e2,-1.2084577162e-3,1.8629652569e1,5.9701699337e-1,1.4851560192e-4,2.2619962692e-5,2.2012773899e2,-1.1167232305e-1,5.4037692250e0,4.4264375330e-1,1.1039294768e-1,4.2574107647e-2,2.2008755743e2,-6.4402270185e-1,1.8806335528e0,1.4613784912e-1,6.4355861451e-1,0.0000000000e0
14.945918,2.2338013235e2,-1.1909144611e-3,1.8870411506e1,5.9788142921e-1,1.3167154921e-4,1.7791986465e-5,2.2314129508e2,-1.0834189504e-1,5.4640199958e0,4.4486662639e-1,1.0712019182e-1,4.9408167601e-2,2.2309488917e2,-6.4016315857e-1,1.8926650282e0,1.4825553274e-1,6.3969669435e-1,0.0000000000e0
15.046939,2.2641002955e2,-1.1737865119e-3,1.9112803237e1,5.9873033508e-1,1.1664263698e-4,1.3917684555e-5,2.2617523765e2,-1.0508168575e-1,5.5246783956e0,4.4706099826e-1,1.0392324813e-1,5.7033836842e-2,2.2612264977e2,-6.3630078512e-1,1.9047781972e0,1.5037567262e-1,6.3583199364e-1,0.0000000000e0
15.147959,2.2946033666e2,-1.1570558282e-3,1.9356827764e1,5.9956406893e-1,1.0324477250e-4,1.0877847672e-5,2.2922969725e2,-1.0188992636e-1,5.5857470377e0,4.4922733970e-1,1.0080113948e-1,6.5489023924e-2,2.2917084701e2,-6.3243590318e-1,1.9169730908e0,1.5249797296e-1,6.3196484374e-1,0.0000000000e0
15.248980,2.3253105370e2,-1.1407061051e-3,1.9602485092e1,6.0038297882e-1,9.1311244034e-5,8.4936618805e-6,2.3230454242e2,-9.8765080752e-2,5.6472232960e0,4.5136593119e-1,9.7752872824e-2,7.4804544449e-2,2.3223947554e2,-6.2856884945e-1,1.9292496869e0,1.5462213362e-1,6.2809557431e-1,0.0000000000e0
15.350000,2.3562218073e2,-1.1247225030e-3,1.9849775221e1,6.0118740326e-1,8.0691156626e-5,6.7353248596e-6,2.3539981653e2,-9.5705399514e-2,5.7091080386e0,4.5347717563e-1,9.4777440548e-2,8.5002511740e-2,2.3532855611e2,-6.2469992610e-1,1.9416080685e0,1.5674787738e-1,6.2422451321e-1,0.0000000000e0
15.451020,2.3873371777e2,-1.1090914256e-3,2.0098698155e1,6.0197767149e-1,7.1248050176e-5,5.1856040955e-6,2.3851552032e2,-9.2709157265e-2,5.7714012804e0,4.5556144238e-1,9.1873821680e-2,9.6094906330e-2,2.3843802781e2,-6.2082953549e-1,1.9540479914e0,1.5887487587e-1,6.2035198654e-1,0.0000000000e0
15.552041,2.4186566485e2,-1.0938003369e-3,2.0349253894e1,6.0275410377e-1,6.2858729365e-5,4.0531158447e-6,2.4165165244e2,-8.9774622125e-2,5.8341029941e0,4.5761909633e-1,8.9040983133e-2,1.0808217525e-1,2.4156796102e2,-6.1695791437e-1,1.9665697368e0,1.6100289570e-1,6.1647831859e-1,0.0000000000e0
15.653061,2.4501802198e2,-1.0788376104e-3,2.0601442439e1,6.0351701168e-1,5.5411956595e-5,3.1292438507e-6,2.4480821416e2,-8.6900064677e-2,5.8972132039e0,4.5965050092e-1,8.6277880925e-2,1.2095168233e-1,2.4471832397e2,-6.1308542496e-1,1.9791731773e0,1.6313163842e-1,6.1260383174e-1,0.0000000000e0
15.754082,2.4819078919e2,-1.0641924044e-3,2.0855263793e1,6.0426669835e-1,4.8807531641e-5,2.4437904358e-6,2.4798520583e2,-8.4083775841e-2,5.9607319148e0,4.6165601560e-1,8.3583461312e-2,1.3467726111e-1,2.4788912142e2,-6.0921238208e-1,1.9918583316e0,1.6526083557e-1,6.0872884641e-1,0.0000000000e0
15.855102,2.5138396650e2,-1.0498545598e-3,2.1110717955e1,6.0500345876e-1,4.2955199916e-5,1.8775463104e-6,2.5118262716e2,-8.1324081923e-2,6.0246591196e0,4.6363599602e-1,8.0956661971e-2,1.4921700954e-1,2.5108035416e2,-6.0533910358e-1,2.0046252025e0,1.6739022096e-1,6.0485368120e-1,0.0000000000e0
15.956122,2.5459755390e2,-1.0358145146e-3,2.1367804928e1,6.0572757999e-1,3.7773739990e-5,1.4603137970e-6,2.5440047960e2,-7.8619358971e-2,6.0889948448e0,4.6559079537e-1,7.8396413101e-2,1.6451412439e-1,2.5429202231e2,-6.0146590609e-1,2.0174737902e0,1.6951953292e-1,6.0097865250e-1,0.0000000000e0
16.057143,2.5783155142e2,-1.0220632334e-3,2.1626524710e1,6.0643934143e-1,3.3190190891e-5,1.1324882507e-6,2.5763876247e2,-7.5968052510e-2,6.1537390752e0,4.6752076193e-1,7.5901638536e-2,1.8049561977e-1,2.5752412353e2,-5.9759310719e-1,2.0304040851e0,1.7164851316e-1,5.9710407486e-1,0.0000000000e0
16.158163,2.6108595907e2,-1.0085921493e-3,2.1886877303e1,6.0713901505e-1,2.9139017272e-5,8.3446502686e-7,2.6089747629e2,-7.3368691614e-2,6.2188918197e0,4.6942624102e-1,7.3471256802e-2,1.9707220793e-1,2.6077666546e2,-5.9372101043e-1,2.0434161174e0,1.7377691494e-1,5.9323026059e-1,0.0000000000e0
16.259184,2.6436077684e2,-9.9539311412e-4,2.2148862708e1,6.0782686560e-1,2.5561450457e-5,6.5565109253e-7,2.6417662203e2,-7.0819906008e-2,6.2844530969e0,4.7130757445e-1,7.1104182136e-2,2.1413916349e-1,2.6404963703e2,-5.8984993958e-1,2.0565098425e0,1.7590448424e-1,5.8935752008e-1,0.0000000000e0
16.360204,2.6765600476e2,-9.8245835812e-4,2.2412480925e1,6.0850315087e-1,2.2404829451e-5,5.9604644775e-7,2.6747619850e2,-6.8320443685e-2,6.3504228832e0,4.7316509899e-1,6.8799325533e-2,2.3157715797e-1,2.6734303586e2,-5.8598020572e-1,2.0696852506e0,1.7803097780e-1,5.8548616133e-1,0.0000000000e0
16.461224,2.7097164282e2,-9.6978045491e-4,2.2677731954e1,6.0916812184e-1,1.9621982858e-5,2.3841857910e-7,2.7079620599e2,-6.5869182796e-2,6.4168011862e0,4.7499914841e-1,6.6555595712e-2,2.4925303459e-1,2.7065689427e2,-5.8211207730e-1,2.0829424707e0,1.8015617954e-1,5.8161649037e-1,0.0000000000e0
16.562245,2.7430769102e2,-9.5735229237e-4,2.2944615796e1,6.0982202296e-1,1.7170771002e-5,3.5762786865e-7,2.7413664405e2,-6.3465146295e-2,6.4835880000e0,4.7681005216e-1,6.4371900022e-2,2.6702153683e-1,2.7399117516e2,-5.7824590179e-1,2.0962813541e0,1.8227983367e-1,5.7774881088e-1,0.0000000000e0
16.663265,2.7766414938e2,-9.4516704762e-4,2.3213132450e1,6.1046509228e-1,1.5013509255e-5,2.3841857910e-7,2.7749751193e2,-6.1107512593e-2,6.5507833141e0,4.7859813555e-1,6.2247145455e-2,2.8472745419e-1,2.7734589963e2,-5.7438195644e-1,2.1097019850e0,1.8440172671e-1,5.7388342433e-1,0.0000000000e0
16.764286,2.8104101790e2,-9.3321816557e-4,2.3483281918e1,6.1109756167e-1,1.3116564389e-5,1.1920928955e-7,2.8087880733e2,-5.8795624796e-2,6.6183870897e0,4.8036371919e-1,6.0180239434e-2,3.0220776796e-1,2.8072105822e2,-5.7052055167e-1,2.1232043252e0,1.8652163052e-1,5.7002062992e-1,0.0000000000e0
16.865306,2.8443829658e2,-9.2149934041e-4,2.3755064199e1,6.1171965702e-1,1.1449945987e-5,1.7881393433e-7,2.8428052866e2,-5.6528995027e-2,6.6863993039e0,4.8210712007e-1,5.8170090748e-2,3.1929451227e-1,2.8411665449e2,-5.6666198061e-1,2.1367883888e0,1.8863933013e-1,5.6616072442e-1,0.0000000000e0
16.966327,2.8785598543e2,-9.1000449940e-4,2.4028479294e1,6.1233159840e-1,9.9869238852e-6,-5.9604644775e-8,2.8770225152e2,-5.4307546208e-2,6.7548114825e0,4.8382844048e-1,5.6215610351e-2,3.3581799269e-1,2.8753269263e2,-5.6280653338e-1,2.1504541923e0,1.9075461572e-1,5.6230400237e-1,0.0000000000e0
17.067347,2.9129408444e2,-8.9872778874e-4,2.4303527203e1,6.1293360023e-1,8.7037383878e-6,5.9604644775e-8,2.9114533118e2,-5.2130369625e-2,6.8236507385e0,4.8552866496e-1,5.4315712175e-2,3.5160923004e-1,2.9096916153e2,-5.5895451497e-1,2.1642016909e0,1.9286727283e-1,5.5845075588e-1,-5.9604644775e-8
17.168367,2.9475259362e2,-8.8766356099e-4,2.4580207926e1,6.1352587145e-1,7.5792457892e-6,-5.9604644775e-8,2.9460822409e2,-4.9998353162e-2,6.8928862248e0,4.8720733251e-1,5.2469313898e-2,3.6650371552e-1,2.9442606949e2,-5.5510620604e-1,2.1780309177e0,1.9497710379e-1,5.5460127462e-1,-5.9604644775e-8
17.269388,2.9823151298e2,-8.7680636382e-4,2.4858521463e1,6.1410861570e-1,6.5946372843e-6,5.9604644775e-8,2.9809195044e2,-4.7911125117e-2,6.9625383602e0,4.8886524226e-1,5.0675337666e-2,3.8034456968e-1,2.9790342055e2,-5.5126188979e-1,2.1919418886e0,1.9708391294e-1,5.5075584583e-1,-1.1920928955e-7
17.370408,3.0173084251e2,-8.6615092999e-4,2.5138467815e1,6.1468203145e-1,5.7332513848e-6,-5.9604644775e-8,3.0159526623e2,-4.5869647977e-2,7.0325822926e0,4.9050210526e-1,4.8932710864e-2,3.9298576117e-1,3.0140120571e2,-5.4742186128e-1,2.2059345674e0,1.9918750144e-1,5.4691475424e-1,1.1920928955e-7
17.471429,3.0525058222e2,-8.5569216819e-4,2.5420046981e1,6.1524631216e-1,4.9803181241e-6,2.3841857910e-7,3.0511984265e2,-4.3873548344e-2,7.1030514621e0,4.9211899602e-1,4.7240366721e-2,4.0429455042e-1,3.0491943538e2,-5.4358639177e-1,2.2200089955e0,2.0128768681e-1,5.4307828209e-1,1.1920928955e-7
17.572449,3.0879073211e2,-8.4542515472e-4,2.5703258962e1,6.1580164645e-1,4.3227286710e-6,5.9604644775e-8,3.0866425097e2,-4.1924100989e-2,7.1739173283e0,4.9371554540e-1,4.5597245023e-2,4.1415530443e-1,3.0845810148e2,-5.3975577018e-1,2.2341651404e0,2.0338428011e-1,5.3924670912e-1,0.0000000000e0
17.673469,3.1235129218e2,-8.3534512586e-4,2.5988103758e1,6.1634821821e-1,3.7489041347e-6,5.9604644775e-8,3.1222925469e2,-4.0021612559e-2,7.2451951863e0,4.9529238808e-1,4.4002292701e-2,4.2247027159e-1,3.1201720707e2,-5.3593027071e-1,2.2484030141e0,2.0547710363e-1,5.3542031243e-1,0.0000000000e0
17.774490,3.1593226244e2,-8.2544747078e-4,2.6274581369e1,6.1688620672e-1,3.2486074133e-6,-5.9604644775e-8,3.1581464541e2,-3.8166925578e-2,7.3168809007e0,4.9684971176e-1,4.2454464451e-2,4.2916303873e-1,3.1559674733e2,-5.3211017346e-1,2.2627225972e0,2.0756597953e-1,5.3159936660e-1,1.1920928955e-7
17.875510,3.1953364288e2,-8.1572772505e-4,2.6562691795e1,6.1741578685e-1,2.8127795986e-6,-5.9604644775e-8,3.1942041646e2,-3.6360834300e-2,7.3889743704e0,4.9838779207e-1,4.0952723311e-2,4.3417853117e-1,3.1919673680e2,-5.2829573531e-1,2.2771239476e0,2.0965074575e-1,5.2778414351e-1,-5.9604644775e-8
17.976531,3.2315543351e2,-8.0618156447e-4,2.6852435037e1,6.1793712913e-1,2.4334298132e-6,1.1920928955e-7,3.2304656121e2,-3.4604154947e-2,7.4614754967e0,4.9990690094e-1,3.9496041141e-2,4.3748474121e-1,3.2281716006e2,-5.2448724235e-1,2.2916070035e0,2.1173122722e-1,5.2397491249e-1,-5.9604644775e-8
18.077551,3.2679763433e2,-7.9680479940e-4,2.7143811094e1,6.1845039990e-1,2.1035182840e-6,0.0000000000e0,3.2669307264e2,-3.2897700052e-2,7.5343841743e0,5.0140730648e-1,3.8083399191e-2,4.3907219172e-1,3.2645802630e2,-5.2068495191e-1,2.3061718016e0,2.1380726753e-1,5.2017194012e-1,0.0000000000e0
18.178571,3.3046024534e2,-7.8759336939e-4,2.7436819966e1,6.1895576140e-1,1.8168468046e-6,-5.9604644775e-8,3.3035994375e2,-3.1242252734e-2,7.6077002978e0,5.0288927314e-1,3.6713788595e-2,4.3895417452e-1,3.3011933132e2,-5.1688913274e-1,2.3208183248e0,2.1587870687e-1,5.1637549036e-1,0.0000000000e0
18.279592,3.3414326655e2,-7.7854333808e-4,2.7731461654e1,6.1945337193e-1,1.5679702301e-6,-1.1920928955e-7,3.3404716749e2,-2.9638541993e-2,7.6814237618e0,5.0435306175e-1,3.5386210729e-2,4.3716573715e-1,3.3380107673e2,-5.1310004483e-1,2.3355465794e0,2.1794539306e-1,5.1258582434e-1,0.0000000000e0
18.380612,3.3784669794e2,-7.6965088845e-4,2.8027736158e1,6.1994338594e-1,1.3520883044e-6,5.9604644775e-8,3.3775473693e2,-2.8087219581e-2,7.7555544624e0,5.0579892967e-1,3.4099677790e-2,4.3376255035e-1,3.3750326066e2,-5.0931794896e-1,2.3503565579e0,2.2000717616e-1,5.0880320061e-1,-1.7881393433e-7
18.481633,3.4157053954e2,-7.6091231828e-4,2.8325643478e1,6.2042595413e-1,1.1649750604e-6,1.1920928955e-7,3.4148264531e2,-2.6588838875e-2,7.8300922979e0,5.0722713076e-1,3.2853213095e-2,4.2881828547e-1,3.4122588924e2,-5.0554309506e-1,2.3652482845e0,2.2206391486e-1,5.0502787479e-1,0.0000000000e0
18.582653,3.4531479132e2,-7.5232403585e-4,2.8625183614e1,6.2090122357e-1,1.0029348232e-6,1.7881393433e-7,3.4523088613e2,-2.5143836299e-2,7.9050371710e0,5.0863791552e-1,3.1645851430e-2,4.2242312431e-1,3.4496895592e2,-5.0177574316e-1,2.3802217330e0,2.2411546491e-1,5.0126009988e-1,1.1920928955e-7
18.683673,3.4907945331e2,-7.4388255584e-4,2.8926356565e1,6.2136933778e-1,8.6272052613e-7,0.0000000000e0,3.4899945321e2,-2.3752515708e-2,7.9803889890e0,5.1003153113e-1,3.0476639505e-2,4.1468137503e-1,3.4873246510e2,-4.9801613938e-1,2.3952769209e0,2.2616169222e-1,4.9750012596e-1,-5.9604644775e-8
18.784694,3.5286452550e2,-7.3558449543e-4,2.9229162333e1,6.2183043689e-1,7.4151836316e-7,5.9604644775e-8,3.5278834079e2,-2.2415035903e-2,8.0561476654e0,5.1140822151e-1,2.9344636275e-2,4.0570873022e-1,3.5251641412e2,-4.9426453416e-1,2.4104138374e0,2.2820246278e-1,4.9374820032e-1,-5.9604644775e-8
18.885714,3.5667000788e2,-7.2742657063e-4,2.9533600917e1,6.2228465764e-1,6.3681000029e-7,-5.9604644775e-8,3.5659754353e2,-2.1131401395e-2,8.1323131203e0,5.1276822736e-1,2.8248913091e-2,3.9562922716e-1,3.5632080687e2,-4.9052116858e-1,2.4256324979e0,2.3023765009e-1,4.9000456741e-1,0.0000000000e0
18.986735,3.6049590047e2,-7.1940559268e-4,2.9839672318e1,6.2273213355e-1,5.4644249303e-7,-1.7881393433e-7,3.6042705749e2,-1.9901456439e-2,8.2088852984e0,5.1411178648e-1,2.7188554180e-2,3.8457304239e-1,3.6014563492e2,-4.8678629295e-1,2.4409328687e0,2.3226712497e-1,4.8626946885e-1,0.0000000000e0
19.087755,3.6434220326e2,-7.1151846468e-4,3.0147376535e1,6.2317299499e-1,4.6853045887e-7,0.0000000000e0,3.6427687596e2,-1.8724883604e-2,8.2858640871e0,5.1543913244e-1,2.6162656760e-2,3.7267386913e-1,3.6399090844e2,-4.8306013651e-1,2.4563149904e0,2.3429077195e-1,4.8254314331e-1,0.0000000000e0
19.188776,3.6820891626e2,-7.0376217835e-4,3.0456713568e1,6.2360736923e-1,4.0138507984e-7,1.1920928955e-7,3.6814699769e2,-1.7601202217e-2,8.3632494797e0,5.1675049736e-1,2.5170331366e-2,3.6006546021e-1,3.6785662328e2,-4.7934293962e-1,2.4717788462e0,2.3630847174e-1,4.7882582670e-1,-1.1920928955e-7
19.289796,3.7209603946e2,-6.9613381098e-4,3.0767683418e1,6.2403538060e-1,3.4358646417e-7,0.0000000000e0,3.7203741881e2,-1.6529774091e-2,8.4410414142e0,5.1804610920e-1,2.4210701973e-2,3.4688127041e-1,3.7174277778e2,-4.7563493726e-1,2.4873244295e0,2.3832011011e-1,4.7511775179e-1,0.0000000000e0
19.390816,3.7600357286e2,-6.8863052237e-4,3.1080286085e1,6.2445715049e-1,2.9386217193e-7,-1.1920928955e-7,3.7594813686e2,-1.5509808638e-2,8.5192398535e0,5.1932619312e-1,2.3282906253e-2,3.3325004578e-1,3.7564937623e2,-4.7193635580e-1,2.5029517572e0,2.4032557955e-1,4.7141914866e-1,2.3841857910e-7
19.491837,3.7993151647e2,-6.8124955208e-4,3.1394521568e1,6.2487279748e-1,2.5114144364e-7,0.0000000000e0,3.7987914996e2,-1.4540371526e-2,8.5978447698e0,5.2059097125e-1,2.2386095727e-2,3.1929588318e-1,3.7957641555e2,-4.6824742572e-1,2.5186608172e0,2.4232477236e-1,4.6773024434e-1,1.1920928955e-7
19.592857,3.8387987029e2,-6.7398821662e-4,3.1710389868e1,6.2528243739e-1,2.1444981257e-7,0.0000000000e0,3.8383045687e2,-1.3620395049e-2,8.6768561441e0,5.2184066272e-1,2.1519435907e-2,3.0513668060e-1,3.8352389430e2,-4.6456837289e-1,2.5344516035e0,2.4431758525e-1,4.6405126288e-1,0.0000000000e0
19.693878,3.8784863432e2,-6.6684390692e-4,3.2027890985e1,6.2568618340e-1,1.8296515236e-7,0.0000000000e0,3.8780205690e2,-1.2748690004e-2,8.7562739662e0,5.2307548363e-1,2.0682106427e-2,2.9088139534e-1,3.8749181716e2,-4.6089941458e-1,2.5503241348e0,2.4630392148e-1,4.6038242545e-1,-1.1920928955e-7
19.794898,3.9183780856e2,-6.5981408575e-4,3.2347024919e1,6.2608414606e-1,1.5597947822e-7,-1.1920928955e-7,3.9179394992e2,-1.1923958696e-2,8.8360982342e0,5.2429564708e-1,1.9873301139e-2,2.7663052082e-1,3.9148018145e2,-4.5724077191e-1,2.5662784004e0,2.4828368403e-1,4.5672395017e-1,1.1920928955e-7
19.895918,3.9584739301e2,-6.5289628536e-4,3.2667791670e1,6.2647643339e-1,1.3287268530e-7,-1.1920928955e-7,3.9580613632e2,-1.1144808735e-2,8.9163289539e0,5.2550136319e-1,1.9092228238e-2,2.6247632504e-1,3.9548898692e2,-4.5359266077e-1,2.5823143992e0,2.5025678048e-1,4.5307605212e-1,0.0000000000e0
19.996939,3.9987738767e2,-6.4608810515e-4,3.2990191237e1,6.2686315095e-1,1.1309032288e-7,0.0000000000e0,3.9983861700e2,-1.0409767197e-2,8.9969661387e0,5.2669283910e-1,1.8338110316e-2,2.4849998951e-1,3.9951823435e2,-4.4995529305e-1,2.5984321344e0,2.5222312221e-1,4.4943894354e-1,-1.1920928955e-7
20.097959,4.0392779254e2,-6.3938720947e-4,3.3314223622e1,6.2724440191e-1,9.6175881481e-8,-1.1920928955e-7,4.0389139327e2,-9.7172949002e-3,9.0780098086e0,5.2787027897e-1,1.7610184412e-2,2.3477280140e-1,4.0356792350e2,-4.4632887862e-1,2.6146316049e0,2.5418262335e-1,4.4581283354e-1,-2.3841857910e-7
20.198980,4.0799860763e2,-6.3279132545e-4,3.3639888825e1,6.2762028711e-1,8.1722021150e-8,1.1920928955e-7,4.0796446689e2,-9.0658004796e-3,9.1594599896e0,5.2903388400e-1,1.6907702051e-2,2.2135806084e-1,4.0763805487e2,-4.4271362363e-1,2.6309128127e0,2.5613520158e-1,4.4219792815e-1,0.0000000000e0
20.300000,4.1208983292e2,-6.2629824098e-4,3.3967186844e1,6.2799090510e-1,6.9389386681e-8,-1.1920928955e-7,4.1205783996e2,-8.4536540297e-3,9.2413167136e0,5.3018385243e-1,1.6229929260e-2,2.0830786228e-1,4.1172862728e2,-4.3910973269e-1,2.6472757532e0,2.5808077690e-1,4.3859443051e-1,1.1920928955e-7
20.401020,4.1620146844e2,-6.1990580275e-4,3.4296117681e1,6.2835635222e-1,5.8868408814e-8,0.0000000000e0,4.1617151493e2,-7.8792001497e-3,9.3235800169e0,5.3132037958e-1,1.5576146660e-2,1.9566643238e-1,4.1583964164e2,-4.3551740553e-1,2.6637204300e0,2.6001927339e-1,4.3500254059e-1,1.1920928955e-7
20.502041,4.2033351417e2,-6.1361191431e-4,3.4626681335e1,6.2871672268e-1,4.9900279464e-8,1.1920928955e-7,4.2030549450e2,-7.3407701035e-3,9.4062499404e0,5.3244365784e-1,1.4945649313e-2,1.8346905708e-1,4.1997109778e2,-4.3193683980e-1,2.6802468423e0,2.6195061762e-1,4.3142245540e-1,1.1920928955e-7
20.603061,4.2448597011e2,-6.0741453431e-4,3.4958877806e1,6.2907210856e-1,4.2262172428e-8,0.0000000000e0,4.2445978163e2,-6.8366931727e-3,9.4893265283e0,5.3355387667e-1,1.4337746811e-2,1.7174303532e-1,4.2411995173e2,-4.2837083439e-1,2.6968428121e0,2.6387333474e-1,4.2785436890e-1,0.0000000000e0
20.704082,4.2865883627e2,-6.0131167468e-4,3.5292707095e1,6.2942259991e-1,3.5765197026e-8,0.0000000000e0,4.2863437949e2,-6.3653069616e-3,9.5728098281e0,5.3465122266e-1,1.3751763213e-2,1.6050839424e-1,4.2829533584e2,-4.2481176682e-1,2.7135448756e0,2.6579157088e-1,4.2429847183e-1,2.3841857910e-7
20.805102,4.3285211265e2,-5.9530139901e-4,3.5628169201e1,6.2976828481e-1,3.0241096738e-8,0.0000000000e0,4.3282929137e2,-5.9249666616e-3,9.6566998894e0,5.3573587954e-1,1.3187036973e-2,1.4977896214e-1,4.3248811721e2,-4.2126763973e-1,2.7303164944e0,2.6770104753e-1,4.2075495208e-1,1.1920928955e-7
20.906122,4.3706579925e2,-5.8938182087e-4,3.5965264125e1,6.3010924937e-1,2.5550491500e-8,0.0000000000e0,4.3704452073e2,-5.5140532755e-3,9.7409967639e0,5.3680802817e-1,1.2642920908e-2,1.3956248760e-1,4.3670134080e2,-4.1773603299e-1,2.7471698507e0,2.6960310776e-1,4.1722399433e-1,0.0000000000e0
21.007143,4.4129989606e2,-5.8355110227e-4,3.6303991866e1,6.3044557783e-1,2.1567586828e-8,0.0000000000e0,4.4128007109e2,-5.1309807635e-3,9.8257005045e0,5.3786784661e-1,1.2118782109e-2,1.2986099720e-1,4.4093500514e2,-4.1421712999e-1,2.7641049386e0,2.7149769179e-1,4.1370578021e-1,0.0000000000e0
21.108163,4.4555440310e2,-5.7780745215e-4,3.6644352425e1,6.3077735259e-1,1.8193929918e-8,2.3841857910e-7,4.4553594604e2,-4.7742021880e-3,9.9108111650e0,5.3891551011e-1,1.1614001916e-2,1.2067306042e-1,4.4518911185e2,-4.1071110844e-1,2.7811217647e0,2.7338474391e-1,4.1020048826e-1,-2.3841857910e-7
21.209184,4.4982932035e2,-5.7214912495e-4,3.6986345802e1,6.3110465424e-1,1.5333853298e-8,-1.1920928955e-7,4.4981214921e2,-4.4422148011e-3,9.9963287998e0,5.3995119119e-1,1.1127975697e-2,1.1199212074e-1,4.4946365961e2,-4.0721814541e-1,2.7982203237e0,2.7526420972e-1,4.0670829402e-1,0.0000000000e0
21.310204,4.5412464782e2,-5.6657441916e-4,3.7329971997e1,6.3142756165e-1,1.2910561509e-8,-2.3841857910e-7,4.5410868421e2,-4.1335642865e-3,1.0082253463e1,5.4097505960e-1,1.0660112874e-2,1.0380947590e-1,4.5375864871e2,-4.0373841355e-1,2.8154006169e0,2.7713603810e-1,4.0322936979e-1,1.1920928955e-7
21.411224,4.5844038552e2,-5.6108167603e-4,3.7675231009e1,6.3174615197e-1,1.0859196209e-8,1.1920928955e-7,4.5842555468e2,-3.8468480544e-3,1.0168585210e1,5.4198728241e-1,1.0209836730e-2,9.6112966537e-2,4.5807407938e2,-4.0027208247e-1,2.8326626453e0,2.7900018042e-1,3.9976388492e-1,-2.3841857910e-7
21.512245,4.6277653344e2,-5.5566927825e-4,3.8022122839e1,6.3206050069e-1,9.1350784714e-9,0.0000000000e0,4.6276276417e2,-3.5807177763e-3,1.0255324093e1,5.4298802402e-1,9.7765843347e-3,8.8887929916e-2,4.6240995095e2,-3.9681931944e-1,2.8500064062e0,2.8085659013e-1,3.9631200553e-1,-1.1920928955e-7
21.613265,4.6713309157e2,-5.5033564867e-4,3.8370647487e1,6.3237068169e-1,7.6748847277e-9,1.1920928955e-7,4.6712031621e2,-3.3338811568e-3,1.0342470165e1,5.4397744620e-1,9.3598063509e-3,8.2118630409e-2,4.6676626460e2,-3.9338028712e-1,2.8674319044e0,2.8270522387e-1,3.9287389482e-1,-1.1920928955e-7
21.714286,4.7151005993e2,-5.4507924913e-4,3.8720804952e1,6.3267676728e-1,6.4497385210e-9,0.0000000000e0,4.7149821425e2,-3.1051030862e-3,1.0430023478e1,5.4495570813e-1,8.9589669714e-3,7.5787782669e-2,4.7114301871e2,-3.8995514733e-1,2.8849391337e0,2.8454603947e-1,3.8944971274e-1,0.0000000000e0
21.815306,4.7590743852e2,-5.3989857927e-4,3.9072595236e1,6.3297882821e-1,5.4116640058e-9,1.1920928955e-7,4.7589646166e2,-2.8932061789e-3,1.0517984083e1,5.4592296643e-1,8.5735437385e-3,6.9876790047e-2,4.7554021435e2,-3.8654405667e-1,2.9025280983e0,2.8637899816e-1,3.8603961630e-1,1.1920928955e-7
21.916327,4.8032522732e2,-5.3479217544e-4,3.9426018337e1,6.3327693375e-1,4.5226329348e-9,-1.1920928955e-7,4.8031506173e2,-2.6970707918e-3,1.0606352029e1,5.4687937520e-1,8.2030273190e-3,6.4366817474e-2,4.7995785063e2,-3.8314717018e-1,2.9201987947e0,2.8820406265e-1,3.8264375928e-1,-1.1920928955e-7
22.017347,4.8476342636e2,-5.2975860956e-4,3.9781074257e1,6.3357115170e-1,3.7929908103e-9,-2.3841857910e-7,4.8475401763e2,-2.5156346559e-3,1.0695127364e1,5.4782508606e-1,7.8469214935e-3,5.9237718582e-2,4.8439592778e2,-3.7976463895e-1,2.9379512240e0,2.9002119830e-1,3.7926229243e-1,0.0000000000e0
22.118367,4.8922203561e2,-5.2479648814e-4,4.0137762995e1,6.3386154845e-1,3.1806166589e-9,-1.1920928955e-7,4.8921333244e2,-2.3478920608e-3,1.0784310133e1,5.4876024819e-1,7.5047428851e-3,5.4470539093e-2,4.8885444566e2,-3.7639661126e-1,2.9557853859e0,2.9183037249e-1,3.7589536347e-1,-1.1920928955e-7
22.219388,4.9370105509e2,-5.1990445119e-4,4.0496084550e1,6.3414818898e-1,2.6557813726e-9,1.1920928955e-7,4.9369300912e2,-2.1928927416e-3,1.0873900381e1,5.4968500837e-1,7.1760207532e-3,5.0045371056e-2,4.9333340411e2,-3.7304323232e-1,2.9737012796e0,2.9363155469e-1,3.7254311698e-1,1.1920928955e-7
22.320408,4.9820048479e2,-5.1508117134e-4,4.0856038924e1,6.3443113692e-1,2.2092194740e-9,2.3841857910e-7,4.9819305052e2,-2.0497405345e-3,1.0963898151e1,5.5059951101e-1,6.8602969344e-3,4.5943260193e-2,4.9783280300e2,-3.6970464425e-1,2.9916989049e0,2.9542471643e-1,3.6920569444e-1,0.0000000000e0
22.421429,5.0272032473e2,-5.1032535279e-4,4.1217626116e1,6.3471045458e-1,1.8457058104e-9,-1.1920928955e-7,5.0271345936e2,-1.9175917760e-3,1.1054303484e1,5.5150389820e-1,6.5571256028e-3,4.2144775391e-2,5.0235456800e2,-3.6637957691e-1,3.0097859655e0,2.9721058840e-1,3.6588323434e-1,0.0000000000e0
22.522449,5.0726057488e2,-5.0563573050e-4,4.1580846125e1,6.3498620298e-1,1.5443220036e-9,0.0000000000e0,5.0725423826e2,-1.7956535309e-3,1.1145116419e1,5.5239830975e-1,6.2660730047e-3,3.8632154465e-2,5.0689292131e2,-3.6307239401e-1,3.0279393475e0,2.9898687463e-1,3.6257587202e-1,2.3841857910e-7
22.623469,5.1182123526e2,-5.0101106924e-4,4.1945698954e1,6.3525844189e-1,1.2840928321e-9,2.3841857910e-7,5.1181538971e2,-1.6831817296e-3,1.1236336994e1,5.5328288320e-1,5.9867173734e-3,3.5386085510e-2,5.1145364128e2,-3.5977900012e-1,3.0461821673e0,3.0075582437e-1,3.5928373984e-1,0.0000000000e0
22.724490,5.1640230587e2,-4.9645016276e-4,4.2312184600e1,6.3552722984e-1,1.0676330930e-9,-2.3841857910e-7,5.1639691608e2,-1.5794791907e-3,1.1327965243e1,5.5415775392e-1,5.7186487578e-3,3.2391071320e-2,5.1603621007e2,-3.5649993174e-1,3.0645123532e0,3.0251719853e-1,3.5600696700e-1,4.7683715820e-7
22.825510,5.2100378671e2,-4.9195183301e-4,4.2680303064e1,6.3579262415e-1,8.8186880021e-10,2.3841857910e-7,5.2099881963e2,-1.4838935538e-3,1.1420001201e1,5.5502305506e-1,5.4614686881e-3,2.9629468918e-2,5.2063411388e2,-3.5323993847e-1,3.0829038476e0,3.0426849402e-1,3.5274567977e-1,4.7683715820e-7
22.926531,5.2562567778e2,-4.8751492927e-4,4.3050054347e1,6.3605468100e-1,7.4317085819e-10,2.3841857910e-7,5.2562110249e2,-1.3958152244e-3,1.1512444900e1,5.5587891769e-1,5.2147901032e-3,2.7085781097e-2,5.2525843873e2,-3.4999129546e-1,3.1014009993e0,3.0601391162e-1,3.4950000129e-1,-2.3841857910e-7
23.027551,5.3026797907e2,-4.8313832743e-4,4.3421438448e1,6.3631345541e-1,6.1652372096e-10,4.7683715820e-7,5.3026376671e2,-1.3146752722e-3,1.1605296370e1,5.5672547075e-1,4.9782370851e-3,2.4744272232e-2,5.2990091708e2,-3.4675996510e-1,3.1199707349e0,3.0775029660e-1,3.4627005167e-1,0.0000000000e0
23.128571,5.3493069059e2,-4.7882092925e-4,4.3794455368e1,6.3656900129e-1,5.0977178034e-10,0.0000000000e0,5.3492681420e2,-1.2399433567e-3,1.1698555641e1,5.5756284113e-1,4.7514447155e-3,2.2591590881e-2,5.3456383497e2,-3.4354445222e-1,3.1386221995e0,3.0947850211e-1,3.4305594809e-1,0.0000000000e0
23.229592,5.3961381234e2,-4.7456166162e-4,4.4169105106e1,6.3682137145e-1,4.3075942813e-10,-4.7683715820e-7,5.3961024677e2,-1.1711256485e-3,1.1792222739e1,5.5839115371e-1,4.5340587508e-3,2.0614147186e-2,5.3924719130e2,-3.4034487216e-1,3.1573553891e0,3.1119851581e-1,3.3985780459e-1,0.0000000000e0
23.330612,5.4431734432e2,-4.7035947588e-4,4.4545387662e1,6.3707061767e-1,3.4947333916e-10,-4.7683715820e-7,5.4431406613e2,-1.1077628273e-3,1.1886297690e1,5.5921053136e-1,4.3257355494e-3,1.8798351288e-2,5.4395098626e2,-3.3716133636e-1,3.1761703046e0,3.1291032745e-1,3.3667573228e-1,2.3841857910e-7
23.431633,5.4904128652e2,-4.6621334714e-4,4.4923303036e1,6.3731679066e-1,2.8308022593e-10,4.7683715820e-7,5.4903827390e2,-1.0494280951e-3,1.1980780518e1,5.6002109504e-1,4.1261417852e-3,1.7133235931e-2,5.4867522038e2,-3.3399395302e-1,3.1950669482e0,3.1461392850e-1,3.3350983920e-1,7.1525573730e-7
23.532653,5.5378563896e2,-4.6212227365e-4,4.5302851229e1,6.3755994013e-1,2.3578650143e-10,-4.7683715820e-7,5.5378287160e2,-9.9572526012e-4,1.2075671246e1,5.6082296374e-1,3.9349542446e-3,1.5606641769e-2,5.5341989389e2,-3.3084282757e-1,3.2140453209e0,3.1630931180e-1,3.3036023056e-1,0.0000000000e0
23.633673,5.5855040163e2,-4.5808527611e-4,4.5684032240e1,6.3780011481e-1,1.9053914002e-10,0.0000000000e0,5.5854786064e2,-9.4628689529e-4,1.2170969895e1,5.6161625462e-1,3.7518597144e-3,1.4208555222e-2,5.5818500671e2,-3.2770806268e-1,3.2331054229e0,3.1799647162e-1,3.2722700843e-1,4.7683715820e-7
23.734694,5.6333557453e2,-4.5410139716e-4,4.6066846070e1,6.3803736245e-1,1.7337242753e-10,2.3841857910e-7,5.6333324237e2,-9.0077252278e-4,1.2266676486e1,5.6240108295e-1,3.5765545134e-3,1.2928247452e-2,5.6297055487e2,-3.2458976058e-1,3.2522472383e0,3.1967540229e-1,3.2411027199e-1,2.3841857910e-7
23.835714,5.6814115765e2,-4.5016970068e-4,4.6451292719e1,6.3827172987e-1,1.3767476048e-10,2.3841857910e-7,5.6813901804e2,-8.5886694680e-4,1.2362791037e1,5.6317756221e-1,3.4087446464e-3,1.1757850647e-2,5.6777654236e2,-3.2148801534e-1,3.2714707833e0,3.2134610236e-1,3.2101011742e-1,2.3841857910e-7
23.936735,5.7296715101e2,-4.4628927132e-4,4.6837372185e1,6.3850326296e-1,1.1812062439e-10,2.3841857910e-7,5.7296518883e2,-8.2027858332e-4,1.2459313567e1,5.6394580409e-1,3.2481453045e-3,1.0687112808e-2,5.7260445688e2,-3.1840197473e-1,3.2907820093e0,3.2300908042e-1,3.1792663804e-1,9.5367431641e-7
24.037755,5.7781355460e2,-4.4245921385e-4,4.7225084471e1,6.3873200672e-1,8.9016793936e-11,0.0000000000e0,5.7781175583e2,-7.8473791534e-4,1.2556244090e1,5.6470591852e-1,3.0944807733e-3,9.7100734711e-3,5.7744983016e2,-3.1533457078e-1,3.3101630422e0,3.2466280439e-1,3.1485992416e-1,2.3841857910e-7
24.138776,5.8268036842e2,-4.3867865272e-4,4.7614429575e1,6.3895800527e-1,6.7188921093e-11,2.3841857910e-7,5.8267872008e2,-7.5199600796e-4,1.2653582623e1,5.6545801373e-1,2.9474841920e-3,8.8181495667e-3,5.8231713061e2,-3.1228305006e-1,3.3296317571e0,3.2630880745e-1,3.1181006326e-1,7.1525573730e-7
24.239796,5.8756759247e2,-4.3494673146e-4,4.8005407497e1,6.3918130185e-1,5.4114934755e-11,2.3841857910e-7,5.8756608254e2,-7.2182311094e-4,1.2751329181e1,5.6620219623e-1,2.8068974235e-3,8.0032348633e-3,5.8720486751e2,-3.0924844545e-1,3.3491821909e0,3.2794658096e-1,3.0877713986e-1,9.5367431641e-7
24.340816,5.9247522676e2,-4.3126261222e-4,4.8398018238e1,6.3940193890e-1,5.1386450650e-11,0.0000000000e0,5.9247384411e2,-6.9400731928e-4,1.2849483776e1,5.6693857090e-1,2.6724707363e-3,7.2600841522e-3,5.9211304174e2,-3.0623083848e-1,3.3688143474e0,3.2957612889e-1,3.0576123559e-1,9.5367431641e-7
24.441837,5.9740327128e2,-4.2762547528e-4,4.8792261798e1,6.3961995801e-1,3.9676706365e-11,-2.3841857910e-7,5.9740200562e2,-6.6835332528e-4,1.2948046422e1,5.6766724096e-1,2.5439626636e-3,6.5829753876e-3,5.9704165252e2,-3.0323030886e-1,3.3885282236e0,3.3119745588e-1,3.0276242931e-1,1.1920928955e-6
24.542857,6.0235172602e2,-4.2403451856e-4,4.9188138176e1,6.3983539999e-1,3.2059688237e-11,0.0000000000e0,6.0235056784e2,-6.4468123943e-4,1.3047017129e1,5.6838830806e-1,2.4211398357e-3,5.9671401978e-3,6.0199069943e2,-3.0024693319e-1,3.4083238182e0,3.3281056785e-1,2.9978079682e-1,1.9073486328e-6
24.643878,6.0732059101e2,-4.2048895717e-4,4.9585647373e1,6.4004830484e-1,3.0922819860e-11,0.0000000000e0,6.0731953152e2,-6.2282546721e-4,1.3146395910e1,5.6910187224e-1,2.3037766274e-3,5.4056644440e-3,6.0696018339e2,-2.9728078443e-1,3.4282011350e0,3.3441547227e-1,2.9681641130e-1,1.4305114746e-6
24.744898,6.1230986622e2,-4.1698802297e-4,4.9984789388e1,6.4025871182e-1,2.6830093702e-11,0.0000000000e0,6.1230889731e2,-6.0263368151e-4,1.3246182773e1,5.6980803202e-1,2.1916551556e-3,4.8937797546e-3,6.1195010279e2,-2.9433193424e-1,3.4481601678e0,3.3601217691e-1,2.9386934301e-1,2.3841857910e-6
24.845918,6.1731955167e2,-4.1353096414e-4,5.0385564223e1,6.4046665944e-1,2.9103830457e-11,4.7683715820e-7,6.1731866585e2,-5.8396583375e-4,1.3346377729e1,5.7050688439e-1,2.0845649433e-3,4.4295787811e-3,6.1696045794e2,-2.9140045028e-1,3.4682009182e0,3.3760069124e-1,2.9093965943e-1,2.6226043701e-6
24.946939,6.2234964735e2,-4.1011704475e-4,5.0787971876e1,6.4067218546e-1,2.0008883439e-11,7.1525573730e-7,6.2234883773e2,-5.6669324656e-4,1.3446980786e1,5.7119852485e-1,1.9823028397e-3,4.0073394775e-3,6.2199124866e2,-2.8848639774e-1,3.4883233855e0,3.3918102560e-1,2.8802742518e-1,3.3378601074e-6
25.047959,6.2740015326e2,-4.0674554438e-4,5.1192012347e1,6.4087532695e-1,8.9812601800e-12,-2.3841857910e-7,6.2739941347e2,-5.5069774842e-4,1.3547991952e1,5.7188304743e-1,1.8846726854e-3,3.6242008209e-3,6.2704247473e2,-2.8558983905e-1,3.5085275693e0,3.4075319132e-1,2.8513270217e-1,3.8146972656e-6
25.148980,6.3247106941e2,-4.0341575769e-4,5.1597685638e1,6.4107612027e-1,7.0485839387e-12,0.0000000000e0,6.3247039360e2,-5.3587088155e-4,1.3649411235e1,5.7256054471e-1,1.7914852202e-3,3.2756328583e-3,6.3211596179e2,-2.8270980305e-1,3.5288207726e0,3.4231776116e-1,2.8225554955e-1,5.0067901611e-6
25.250000,6.3756239579e2,-4.0012699406e-4,5.2004991747e1,6.4127460110e-1,1.3756107364e-11,2.3841857910e-7,6.3756177856e2,-5.2211315487e-4,1.3751238642e1,5.7323110788e-1,1.7025578636e-3,2.9594898224e-3,6.3720623272e2,-2.7984943869e-1,3.5491810862e0,3.4387306728e-1,2.7939602377e-1,5.4836273193e-6
25.351020,6.4267413241e2,-3.9687857723e-4,5.2413930675e1,6.4147080445e-1,1.0459189070e-11,0.0000000000e0,6.4267356879e2,-5.0933335077e-4,1.3853474178e1,5.7389482671e-1,1.6177145377e-3,2.6726722717e-3,6.4232022939e2,-2.7700489763e-1,3.5696362791e0,3.4542124647e-1,2.7655417846e-1,6.4373016357e-6
25.452041,6.4780627926e2,-3.9366984493e-4,5.2824502422e1,6.4166476466e-1,9.3223206932e-12,0.0000000000e0,6.4780576470e2,-4.9744788189e-4,1.3956117852e1,5.7455178961e-1,1.5367855333e-3,2.4123191833e-3,6.4745172608e2,-2.7417969585e-1,3.5901614477e0,3.4696042766e-1,2.7373006463e-1,6.9141387939e-6
25.553061,6.5295883635e2,-3.9050014852e-4,5.3236706987e1,6.4185651548e-1,7.1622707765e-12,2.3841857910e-7,6.5295836664e2,-4.8638018375e-4,1.4059169666e1,5.7520208365e-1,1.4596071825e-3,2.1772384644e-3,6.5260512448e2,-2.7137144717e-1,3.6107741996e0,3.4849195319e-1,2.7092373062e-1,8.5830688477e-6
25.654082,6.5813180367e2,-3.8736885266e-4,5.3650544371e1,6.4204608997e-1,5.5706550484e-12,-4.7683715820e-7,6.5813137496e2,-4.7606016684e-4,1.4162629628e1,5.7584579457e-1,1.3860218628e-3,1.9638538361e-3,6.5778010715e2,-2.6858039250e-1,3.6314732653e0,3.5001573480e-1,2.6813522204e-1,1.0967254639e-5
25.755102,6.6332518122e2,-3.8427533499e-4,5.4066014574e1,6.4223352065e-1,2.1600499167e-12,2.3841857910e-7,6.6332478999e2,-4.6642369402e-4,1.4266497742e1,5.7648300683e-1,1.3158777060e-3,1.7702579498e-3,6.6297322266e2,-2.6580842629e-1,3.6522448388e0,3.5153077858e-1,2.6536458192e-1,1.2636184692e-5
25.856122,6.6853896901e2,-3.8121898581e-4,5.4483117596e1,6.4241883937e-1,2.5011104299e-12,0.0000000000e0,6.6853861199e2,-4.5741210335e-4,1.4370774011e1,5.7711380359e-1,1.2490284622e-3,1.5943050385e-3,6.6818792086e2,-2.6305373897e-1,3.6731027204e0,3.5303811408e-1,2.6261185067e-1,1.4543533325e-5
25.957143,6.7377316704e2,-3.7819920775e-4,5.4901853437e1,6.4260207746e-1,2.5011104299e-12,0.0000000000e0,6.7377284126e2,-4.4897176501e-4,1.4475458440e1,5.7773826676e-1,1.1853333436e-3,1.4369487762e-3,6.7342428675e2,-2.6031634341e-1,3.6940472502e0,3.5453777551e-1,2.5987706601e-1,1.6689300537e-5
26.058163,6.7902777530e2,-3.7521541550e-4,5.5322222097e1,6.4278326563e-1,7.2759576142e-12,7.1525573730e-7,6.7902747803e2,-4.4105367057e-4,1.4580551034e1,5.7835647703e-1,1.1246568507e-3,1.2934207916e-3,6.7867861668e2,-2.5759820030e-1,3.7150636135e0,3.5602872706e-1,2.5716026325e-1,1.9311904907e-5
26.159184,6.8430279379e2,-3.7226703547e-4,5.5744223575e1,6.4296243406e-1,1.5916157281e-12,-4.7683715820e-7,6.8430252253e2,-4.3361305166e-4,1.4686051794e1,5.7896851386e-1,1.0668685554e-3,1.1637210846e-3,6.8395568721e2,-2.5489687122e-1,3.7361709174e0,3.5751234537e-1,2.5446147497e-1,2.3126602173e-5
26.260204,6.8959822253e2,-3.6935350558e-4,5.6167857873e1,6.4313961237e-1,3.1832314562e-12,-2.3841857910e-7,6.8959797498e2,-4.2660903372e-4,1.4791960724e1,5.7957445553e-1,1.0118430575e-3,1.0471343994e-3,6.8925104189e2,-2.5221466817e-1,3.7573513359e0,3.5898739827e-1,2.5178073129e-1,2.5987625122e-5
26.361224,6.9491406149e2,-3.6647427490e-4,5.6593124989e1,6.4331482965e-1,5.6843418861e-13,2.3841857910e-7,6.9491383557e2,-4.2000431057e-4,1.4898277828e1,5.8017437915e-1,9.5945978421e-4,9.4223022461e-4,6.9456790191e2,-2.4954997937e-1,3.7786177543e0,3.6045480917e-1,2.4911805987e-1,3.0517578125e-5
26.462245,7.0025031070e2,-3.6362880344e-4,5.7020024925e1,6.4348811446e-1,4.4337866711e-12,-2.3841857910e-7,7.0025010447e2,-4.1376484207e-4,1.5005003108e1,5.8076836065e-1,9.0960270916e-4,8.4662437439e-4,6.9990519429e2,-2.4690337625e-1,3.7999658809e0,3.6191430045e-1,2.4647348571e-1,3.4809112549e-5
26.563265,7.0560697014e2,-3.6081656188e-4,5.7448557679e1,6.4365949485e-1,2.9558577808e-12,0.0000000000e0,7.0560678186e2,-4.0785958527e-4,1.5112136566e1,5.8135647488e-1,8.6216039642e-4,7.6031684875e-4,7.0526291682e2,-2.4427488267e-1,3.8213957072e0,3.6336589478e-1,2.4384703160e-1,4.0531158447e-5
26.664286,7.1098403982e2,-3.5803703128e-4,5.7878723252e1,6.4382899837e-1,5.6843418861e-12,-2.3841857910e-7,7.1098386787e2,-4.0226023780e-4,1.5219678205e1,5.8193879551e-1,8.1702575733e-4,6.8306922913e-4,7.1064107080e2,-2.4166451827e-1,3.8429072386e0,3.6480961639e-1,2.4123871760e-1,4.6968460083e-5
26.765306,7.1638151973e2,-3.5528970290e-4,5.8310521644e1,6.4399665207e-1,2.2737367544e-12,0.0000000000e0,7.1638136266e2,-3.9694100579e-4,1.5327628027e1,5.8251539518e-1,7.7409595076e-4,6.1392784119e-4,7.1603965577e2,-2.3907230109e-1,3.8645004736e0,3.6624548957e-1,2.3864856152e-1,5.4359436035e-5
26.866327,7.2179940988e2,-3.5257407789e-4,5.8743952855e1,6.4416248253e-1,8.0717654782e-12,-2.3841857910e-7,7.2179926634e2,-3.9187838722e-4,1.5435986033e1,5.8308634540e-1,7.3327216330e-4,5.5098533630e-4,7.2145867076e2,-2.3649824698e-1,3.8861754086e0,3.6767353909e-1,2.3607657875e-1,6.2465667725e-5
26.967347,7.2723771027e2,-3.4988966710e-4,5.9179016885e1,6.4432651585e-1,8.2991391537e-12,0.0000000000e0,7.2723757904e2,-3.8705097639e-4,1.5544752226e1,5.8365171666e-1,6.9445953750e-4,4.9352645874e-4,7.2689811524e2,-2.3394236912e-1,3.9079320418e0,3.6909379032e-1,2.3352278224e-1,7.1048736572e-5
27.068367,7.3269642089e2,-3.4723599084e-4,5.9615713734e1,6.4448877768e-1,2.6147972676e-12,-4.7683715820e-7,7.3269630086e2,-3.8243928346e-4,1.5653926606e1,5.8421157838e-1,6.5756708091e-4,4.4298171997e-4,7.3235798984e2,-2.3140467774e-1,3.9297703760e0,3.7050626949e-1,2.3098718260e-1,8.2969665527e-5
27.169388,7.3817554176e2,-3.4461257866e-4,6.0054043402e1,6.4464929320e-1,3.1832314562e-12,4.7683715820e-7,7.3817543190e2,-3.7802556578e-4,1.5763509176e1,5.8476599898e-1,6.2250743940e-4,3.9768218994e-4,7.3783829386e2,-2.2888518133e-1,3.9516904086e0,3.7191100296e-1,2.2846978821e-1,9.5844268799e-5
27.270408,7.4367507286e2,-3.4201896915e-4,6.0494005889e1,6.4480808716e-1,1.5916157281e-12,4.7683715820e-7,7.4367497225e2,-3.7379367635e-4,1.5873499937e1,5.8531504585e-1,5.8919682363e-4,3.5572052002e-4,7.4333902723e2,-2.2638388567e-1,3.9736921398e0,3.7330801772e-1,2.2597060501e-1,1.1014938354e-4
27.371429,7.4919501419e2,-3.3945470970e-4,6.0935601195e1,6.4496518389e-1,1.5916157281e-12,0.0000000000e0,7.4919492199e2,-3.6972892295e-4,1.5983898890e1,5.8585878541e-1,5.5755483925e-4,3.1757354736e-4,7.4886018903e2,-2.2390079458e-1,3.9957755661e0,3.7469734104e-1,2.2348963665e-1,1.2540817261e-4
27.472449,7.5473536577e2,-3.3691935634e-4,6.1378829320e1,6.4512060727e-1,1.8189894035e-12,0.0000000000e0,7.5473528121e2,-3.6581794142e-4,1.6094706037e1,5.8639728310e-1,5.2750446287e-4,2.8514862061e-4,7.5440178004e2,-2.2143590880e-1,4.0179406909e0,3.7607900101e-1,2.2102688471e-1,1.4400482178e-4
27.573469,7.6029612758e2,-3.3441247349e-4,6.1823690264e1,6.4527438079e-1,1.5916157281e-12,-4.7683715820e-7,7.6029604996e2,-3.6204857739e-4,1.6205921377e1,5.8693060339e-1,4.9897189626e-4,2.5558471680e-4,7.5996379866e2,-2.1898922775e-1,4.0401875082e0,3.7745302560e-1,2.1858234830e-1,1.6403198242e-4
27.674490,7.6587729963e2,-3.3193363381e-4,6.2270184027e1,6.4542652750e-1,8.1854523160e-12,0.0000000000e0,7.6587722831e2,-3.5840977598e-4,1.6317544913e1,5.8745880983e-1,4.7188629230e-4,2.2745132446e-4,7.6554624531e2,-2.1656074768e-1,4.0625160200e0,3.7881944364e-1,2.1615602444e-1,1.8739700317e-4
27.775510,7.7147888192e2,-3.2948241801e-4,6.2718310610e1,6.4557707009e-1,9.0949470177e-13,0.0000000000e0,7.7147881631e2,-3.5489148732e-4,1.6429576645e1,5.8798196503e-1,4.4617988556e-4,2.0360946655e-4,7.7114947907e2,-2.1415030920e-1,4.0849276627e0,3.8017837097e-1,2.1374790795e-1,2.1409988403e-4
27.876531,7.7710087444e2,-3.2705841464e-4,6.3168070011e1,6.4572603083e-1,3.5242919694e-12,0.0000000000e0,7.7710081403e2,-3.5148457467e-4,1.6542016573e1,5.8850013068e-1,4.2178779552e-4,1.8262863159e-4,7.7677242174e2,-2.1175836516e-1,4.1074181241e0,3.8152957680e-1,2.1135799153e-1,2.4414062500e-4
27.977551,7.8274327721e2,-3.2466121995e-4,6.3619462231e1,6.4587343163e-1,4.8885340220e-12,0.0000000000e0,7.8274322151e2,-3.4818073019e-4,1.6654864699e1,5.8901336761e-1,3.9864777705e-4,1.6260147095e-4,7.8241615025e2,-2.0938444466e-1,4.1299917120e0,3.8287335099e-1,2.0898626568e-1,2.7799606323e-4
28.078571,7.8840609021e2,-3.2229043767e-4,6.4072487271e1,6.4601929401e-1,4.2064129957e-12,9.5367431641e-7,7.8840603879e2,-3.4497240322e-4,1.6768121024e1,5.8952173572e-1,3.7670037705e-4,1.4543533325e-4,7.8808030581e2,-2.0702868843e-1,4.1526469916e0,3.8420963712e-1,2.0663271883e-1,3.1566619873e-4
28.179592,7.9408931345e2,-3.1994567889e-4,6.4527145129e1,6.4616363913e-1,5.6843418861e-12,0.0000000000e0,7.9408926592e2,-3.4185272864e-4,1.6881785547e1,5.9002529409e-1,3.5588862204e-4,1.2969970703e-4,7.9376569529e2,-2.0469075178e-1,4.1753871907e0,3.8553865347e-1,2.0429733727e-1,3.5858154297e-4
28.280612,7.9979294693e2,-3.1762656187e-4,6.4983435807e1,6.4630648779e-1,2.8421709430e-12,0.0000000000e0,7.9979290292e2,-3.3881546633e-4,1.6995858270e1,5.9052410091e-1,3.3615810003e-4,1.1444091797e-4,7.9946989543e2,-2.0237160791e-1,4.1982026166e0,3.8685986703e-1,2.0198010532e-1,4.0578842163e-4
28.381633,8.0551699065e2,-3.1533271190e-4,6.5441359303e1,6.4644786044e-1,3.5242919694e-12,4.7683715820e-7,8.0551694984e2,-3.3585494073e-4,1.7110339192e1,5.9101821354e-1,3.1745657691e-4,1.0347366333e-4,8.0519602898e2,-2.0006996763e-1,4.2211057606e0,3.8817403259e-1,1.9968100520e-1,4.5967102051e-4
28.482653,8.1126144461e2,-3.1306376111e-4,6.5900915619e1,6.4658777717e-1,7.2759576142e-12,0.0000000000e0,8.1126140670e2,-3.3296599347e-4,1.7225228315e1,5.9150768854e-1,2.9973434914e-4,9.2029571533e-5,8.1094153496e2,-1.9778684136e-1,4.2440863791e0,3.8948059237e-1,1.9740001715e-1,5.2022933960e-4
28.583673,8.1702630881e2,-3.1081934835e-4,6.6362104754e1,6.4672625776e-1,9.0949470177e-13,0.0000000000e0,8.1702627354e2,-3.3014393083e-4,1.7340525639e1,5.9199258163e-1,2.8294367701e-4,8.2969665527e-5,8.1670882174e2,-1.9552125070e-1,4.2671541057e0,3.9078012482e-1,1.9513711944e-1,5.8746337891e-4
28.684694,8.2281158324e2,-3.0859911904e-4,6.6824926708e1,6.4686332163e-1,3.2969182939e-12,4.7683715820e-7,8.2281155037e2,-3.2738448485e-4,1.7456231163e1,5.9247294775e-1,2.6703914739e-4,7.2956085205e-5,8.2249418347e2,-1.9327461797e-1,4.2902941177e0,3.9207182992e-1,1.9289228838e-1,6.6280364990e-4
28.785714,8.2861726791e2,-3.0640272501e-4,6.7289381482e1,6.4699898789e-1,7.9580786405e-13,0.0000000000e0,8.2861723722e2,-3.2468376978e-4,1.7572344890e1,5.9294884103e-1,2.5197714319e-4,6.4849853516e-5,8.2830131780e2,-1.9104547295e-1,4.3135212056e0,3.9335656851e-1,1.9066549831e-1,7.4768066406e-4
28.886735,8.3444336283e2,-3.0422982437e-4,6.7755469074e1,6.4713327534e-1,5.6843418861e-13,-4.7683715820e-7,8.3444333410e2,-3.2203824985e-4,1.7688866818e1,5.9342031485e-1,2.3771616588e-4,5.7697296143e-5,8.3412887534e2,-1.8883431194e-1,4.3368299723e0,3.9463407033e-1,1.8845672179e-1,8.4161758423e-4
28.987755,8.4028986798e2,-3.0208008138e-4,6.8223189486e1,6.4726620244e-1,2.5011104299e-12,0.0000000000e0,8.4028984105e2,-3.1944470469e-4,1.7805796948e1,5.9388742182e-1,2.2421654364e-4,5.1975250244e-5,8.3997685755e2,-1.8664110168e-1,4.3602204240e0,3.9590436836e-1,1.8626592929e-1,9.4461441040e-4
29.088776,8.4615678337e2,-2.9995316631e-4,6.8692542716e1,6.4739778738e-1,3.7516656448e-12,0.0000000000e0,8.4615675808e2,-3.1690020034e-4,1.7923135280e1,5.9435021382e-1,2.1144043023e-4,4.6253204346e-5,8.4584526451e2,-1.8446580727e-1,4.3836925612e0,3.9716749542e-1,1.8409308960e-1,1.0604858398e-3
29.189796,8.5204410901e2,-2.9784875530e-4,6.9163528766e1,6.4752804801e-1,4.3200998334e-12,0.0000000000e0,8.5204408519e2,-3.1440206117e-4,1.8040881815e1,5.9480874196e-1,1.9935157115e-4,4.1007995605e-5,8.5173409157e2,-1.8230839329e-1,4.4072463657e0,3.9842348356e-1,1.8193816974e-1,1.1897087097e-3
29.290816,8.5795184488e2,-2.9576653026e-4,6.9636147635e1,6.4765700192e-1,8.0717654782e-12,0.0000000000e0,8.5795182242e2,-3.1194784741e-4,1.8159036553e1,5.9526305666e-1,1.8791551975e-4,3.6239624023e-5,8.5764334524e2,-1.8016881804e-1,4.4308818638e0,3.9967236737e-1,1.7980113476e-1,1.3318061829e-3
29.391837,8.6387999099e2,-2.9370617873e-4,7.0110399324e1,6.4778466640e-1,2.2737367544e-13,9.5367431641e-7,8.6387996976e2,-3.0953533184e-4,1.8277599494e1,5.9571320761e-1,1.7709941881e-4,3.1948089600e-5,8.6357302102e2,-1.7804704160e-1,4.4545990378e0,4.0091417927e-1,1.7768194808e-1,1.4891624451e-3
29.492857,8.6982854734e2,-2.9166739376e-4,7.0586283831e1,6.4791105844e-1,3.7516656448e-12,4.7683715820e-7,8.6982852723e2,-3.0716247872e-4,1.8396570638e1,5.9615924379e-1,1.6687176924e-4,2.8610229492e-5,8.6952311838e2,-1.7594302036e-1,4.4783978859e0,4.0214895268e-1,1.7558057126e-1,1.6641616821e-3
29.593878,8.7579751393e2,-2.8964987378e-4,7.1063801158e1,6.4803619479e-1,8.7538865046e-12,4.7683715820e-7,8.7579749484e2,-3.0482742729e-4,1.8515949985e1,5.9660121351e-1,1.5720265856e-4,2.5272369385e-5,8.7549400930e2,-1.7385657916e-1,4.5022798963e0,4.0337679745e-1,1.7349696427e-1,1.8558502197e-3
29.694898,8.8178689076e2,-2.8765332253e-4,7.1542951304e1,6.4816009189e-1,9.8907548818e-12,0.0000000000e0,8.8178687261e2,-3.0252847460e-4,1.8635737536e1,5.9703916440e-1,1.4806362219e-4,2.2411346436e-5,8.8148457984e2,-1.7178805636e-1,4.5262406135e0,4.0459751936e-1,1.7143108533e-1,2.0680427551e-3
29.795918,8.8779667783e2,-2.8567744890e-4,7.2023734269e1,6.4828276594e-1,1.4779288904e-12,0.0000000000e0,8.8779666053e2,-3.0026405976e-4,1.8755933290e1,5.9747314341e-1,1.3942742476e-4,2.0503997803e-5,8.8749712812e2,-1.6973661346e-1,4.5502892302e0,4.0581161841e-1,1.6938289093e-1,2.3026466370e-3
29.896939,8.9382687514e2,-2.8372196685e-4,7.2506150053e1,6.4840423287e-1,4.4337866711e-12,4.7683715820e-7,8.9382685862e2,-2.9803275097e-4,1.8876537248e1,5.9790319684e-1,1.3126812405e-4,1.7166137695e-5,8.9352772813e2,-1.6770353111e-1,4.5744100430e0,4.0701833815e-1,1.6735233607e-1,2.5591850281e-3
29.997959,8.9987748269e2,-2.8178659529e-4,7.2990198656e1,6.4852450834e-1,4.5474735089e-13,0.0000000000e0,8.9987746688e2,-2.9583323373e-4,1.8997549410e1,5.9832937034e-1,1.2356114075e-4,1.6212463379e-5,8.9957993325e2,-1.6568754998e-1,4.5986172654e0,4.0821842701e-1,1.6533937405e-1,2.8419494629e-3
30.098980,9.0594850049e2,-2.7987105798e-4,7.3475880079e1,6.4864360777e-1,5.6843418861e-13,0.0000000000e0,9.0594848533e2,-2.9366429836e-4,1.9118969776e1,5.9875170893e-1,1.1628289042e-4,1.3828277588e-5,9.0565256019e2,-1.6368901360e-1,4.6229061645e0,4.0941168141e-1,1.6334395657e-1,3.1509399414e-3
30.200000,9.1203992852e2,-2.7797508344e-4,7.3963194321e1,6.4876154635e-1,3.8653524825e-12,0.0000000000e0,9.1203991396e2,-2.9152483120e-4,1.9240798346e1,5.9917025700e-1,1.0941104927e-4,1.1920928955e-5,9.1174560710e2,-1.6170786277e-1,4.6472767333e0,4.1059813534e-1,1.6136603386e-1,3.4890174866e-3
30.301020,9.1815176679e2,-2.7609840484e-4,7.4452141382e1,6.4887833899e-1,2.2737367544e-12,0.0000000000e0,9.1815175279e2,-2.8941380451e-4,1.9363035119e1,5.9958505831e-1,1.0292422485e-4,1.1444091797e-5,9.1785801957e2,-1.5974437159e-1,4.6717247545e0,4.1177762071e-1,1.5940555455e-1,3.8614273071e-3
30.402041,9.2428401530e2,-2.7424075991e-4,7.4942721263e1,6.4899400041e-1,1.1368683772e-13,-4.7683715820e-7,9.2428400181e2,-2.8733026955e-4,1.9485680097e1,5.9999615605e-1,9.6802312669e-5,9.5367431641e-6,9.2399296145e2,-1.5779746644e-1,4.6962628834e0,4.1295077978e-1,1.5746246578e-1,4.2667388916e-3
30.503061,9.3043667406e2,-2.7240189085e-4,7.5434933963e1,6.4910854504e-1,4.8885340220e-12,4.7683715820e-7,9.3043666103e2,-2.8527334744e-4,1.9608733279e1,6.0040359277e-1,9.1025926736e-5,8.1062316895e-6,9.3014726763e2,-1.5586808981e-1,4.7208784603e0,4.1411703916e-1,1.5553671327e-1,4.7092437744e-3
30.604082,9.3660974305e2,-2.7058154420e-4,7.5928779482e1,6.4922198714e-1,5.6843418861e-12,-4.7683715820e-7,9.3660973046e2,-2.8324222373e-4,1.9732194666e1,6.0080741047e-1,8.5576753804e-5,7.6293945312e-6,9.3632199350e2,-1.5395583567e-1,4.7455757068e0,4.1527663620e-1,1.5362824125e-1,5.1898956299e-3
30.705102,9.4280322229e2,-2.6877947083e-4,7.6424257820e1,6.4933434070e-1,6.7075234256e-12,-4.7683715820e-7,9.4280321009e2,-2.8123614186e-4,1.9856064257e1,6.0120765054e-1,8.0437371480e-5,6.6757202148e-6,9.4251649025e2,-1.5206082915e-1,4.7703520281e0,4.1642948538e-1,1.5173699250e-1,5.7144165039e-3
30.806122,9.4901711176e2,-2.6699542577e-4,7.6921368977e1,6.4944561951e-1,3.0695446185e-12,-4.7683715820e-7,9.4901709994e2,-2.7925439768e-4,1.9980342052e1,6.0160435382e-1,7.5591195923e-5,5.2452087402e-6,9.4873270332e2,-1.5018240528e-1,4.7952152059e0,4.1757598187e-1,1.4986290850e-1,6.2847137451e-3
30.907143,9.5525141148e2,-2.6522916818e-4,7.7420112954e1,6.4955583715e-1,3.6379788071e-12,0.0000000000e0,9.5525140000e2,-2.7729633465e-4,2.0105028052e1,6.0199756059e-1,7.1022493898e-5,4.7683715820e-6,9.5496846659e2,-1.4832114316e-1,4.8201565762e0,4.1871575983e-1,1.4800592926e-1,6.9026947021e-3
31.008163,9.6150612143e2,-2.6348046125e-4,7.7920489750e1,6.4966500697e-1,8.2991391537e-12,-4.7683715820e-7,9.6150611028e2,-2.7536133927e-4,2.0230122256e1,6.0238731056e-1,6.6716332299e-5,4.2915344238e-6,9.6122448724e2,-1.4647674692e-1,4.8451789680e0,4.1984898586e-1,1.4616599350e-1,7.5736045837e-3
31.109184,9.6778124163e2,-2.6174907211e-4,7.8422499366e1,6.4977314212e-1,5.1159076975e-12,0.0000000000e0,9.6778123077e2,-2.7344883696e-4,2.0355624664e1,6.0277364293e-1,6.2658448769e-5,3.3378601074e-6,9.6750190509e2,-1.4464880366e-1,4.8702869407e0,4.2097589923e-1,1.4434303859e-1,8.2998275757e-3
31.210204,9.7407677207e2,-2.6003477175e-4,7.8926141800e1,6.4988025556e-1,8.9812601800e-12,9.5367431641e-7,9.7407676149e2,-2.7155828869e-4,2.0481535277e1,6.0315659634e-1,5.8835384039e-5,3.8146972656e-6,9.7379921490e2,-1.4283766876e-1,4.8954744736e0,4.2209626344e-1,1.4253700074e-1,9.0851783752e-3
31.311224,9.8039271275e2,-2.5833733496e-4,7.9431417054e1,6.4998636002e-1,4.4337866711e-12,0.0000000000e0,9.8039270243e2,-2.6968918751e-4,2.0607854095e1,6.0353620890e-1,5.5234312185e-5,2.8610229492e-6,9.8011679623e2,-1.4104314245e-1,4.9207430852e0,4.2321018247e-1,1.4074781471e-1,9.9334716797e-3
31.412245,9.8672906367e2,-2.5665654026e-4,7.9938325128e1,6.5009146806e-1,6.3664629124e-12,-9.5367431641e-7,9.8672905360e2,-2.6784105562e-4,2.0734581117e1,6.0391251823e-1,5.1843019719e-5,2.8610229492e-6,9.8645486815e2,-1.3926507243e-1,4.9460936521e0,4.2431772994e-1,1.3897541414e-1,1.0847568512e-2
31.513265,9.9308582484e2,-2.5499216980e-4,8.0446866020e1,6.5019559204e-1,3.7516656448e-12,4.7683715820e-7,9.9308581500e2,-2.6601344194e-4,2.0861716344e1,6.0428556141e-1,4.8650028589e-5,3.3378601074e-6,9.9281335692e2,-1.3750338725e-1,4.9715258795e0,4.2541892762e-1,1.3721973148e-1,1.1831283569e-2
31.614286,9.9946299624e2,-2.5334400928e-4,8.0957039732e1,6.5029874411e-1,1.1368683772e-12,0.0000000000e0,9.9946298662e2,-2.6420591945e-4,2.0989259775e1,6.0465537505e-1,4.5644387569e-5,3.8146972656e-6,9.9919042134e2,-1.3575849088e-1,4.9970324031e0,4.2651349569e-1,1.3548069795e-1,1.2891769409e-2
31.715306,1.0058605779e3,-2.5171184793e-4,8.1468846263e1,6.5040093627e-1,2.1600499167e-12,0.0000000000e0,1.0058605685e3,-2.6241808311e-4,2.1117211411e1,6.0502199523e-1,4.2815691813e-5,1.9073486328e-6,1.0055915850e3,-1.3402878810e-1,5.0226353165e0,4.2760241277e-1,1.3375824360e-1,1.4029502869e-2
31.816327,1.0122785698e3,-2.5009547839e-4,8.1982285614e1,6.5050218031e-1,8.0717654782e-12,0.0000000000e0,1.0122785606e3,-2.6064954803e-4,2.1245571252e1,6.0538545756e-1,4.0154137878e-5,1.4305114746e-6,1.0120113246e3,-1.3231567563e-1,5.0483125278e0,4.2868476985e-1,1.3205229735e-1,1.5250682831e-2
31.917347,1.0187169719e3,-2.4849469669e-4,8.2497357784e1,6.5060248784e-1,8.7538865046e-12,4.7683715820e-7,1.0187169629e3,-2.5889994751e-4,2.1374339297e1,6.0574579719e-1,3.7650319655e-5,1.4305114746e-6,1.0184514799e3,-1.3061855146e-1,5.0740713958e0,4.2976091601e-1,1.3036278710e-1,1.6560077667e-2
32.018367,1.0251757843e3,-2.4690930213e-4,8.3014062773e1,6.5070187031e-1,6.5938365879e-12,1.9073486328e-6,1.0251757754e3,-2.5716893168e-4,2.1503515548e1,6.0610304877e-1,3.5295392081e-5,9.5367431641e-7,1.0249120515e3,-1.2893730939e-1,5.0999119233e0,4.3083088607e-1,1.2868963957e-1,1.7961502075e-2
32.119388,1.0316550069e3,-2.4533909725e-4,8.3532400582e1,6.5080033899e-1,3.1832314562e-12,2.8610229492e-6,1.0316549982e3,-2.5545616616e-4,2.1633100002e1,6.0645724651e-1,3.3081094443e-5,1.9073486328e-6,1.0313930387e3,-1.2727184090e-1,5.1258341070e0,4.3189471454e-1,1.2703278049e-1,1.9456863403e-2
32.220408,1.0381546397e3,-2.4378388778e-4,8.4052371209e1,6.5089790498e-1,2.9558577808e-12,9.5367431641e-7,1.0381546312e3,-2.5376133027e-4,2.1763092662e1,6.0680842413e-1,3.0999292221e-5,1.9073486328e-6,1.0378944421e3,-1.2562203430e-1,5.1518379505e0,4.3295243618e-1,1.2539213453e-1,2.1056175232e-2
32.321429,1.0446746828e3,-2.4224348254e-4,8.4573974657e1,6.5099457921e-1,2.2737367544e-13,0.0000000000e0,1.0446746745e3,-2.5208411660e-4,2.1893493526e1,6.0715661494e-1,2.9042605092e-5,1.9073486328e-6,1.0444174024e3,-1.2398749293e-1,5.1779280159e0,4.3400426863e-1,1.2376762541e-1,2.2758483887e-2
32.422449,1.0512151362e3,-2.4071769342e-4,8.5097210923e1,6.5109037244e-1,5.0022208598e-12,0.0000000000e0,1.0512151279e3,-2.5042422944e-4,2.2024302595e1,6.0750185178e-1,2.7203895115e-5,-1.9073486328e-6,1.0509584955e3,-1.2236894790e-1,5.2040906077e0,4.3504969672e-1,1.2215917579e-1,2.4573326111e-2
32.523469,1.0577759997e3,-2.3920633527e-4,8.5622080009e1,6.5118529529e-1,3.4106051316e-12,-9.5367431641e-7,1.0577759917e3,-2.4878138403e-4,2.2155519869e1,6.0784416707e-1,2.5476369274e-5,9.5367431641e-7,1.0575211448e3,-1.2076543178e-1,5.2303394188e0,4.3608930447e-1,1.2056670744e-1,2.6503562927e-2
32.624490,1.0643572736e3,-2.3770922590e-4,8.6148581914e1,6.5127935821e-1,1.1823431123e-11,-1.9073486328e-6,1.0643572656e3,-2.4715530574e-4,2.2287145347e1,6.0818359278e-1,2.3853668381e-5,9.5367431641e-7,1.0641042097e3,-1.1917710477e-1,5.2566698879e0,4.3712294318e-1,1.1899014120e-1,2.8550148010e-2
32.725510,1.0709589576e3,-2.3622618600e-4,8.6676716639e1,6.5137257147e-1,5.2295945352e-12,1.9073486328e-6,1.0709589498e3,-2.4554572932e-4,2.2419179031e1,6.0852016047e-1,2.2329774538e-5,-9.5367431641e-7,1.0707065002e3,-1.1760412166e-1,5.2830772545e0,4.3815046276e-1,1.1742939693e-1,3.0725479126e-2
32.826531,1.0775810519e3,-2.3475703908e-4,8.7206484183e1,6.5146494524e-1,8.8675733423e-12,1.9073486328e-6,1.0775810442e3,-2.4395239816e-4,2.2551620919e1,6.0885390130e-1,2.0898989078e-5,0.0000000000e0,1.0773315837e3,-1.1604551670e-1,5.3095757880e0,4.3917245020e-1,1.1588439378e-1,3.3030509949e-2
32.927551,1.0842235565e3,-2.3330161141e-4,8.7737884546e1,6.5155648950e-1,5.2295945352e-12,-1.9073486328e-6,1.0842235489e3,-2.4237506368e-4,2.2684471012e1,6.0918484598e-1,1.9555886638e-5,0.0000000000e0,1.0839758932e3,-1.1450199806e-1,5.3361512216e0,4.4018838701e-1,1.1435504993e-1,3.5465240479e-2
33.028571,1.0908864713e3,-2.3185973200e-4,8.8270917729e1,6.5164721408e-1,2.2737367544e-12,0.0000000000e0,1.0908864638e3,-2.4081348479e-4,2.2817729309e1,6.0951302486e-1,1.8295314931e-5,-9.5367431641e-7,1.0906360612e3,-1.1297418279e-1,5.3627900854e0,4.4119780394e-1,1.1284128272e-1,3.8041114807e-2
33.129592,1.0975697963e3,-2.3043123250e-4,8.8805583731e1,6.5173712870e-1,2.9558577808e-12,9.5367431641e-7,1.0975697890e3,-2.3926742748e-4,2.2951395812e1,6.0983846785e-1,1.7112547539e-5,-9.5367431641e-7,1.0973257554e3,-1.1145884975e-1,5.3895470483e0,4.4220279738e-1,1.1134300867e-1,4.0760040283e-2
33.230612,1.1042735316e3,-2.2901594719e-4,8.9341882553e1,6.5182624291e-1,2.5011104299e-12,9.5367431641e-7,1.1042735243e3,-2.3773666419e-4,2.3085470519e1,6.1016120451e-1,1.6002991742e-5,0.0000000000e0,1.1040313073e3,-1.0995894819e-1,5.4163674381e0,4.4320133874e-1,1.0986014373e-1,4.3623924255e-2
33.331633,1.1109976771e3,-2.2761371294e-4,8.9879814194e1,6.5191456612e-1,4.0927261580e-12,9.5367431641e-7,1.1109976700e3,-2.3622097349e-4,2.3219953431e1,6.1048126397e-1,1.4962312889e-5,0.0000000000e0,1.1107572748e3,-1.0847330944e-1,5.4432694868e0,4.4419414964e-1,1.0839260277e-1,4.6639442444e-2
33.432653,1.1177422328e3,-2.2622436911e-4,9.0419378654e1,6.5200210762e-1,2.5011104299e-12,9.5367431641e-7,1.1177422258e3,-2.3472013974e-4,2.3354844548e1,6.1079867503e-1,1.3986435079e-5,9.5367431641e-7,1.1175036566e3,-1.0700179226e-1,5.4702531882e0,4.4518126358e-1,1.0694030018e-1,4.9813270569e-2
33.533673,1.1245071988e3,-2.2484775754e-4,9.0960575934e1,6.5208887655e-1,3.1832314562e-12,0.0000000000e0,1.1245071919e3,-2.3323395273e-4,2.3490143869e1,6.1111346607e-1,1.3071575040e-5,0.0000000000e0,1.1242704518e3,-1.0554425323e-1,5.4973185395e0,4.4616271410e-1,1.0550314952e-1,5.3143501282e-2
33.634694,1.1312925751e3,-2.2348372251e-4,9.1503406033e1,6.5217488192e-1,7.5033312896e-12,-9.5367431641e-7,1.1312925683e3,-2.3176220730e-4,2.3625851395e1,6.1142566512e-1,1.2214038861e-5,9.5367431641e-7,1.1310576618e3,-1.0410054652e-1,5.5244655464e0,4.4713853495e-1,1.0408106381e-1,5.6633949280e-2
33.735714,1.1380983616e3,-2.2213211068e-4,9.2047868951e1,6.5226013262e-1,6.3664629124e-12,9.5367431641e-7,1.1380983548e3,-2.3030470319e-4,2.3761967127e1,6.1173529986e-1,1.1410411162e-5,-9.5367431641e-7,1.1378654759e3,-1.0267048603e-1,5.5516949651e0,4.4810878638e-1,1.0267395515e-1,6.0291290283e-2
33.836735,1.1449245583e3,-2.2079277104e-4,9.2593964689e1,6.5234463739e-1,4.5474735089e-13,9.5367431641e-7,1.1449245517e3,-2.2886124471e-4,2.3898491063e1,6.1204239759e-1,1.0657511666e-5,9.5367431641e-7,1.1446933234e3,-1.0125404006e-1,5.5790045141e0,4.4907342080e-1,1.0128173525e-1,6.4115524292e-2
33.937755,1.1517711653e3,-2.1946555488e-4,9.3141693246e1,6.5242840487e-1,1.5916157281e-12,9.5367431641e-7,1.1517711587e3,-2.2743164050e-4,2.4035423204e1,6.1234698526e-1,9.9522703749e-6,9.5367431641e-7,1.1515417699e3,-9.9850942006e-2,5.6063964554e0,4.5003255167e-1,9.9904315116e-2,6.8114280701e-2
34.038776,1.1586381825e3,-2.1815031576e-4,9.3691054623e1,6.5251144357e-1,4.7748471843e-12,-9.5367431641e-7,1.1586381760e3,-2.2601570335e-4,2.4172763549e1,6.1264908950e-1,9.2917821348e-6,9.5367431641e-7,1.1584106411e3,-9.8461076105e-2,5.6338700916e0,4.5098618734e-1,9.8541605113e-2,7.2287559509e-2
34.139796,1.1655256099e3,-2.1684690943e-4,9.4242048819e1,6.5259376186e-1,1.3642420527e-11,1.9073486328e-6,1.1655256036e3,-2.2461325000e-4,2.4310512100e1,6.1294873656e-1,8.6733248281e-6,0.0000000000e0,1.1652999189e3,-9.7084293160e-2,5.6614253503e0,4.5193435829e-1,9.7193515119e-2,7.6633453369e-2
34.240816,1.1724334476e3,-2.1555519383e-4,9.4794675834e1,6.5267536801e-1,8.1854523160e-12,1.9073486328e-6,1.1724334414e3,-2.2322410101e-4,2.4448668855e1,6.1324595238e-1,8.0944594174e-6,-9.5367431641e-7,1.1722096171e3,-9.5720436712e-2,5.6890622872e0,4.5287709930e-1,9.5859954432e-2,8.1159591675e-2
34.341837,1.1793616956e3,-2.1427502902e-4,9.5348935669e1,6.5275627016e-1,8.4128259914e-12,0.0000000000e0,1.1793616894e3,-2.2184808047e-4,2.4587233815e1,6.1354076256e-1,7.5526056662e-6,-1.9073486328e-6,1.1791397226e3,-9.4369354826e-2,5.7167808496e0,4.5381444136e-1,9.4540831805e-2,8.5862159729e-2
34.442857,1.1863103538e3,-2.1300627717e-4,9.5904828323e1,6.5283647635e-1,2.5011104299e-12,1.9073486328e-6,1.1863103476e3,-2.2048501601e-4,2.4726206980e1,6.1383319236e-1,7.0456094363e-6,0.0000000000e0,1.1860902447e3,-9.3030890751e-2,5.7445810745e0,4.5474641835e-1,9.3236055532e-2,9.0746879578e-2
34.543878,1.1932794222e3,-2.1174880251e-4,9.6462353797e1,6.5291599449e-1,2.5011104299e-12,9.5367431641e-7,1.1932794162e3,-2.1913473856e-4,2.4865588350e1,6.1412326674e-1,6.5713431923e-6,9.5367431641e-7,1.1930611803e3,-9.1704889769e-2,5.7724629499e0,4.5567306241e-1,9.1945533343e-2,9.5805168152e-2
34.644898,1.2002689008e3,-2.1050247127e-4,9.7021512090e1,6.5299483239e-1,7.2759576142e-12,9.5367431641e-7,1.2002688949e3,-2.1779708226e-4,2.5005377924e1,6.1441101033e-1,6.1277601162e-6,9.5367431641e-7,1.2000452316e3,-9.0392520780e-2,5.8003972857e0,4.5659344832e-1,9.0669172660e-2,1.0104751587e-1
34.745918,1.2072787898e3,-2.0926715169e-4,9.7582303203e1,6.5307299774e-1,1.3642420527e-12,-1.9073486328e-6,1.2072787839e3,-2.1647188433e-4,2.5145575704e1,6.1469644746e-1,5.7128524986e-6,9.5367431641e-7,1.2070624725e3,-8.9089981534e-2,5.8284643732e0,4.5751024442e-1,8.9406880318e-2,1.0646629333e-1
34.846939,1.2143090889e3,-2.0804271394e-4,9.8144727135e1,6.5315049813e-1,2.0463630790e-12,-9.5367431641e-7,1.2143090831e3,-2.1515898500e-4,2.5286181688e1,6.1497960213e-1,5.3250498695e-6,-9.5367431641e-7,1.2140964713e3,-8.7800112692e-2,5.8565984899e0,4.5842132062e-1,8.8158562831e-2,1.1206436157e-1
34.947959,1.2213597983e3,-2.0682903011e-4,9.8708783886e1,6.5322734104e-1,7.0485839387e-12,9.5367431641e-7,1.2213597926e3,-2.1385822735e-4,2.5427195877e1,6.1526049805e-1,4.9625107295e-6,0.0000000000e0,1.2211490635e3,-8.6522413432e-2,5.8848069764e0,4.5932695590e-1,8.6924126252e-2,1.1783409119e-1
35.048980,1.2284309179e3,-2.0562597417e-4,9.9274473457e1,6.5330353386e-1,1.0004441720e-11,-9.5367431641e-7,1.2284309123e3,-2.1256945726e-4,2.5568618271e1,6.1553915863e-1,4.6237294100e-6,9.5367431641e-7,1.2282220690e3,-8.5256405065e-2,5.9130971124e0,4.6022741890e-1,8.5703476281e-2,1.2377929688e-1
35.150000,1.2355224478e3,-2.0443342196e-4,9.9841795847e1,6.5337908385e-1,5.9117155615e-12,0.0000000000e0,1.2355224423e3,-2.1129252333e-4,2.5710448870e1,6.1581560699e-1,4.3071938762e-6,-9.5367431641e-7,1.2353154891e3,-8.4001935599e-2,5.9414689027e0,4.6112274153e-1,8.4496518225e-2,1.2989330292e-1
35.251020,1.2426343879e3,-2.0325125109e-4,1.0041075106e2,6.5345399818e-1,4.0927261580e-12,1.9073486328e-6,1.2426343825e3,-2.1002727676e-4,2.5852687673e1,6.1608986595e-1,4.0114916828e-6,-9.5367431641e-7,1.2424293147e3,-8.2758856303e-2,5.9699223114e0,4.6201295427e-1,8.3303157249e-2,1.3617420197e-1
35.352041,1.2497667383e3,-2.0207934100e-4,1.0098133909e2,6.5352828394e-1,2.2737367544e-13,-9.5367431641e-7,1.2497667329e3,-2.0877357130e-4,2.5995334682e1,6.1636195805e-1,3.7353572679e-6,0.0000000000e0,1.2495635711e3,-8.1527014571e-2,5.9984574390e0,4.6289809172e-1,8.2123297908e-2,1.4261627197e-1
35.453061,1.2569194989e3,-2.0091757285e-4,1.0155355993e2,6.5360194810e-1,4.3200998334e-12,1.9073486328e-6,1.2569194936e3,-2.0753126318e-4,2.6138389895e1,6.1663190555e-1,3.4775077893e-6,0.0000000000e0,1.2567170886e3,-8.0306453730e-2,6.0270696077e0,4.6377804191e-1,8.0956844678e-2,1.4921665192e-1
35.554082,1.2640926698e3,-1.9976582954e-4,1.0212741360e2,6.5367499754e-1,1.3642420527e-12,0.0000000000e0,1.2640926645e3,-2.0630021104e-4,2.6281853313e1,6.1689973041e-1,3.2368393477e-6,-9.5367431641e-7,1.2638912467e3,-7.9096801627e-2,6.0557643346e0,4.6465300717e-1,7.9803701656e-2,1.5596485138e-1
35.655102,1.2712862509e3,-1.9862399565e-4,1.0270290009e2,6.5374743904e-1,8.1854523160e-12,0.0000000000e0,1.2712862457e3,-2.0508027583e-4,2.6425724936e1,6.1716545436e-1,3.0121320833e-6,1.9073486328e-6,1.2710867450e3,-7.7897808624e-2,6.0845444180e0,4.6552310204e-1,7.8663772819e-2,1.6286277771e-1
35.756122,1.2785002422e3,-1.9749195742e-4,1.0328001940e2,6.5381927930e-1,5.0022208598e-12,0.0000000000e0,1.2785002371e3,-2.0387132083e-4,2.6570004764e1,6.1742909882e-1,2.8024692256e-6,-1.9073486328e-6,1.2783067759e3,-7.6708847533e-2,6.1134226267e0,4.6638873568e-1,7.7536961674e-2,1.6989898682e-1
35.857143,1.2857346438e3,-1.9636960275e-4,1.0385877152e2,6.5389052492e-1,4.5474735089e-13,0.0000000000e0,1.2857346387e3,-2.0267321154e-4,2.6714692797e1,6.1769068496e-1,2.6069021715e-6,1.9073486328e-6,1.2855410283e3,-7.5531388226e-2,6.1423577188e0,4.6724870581e-1,7.6423171746e-2,1.7706680298e-1
35.958163,1.2929894556e3,-1.9525682110e-4,1.0443915647e2,6.5396118242e-1,0.0000000000e0,0.0000000000e0,1.2929894506e3,-2.0148581559e-4,2.6859789034e1,6.1795023369e-1,2.4244561700e-6,0.0000000000e0,1.2927977601e3,-7.4364013409e-2,6.1713827238e0,4.6810403101e-1,7.5322306271e-2,1.8435955048e-1
36.059184,1.3002646777e3,-1.9415350355e-4,1.0502117424e2,6.5403125822e-1,3.8653524825e-12,9.5367431641e-7,1.3002646727e3,-2.0030900278e-4,2.7005293477e1,6.1820776566e-1,2.2543576961e-6,9.5367431641e-7,1.3000704753e3,-7.3207574632e-2,6.2004716591e0,4.6895397957e-1,7.4234268273e-2,1.9176483154e-1
36.160204,1.3075603100e3,-1.9305954270e-4,1.0560482482e2,6.5410075864e-1,3.8653524825e-12,-9.5367431641e-7,1.3075603051e3,-1.9914264495e-4,2.7151206124e1,6.1846330125e-1,2.0957213565e-6,1.9073486328e-6,1.3073724726e3,-7.2059972974e-2,6.2296777171e0,4.6980012945e-1,7.3158960578e-2,1.9927310944e-1
36.261224,1.3148763526e3,-1.9197483270e-4,1.0619010822e2,6.5416968995e-1,1.5916157281e-12,1.9073486328e-6,1.3148763477e3,-1.9798661598e-4,2.7297526976e1,6.1871686062e-1,1.9478982267e-6,-9.5367431641e-7,1.3146885326e3,-7.0923342964e-2,6.2589400228e0,4.7064074343e-1,7.2096286075e-2,2.0687866211e-1
36.362245,1.3222128054e3,-1.9089926918e-4,1.0677702445e2,6.5423805832e-1,1.8189894035e-12,-2.8610229492e-6,1.3222128006e3,-1.9684079172e-4,2.7444256033e1,6.1896846366e-1,1.8100881789e-6,9.5367431641e-7,1.3220314051e3,-6.9795717441e-2,6.2883095729e0,4.7147731652e-1,7.1046147285e-2,2.1457004547e-1
36.463265,1.3295696684e3,-1.8983274925e-4,1.0736557349e2,6.5430586982e-1,6.8212102633e-13,-9.5367431641e-7,1.3295696637e3,-1.9570504997e-4,2.7591393294e1,6.1921813001e-1,1.6817252799e-6,1.9073486328e-6,1.3293939018e3,-6.8678034905e-2,6.3177576155e0,4.7230905155e-1,7.0008446744e-2,2.2233295441e-1
36.564286,1.3369469417e3,-1.8877517147e-4,1.0795575535e2,6.5437313045e-1,1.3642420527e-12,0.0000000000e0,1.3369469370e3,-1.9457927041e-4,2.7738938761e1,6.1946587910e-1,1.5621417333e-6,-9.5367431641e-7,1.3367668682e3,-6.7571450640e-2,6.3472475354e0,4.7313495947e-1,6.8983086885e-2,2.3015975952e-1
36.665306,1.3443446252e3,-1.8772643581e-4,1.0854757004e2,6.5443984615e-1,3.1832314562e-12,-9.5367431641e-7,1.3443446206e3,-1.9346333458e-4,2.7886892433e1,6.1971173008e-1,1.4507379547e-6,1.9073486328e-6,1.3441665039e3,-6.6473602148e-2,6.3768441269e0,4.7395688977e-1,6.7969970057e-2,2.3803615570e-1
36.766327,1.3517627190e3,-1.8668644365e-4,1.0914101754e2,6.5450602275e-1,7.2759576142e-12,0.0000000000e0,1.3517627144e3,-1.9235712584e-4,2.8035254309e1,6.1995570192e-1,1.3470034901e-6,0.0000000000e0,1.3515885365e3,-6.5385007971e-2,6.4065303013e0,4.7477438566e-1,6.6968998553e-2,2.4594783783e-1
36.867347,1.3592012230e3,-1.8565509776e-4,1.0973609786e2,6.5457166601e-1,8.6401996668e-12,0.0000000000e0,1.3592012185e3,-1.9126052932e-4,2.8184024390e1,6.2019781330e-1,1.2504781353e-6,-9.5367431641e-7,1.3590322560e3,-6.4305687433e-2,6.4363032191e0,4.7558739375e-1,6.5980074630e-2,2.5388431549e-1
36.968367,1.3666601373e3,-1.8463230222e-4,1.1033281100e2,6.5463678163e-1,5.2295945352e-12,0.0000000000e0,1.3666601328e3,-1.9017343191e-4,2.8333202676e1,6.2043808272e-1,1.1605852706e-6,0.0000000000e0,1.3664878935e3,-6.3236838827e-2,6.4661238069e0,4.7639488611e-1,6.5003100543e-2,2.6183414459e-1
37.069388,1.3741394618e3,-1.8361796249e-4,1.1093115696e2,6.5470137523e-1,6.8212102633e-13,9.5367431641e-7,1.3741394574e3,-1.8909572220e-4,2.8482789167e1,6.2067652844e-1,1.0769238088e-6,1.9073486328e-6,1.3739691856e3,-6.2176578299e-2,6.4960470079e0,4.7719838393e-1,6.4037978494e-2,2.6978015900e-1
37.170408,1.3816391965e3,-1.8261198531e-4,1.1153113574e2,6.5476545233e-1,3.6379788071e-12,9.5367431641e-7,1.3816391922e3,-1.8802729044e-4,2.8632783863e1,6.2091316850e-1,9.9911608231e-7,0.0000000000e0,1.3814708908e3,-6.1125530831e-2,6.5260518578e0,4.7799734595e-1,6.3084610750e-2,2.7770996094e-1
37.271429,1.3891593415e3,-1.8161427871e-4,1.1213274734e2,6.5482901841e-1,1.3642420527e-12,-1.9073486328e-6,1.3891593372e3,-1.8696802855e-4,2.8783186763e1,6.2114802071e-1,9.2678715191e-7,0.0000000000e0,1.3889950272e3,-6.0083384812e-2,6.5561464283e0,4.7879201308e-1,6.2142899513e-2,2.8560638428e-1
37.372449,1.3966998967e3,-1.8062475198e-4,1.1273599176e2,6.5489207886e-1,1.8189894035e-12,9.5367431641e-7,1.3966998925e3,-1.8591783004e-4,2.8933997869e1,6.2138110268e-1,8.5943111117e-7,9.5367431641e-7,1.3965355455e3,-5.9050838854e-2,6.5863065236e0,4.7958177758e-1,6.1212747125e-2,2.9345321655e-1
37.473469,1.4042608622e3,-1.7964331566e-4,1.1334086899e2,6.5495463900e-1,9.0949470177e-13,0.0000000000e0,1.4042608580e3,-1.8487659001e-4,2.9085217179e1,6.2161243181e-1,7.9683013610e-7,-1.9073486328e-6,1.4040922799e3,-5.8027843553e-2,6.6165314811e0,4.8036666120e-1,6.0294055927e-2,3.0123996735e-1
37.574490,1.4118422379e3,-1.7866988153e-4,1.1394737905e2,6.5501670410e-1,1.4097167877e-11,-9.5367431641e-7,1.4118422338e3,-1.8384420510e-4,2.9236844694e1,6.2184202528e-1,7.3867840911e-7,0.0000000000e0,1.4116818525e3,-5.7012360172e-2,6.6468877853e0,4.8114840789e-1,5.9386728376e-2,3.0895233154e-1
37.675510,1.4194440239e3,-1.7770436255e-4,1.1455552193e2,6.5507827933e-1,5.0022208598e-12,0.0000000000e0,1.4194440198e3,-1.8282057349e-4,2.9388880414e1,6.2206990008e-1,6.8458007263e-7,9.5367431641e-7,1.4192856263e3,-5.6006604704e-2,6.6773008927e0,4.8192511801e-1,5.8490666956e-2,3.1657123566e-1
37.776531,1.4270662201e3,-1.7674667286e-4,1.1516529763e2,6.5513936981e-1,1.4324541553e-11,-1.9073486328e-6,1.4270662161e3,-1.8180559483e-4,2.9541324339e1,6.2229607299e-1,6.3434322328e-7,0.0000000000e0,1.4269098132e3,-5.5009801148e-2,6.7077956496e0,4.8269746195e-1,5.7605774284e-2,3.2408332825e-1
37.877551,1.4347088266e3,-1.7579672779e-4,1.1577670614e2,6.5519998060e-1,6.8212102633e-12,-2.8610229492e-6,1.4347088226e3,-1.8079917026e-4,2.9694176469e1,6.2252056057e-1,5.8767568589e-7,0.0000000000e0,1.4345544129e3,-5.4021930136e-2,6.7383720552e0,4.8346546742e-1,5.6731953111e-2,3.3147144318e-1
37.978571,1.4423718433e3,-1.7485444380e-4,1.1638974748e2,6.5526011668e-1,2.0463630790e-12,-1.9073486328e-6,1.4423718393e3,-1.7980120233e-4,2.9847436804e1,6.2274337922e-1,5.4432734942e-7,9.5367431641e-7,1.4422194255e3,-5.3042979082e-2,6.7690301105e0,4.8422916201e-1,5.5869106229e-2,3.3872127533e-1
38.079592,1.4500552702e3,-1.7391973847e-4,1.1700442163e2,6.5531978298e-1,1.1596057448e-11,1.9073486328e-6,1.4500552663e3,-1.7881159503e-4,3.0001105343e1,6.2296454513e-1,5.0408038987e-7,1.9073486328e-6,1.4499048496e3,-5.2072942396e-2,6.7997698093e0,4.8498857297e-1,5.5017136697e-2,3.4582138062e-1
38.180612,1.4577591074e3,-1.7299253051e-4,1.1762072861e2,6.5537898435e-1,2.2737367544e-13,0.0000000000e0,1.4577591035e3,-1.7783025371e-4,3.0155182087e1,6.2318407427e-1,4.6667310016e-7,0.0000000000e0,1.4576106861e3,-5.1111820848e-2,6.8305911561e0,4.8574372766e-1,5.4175947638e-2,3.5275268555e-1
38.281633,1.4654833548e3,-1.7207273969e-4,1.1823866840e2,6.5543772560e-1,5.4569682106e-12,3.8146972656e-6,1.4654833510e3,-1.7685708512e-4,3.0309667037e1,6.2340198248e-1,4.3199065658e-7,-1.9073486328e-6,1.4653369351e3,-5.0159621859e-2,6.8614941514e0,4.8649465319e-1,5.3345442360e-2,3.5950469971e-1
38.382653,1.4732280125e3,-1.7116028688e-4,1.1885824101e2,6.5549601145e-1,6.3664629124e-12,1.9073486328e-6,1.4732280087e3,-1.7589199730e-4,3.0464560191e1,6.2361828535e-1,3.9979136091e-7,0.0000000000e0,1.4730835938e3,-4.9216359520e-2,6.8924787843e0,4.8724137625e-1,5.2525524378e-2,3.6606216431e-1
38.483673,1.4809930804e3,-1.7025509400e-4,1.1947944645e2,6.5555384658e-1,1.1368683772e-12,0.0000000000e0,1.4809930767e3,-1.7493489964e-4,3.0619861550e1,6.2383299833e-1,3.6992719288e-7,0.0000000000e0,1.4808506642e3,-4.8282053601e-2,6.9235450637e0,4.8798392382e-1,5.1716097466e-2,3.7240028381e-1
38.584694,1.4887785586e3,-1.6935708400e-4,1.2010228470e2,6.5561123561e-1,4.0927261580e-12,3.8146972656e-6,1.4887785549e3,-1.7398570280e-4,3.0775571114e1,6.2404613668e-1,3.4226354728e-7,0.0000000000e0,1.4886381453e3,-4.7356730134e-2,6.9546929851e0,4.8872232243e-1,5.0917065403e-2,3.7852287292e-1
38.685714,1.4965844470e3,-1.6846618087e-4,1.2072675577e2,6.5566818309e-1,5.9117155615e-12,3.8146972656e-6,1.4965844433e3,-1.7304431872e-4,3.0931688882e1,6.2425771547e-1,3.1654622035e-7,0.0000000000e0,1.4964476038e3,-4.6440263536e-2,6.9859288163e0,4.8945674531e-1,5.0128332349e-2,3.8440895081e-1
38.786735,1.5044107456e3,-1.6758230958e-4,1.2135285966e2,6.5572469353e-1,2.7284841053e-12,0.0000000000e0,1.5044107420e3,-1.7211066058e-4,3.1088214856e1,6.2446774960e-1,2.9270790947e-7,0.0000000000e0,1.5042826155e3,-4.5532344983e-2,7.0172668595e0,4.9018754735e-1,4.9349802666e-2,3.9004325867e-1
38.887755,1.5122574545e3,-1.6670539610e-4,1.2198059637e2,6.5578077136e-1,1.8189894035e-12,-1.9073486328e-6,1.5122574509e3,-1.7118464280e-4,3.1245149034e1,6.2467625379e-1,2.7060400498e-7,1.9073486328e-6,1.5121230478e3,-4.4634998265e-2,7.0486265890e0,4.9091288811e-1,4.8581381037e-2,3.9542198181e-1
38.988776,1.5201245736e3,-1.6583536740e-4,1.2260996590e2,6.5583642097e-1,9.0949470177e-13,0.0000000000e0,1.5201245701e3,-1.7026618097e-4,3.1402491417e1,6.2488324261e-1,2.5015106075e-7,-1.9073486328e-6,1.5199921670e3,-4.3745974368e-2,7.0801010658e0,4.9163495372e-1,4.7822972132e-2,4.0052413940e-1
39.089796,1.5280121030e3,-1.6497215136e-4,1.2324096825e2,6.5589164669e-1,6.8212102633e-13,0.0000000000e0,1.5280120995e3,-1.6935519189e-4,3.1560242006e1,6.2508873043e-1,2.3117968340e-7,3.8146972656e-6,1.5278816946e3,-4.2866142675e-2,7.1116571780e0,4.9235300101e-1,4.7074481265e-2,4.0534400940e-1
39.190816,1.5359200426e3,-1.6411567686e-4,1.2387360342e2,6.5594645280e-1,1.1141310097e-11,-1.9073486328e-6,1.5359200392e3,-1.6845159351e-4,3.1718400799e1,6.2529273147e-1,2.1359187485e-7,1.9073486328e-6,1.5357916300e3,-4.1995558827e-2,7.1432949240e0,4.9306705564e-1,4.6335813731e-2,4.0987396240e-1
39.291837,1.5438483925e3,-1.6326587367e-4,1.2450787141e2,6.5600084352e-1,1.8189894035e-12,0.0000000000e0,1.5438483891e3,-1.6755530493e-4,3.1876967797e1,6.2549525979e-1,1.9731555767e-7,-1.9073486328e-6,1.5437219720e3,-4.1134282275e-2,7.1750142991e0,4.9377714303e-1,4.5606875186e-2,4.1410446167e-1
39.392857,1.5517971526e3,-1.6242267248e-4,1.2514377222e2,6.5605482302e-1,6.8212102633e-12,3.8146972656e-6,1.5517971492e3,-1.6666624636e-4,3.2035942999e1,6.2569632927e-1,1.8224454834e-7,1.9073486328e-6,1.5516727224e3,-4.0282375535e-2,7.2068153114e0,4.9448328877e-1,4.4887571720e-2,4.1801834106e-1
39.493878,1.5597663229e3,-1.6158600489e-4,1.2578130585e2,6.5610839542e-1,5.4569682106e-12,-1.9073486328e-6,1.5597663196e3,-1.6578433913e-4,3.2195326407e1,6.2589595366e-1,1.6825447346e-7,1.9073486328e-6,1.5596438784e3,-3.9439904414e-2,7.2386979499e0,4.9518551783e-1,4.4177809603e-2,4.2162322998e-1
39.594898,1.5677559035e3,-1.6075580338e-4,1.2642047229e2,6.5616156478e-1,6.5938365879e-12,-3.8146972656e-6,1.5677559002e3,-1.6490950563e-4,3.2355118020e1,6.2609414651e-1,1.5533169062e-7,1.9073486328e-6,1.5676354396e3,-3.8606936962e-2,7.2706622134e0,4.9588385526e-1,4.3477495398e-2,4.2490005493e-1
39.695918,1.5757658943e3,-1.5993200130e-4,1.2706127156e2,6.5621433512e-1,2.2737367544e-12,0.0000000000e0,1.5757658911e3,-1.6404166935e-4,3.2515317837e1,6.2629092126e-1,1.4336751519e-7,1.9073486328e-6,1.5756507512e3,-3.7783256683e-2,7.3027214833e0,4.9657861481e-1,4.2786536090e-2,4.2784690857e-1
39.796939,1.5837962954e3,-1.5911453287e-4,1.2770370365e2,6.5626671042e-1,1.3642420527e-12,1.9073486328e-6,1.5837962922e3,-1.6318075480e-4,3.2675925859e1,6.2648629115e-1,1.3230533114e-7,0.0000000000e0,1.5836797785e3,-3.6969794731e-2,7.3348356228e0,4.9726895496e-1,4.2104838926e-2,4.3047142029e-1
39.897959,1.5918471067e3,-1.5830333316e-4,1.2834776855e2,6.5631869458e-1,2.0463630790e-12,0.0000000000e0,1.5918471036e3,-1.6232668753e-4,3.2836942086e1,6.2668026930e-1,1.2208374756e-7,1.9073486328e-6,1.5917325537e3,-3.6165764560e-2,7.3670447599e0,4.9795576642e-1,4.1432311695e-2,4.3274879456e-1
39.998980,1.5999183283e3,-1.5749833804e-4,1.2899346627e2,6.5637029147e-1,9.0949470177e-13,-1.9073486328e-6,1.5999183252e3,-1.6147939410e-4,3.2998366518e1,6.2687286868e-1,1.1262454791e-7,3.8146972656e-6,1.5998057324e3,-3.5371525974e-2,7.3993355178e0,4.9863878496e-1,4.0768862213e-2,4.3468475342e-1
40.100000,1.6080099601e3,-1.5669948423e-4,1.2964079682e2,6.5642150492e-1,2.2737367544e-13,0.0000000000e0,1.6080099571e3,-1.6063880209e-4,3.3160199155e1,6.2706410209e-1,1.0384792404e-7,-1.9073486328e-6,1.6078993139e3,-3.4587152635e-2,7.4317078941e0,4.9931803482e-1,4.0114398950e-2,4.3627738953e-1
40.201020,1.6161220021e3,-1.5590670924e-4,1.3028976018e2,6.5647233871e-1,0.0000000000e0,0.0000000000e0,1.6161219992e3,-1.5980484003e-4,3.3322439997e1,6.2725398221e-1,9.5775703812e-8,-1.9073486328e-6,1.6160132975e3,-3.3812717896e-2,7.4641618871e0,4.9999354016e-1,3.9468830680e-2,4.3752861023e-1
40.302041,1.6242544544e3,-1.5511995140e-4,1.3094035636e2,6.5652279656e-1,0.0000000000e0,0.0000000000e0,1.6242544515e3,-1.5897743743e-4,3.3485089044e1,6.2744252156e-1,8.8277374743e-8,0.0000000000e0,1.6241476827e3,-3.3048294310e-2,7.4966974948e0,5.0066532493e-1,3.8832066395e-2,4.3843841553e-1
40.403061,1.6324073169e3,-1.5433914980e-4,1.3159258536e2,6.5657288215e-1,1.2732925825e-11,0.0000000000e0,1.6324073141e3,-1.5815652474e-4,3.3648146295e1,6.2762973252e-1,8.1372490968e-8,0.0000000000e0,1.6323024687e3,-3.2293953310e-2,7.5293147155e0,5.0133341297e-1,3.8204015717e-2,4.3900299072e-1
40.504082,1.6405805896e3,-1.5356424430e-4,1.3224644717e2,6.5662259913e-1,5.2295945352e-12,3.8146972656e-6,1.6405805869e3,-1.5734203336e-4,3.3811611752e1,6.2781562733e-1,7.5002390076e-8,-1.9073486328e-6,1.6404776549e3,-3.1549764659e-2,7.5620135471e0,5.0199782795e-1,3.7584588591e-2,4.3922805786e-1
40.605102,1.6487742726e3,-1.5279517552e-4,1.3290194181e2,6.5667195109e-1,2.0463630790e-12,-1.9073486328e-6,1.6487742700e3,-1.5653389558e-4,3.3975485413e1,6.2800021810e-1,6.9145926318e-8,0.0000000000e0,1.6486732408e3,-3.0815796031e-2,7.5947939878e0,5.0265859340e-1,3.6973695373e-2,4.3910408020e-1
40.706122,1.6569883657e3,-1.5203188485e-4,1.3355906926e2,6.5672094158e-1,1.1368683772e-12,0.0000000000e0,1.6569883633e3,-1.5573204463e-4,3.4139767279e1,6.2818351679e-1,6.3680545281e-8,0.0000000000e0,1.6568892256e3,-3.0092112561e-2,7.6276560357e0,5.0331573272e-1,3.6371246770e-2,4.3865585327e-1
40.807143,1.6652228691e3,-1.5127431439e-4,1.3421782953e2,6.5676957411e-1,3.8653524825e-12,1.9073486328e-6,1.6652228669e3,-1.5493641458e-4,3.4304457350e1,6.2836553524e-1,5.8604427977e-8,1.9073486328e-6,1.6651256088e3,-2.9378776457e-2,7.6605996890e0,5.0396926912e-1,3.5777153918e-2,4.3787002563e-1
40.908163,1.6734777827e3,-1.5052240698e-4,1.3487822262e2,6.5681785215e-1,1.0004441720e-11,-1.9073486328e-6,1.6734777807e3,-1.5414694043e-4,3.4469555626e1,6.2854628515e-1,5.3994426708e-8,-1.9073486328e-6,1.6733823898e3,-2.8675846656e-2,7.6936249457e0,5.0461922570e-1,3.5191328531e-2,4.3675804138e-1
41.009184,1.6817531066e3,-1.4977610616e-4,1.3554024852e2,6.5686577912e-1,3.6379788071e-12,-3.8146972656e-6,1.6817531047e3,-1.5336355799e-4,3.4635062107e1,6.2872577809e-1,4.9692516768e-8,0.0000000000e0,1.6816595679e3,-2.7983378339e-2,7.7267318041e0,5.0526562541e-1,3.4613682629e-2,4.3532180786e-1
41.110204,1.6900488406e3,-1.4903535619e-4,1.3620390724e2,6.5691335841e-1,8.6401996668e-12,3.8146972656e-6,1.6900488390e3,-1.5258620394e-4,3.4800976792e1,6.2890402550e-1,4.5727119868e-8,0.0000000000e0,1.6899571425e3,-2.7301422649e-2,7.7599202623e0,5.0590849103e-1,3.4044128754e-2,4.3358039856e-1
41.211224,1.6983649848e3,-1.4830010201e-4,1.3686919877e2,6.5696059335e-1,1.4551915228e-11,-1.9073486328e-6,1.6983649835e3,-1.5181481579e-4,3.4967299683e1,6.2908103868e-1,4.2060491978e-8,1.9073486328e-6,1.6982751131e3,-2.6630026291e-2,7.7931903184e0,5.0654784523e-1,3.3482579812e-2,4.3151855469e-1
41.312245,1.7067015392e3,-1.4757028925e-4,1.3753612312e2,6.5700748726e-1,5.4569682106e-12,-1.9073486328e-6,1.7067015383e3,-1.5104933187e-4,3.5134030778e1,6.2925682884e-1,3.8709458750e-8,0.0000000000e0,1.7066134789e3,-2.5969231333e-2,7.8265419709e0,5.0718371051e-1,3.2928949387e-2,4.2916488647e-1
41.413265,1.7150585037e3,-1.4684586421e-4,1.3820468027e2,6.5705404340e-1,2.9558577808e-12,0.0000000000e0,1.7150585033e3,-1.5028969131e-4,3.5301170079e1,6.2943140702e-1,3.5630591810e-8,-3.8146972656e-6,1.7149722396e3,-2.5319074679e-2,7.8599752178e0,5.0781610925e-1,3.2383151165e-2,4.2651939392e-1
41.514286,1.7234358784e3,-1.4612677385e-4,1.3887487024e2,6.5710026500e-1,5.6843418861e-12,0.0000000000e0,1.7234358786e3,-1.4953583404e-4,3.5468717584e1,6.2960478418e-1,3.2752723200e-8,1.9073486328e-6,1.7233513944e3,-2.4679588065e-2,7.8934900576e0,5.0844506366e-1,3.1845099592e-2,4.2358970642e-1
41.615306,1.7318336632e3,-1.4541296580e-4,1.3954669301e2,6.5714615525e-1,8.8675733423e-12,-1.9073486328e-6,1.7318336641e3,-1.4878770076e-4,3.5636673294e1,6.2977697112e-1,3.0111323213e-8,0.0000000000e0,1.7317509429e3,-2.4050797692e-2,7.9270864886e0,5.0907059582e-1,3.1314709575e-2,4.2038917542e-1
41.716327,1.7402518580e3,-1.4470438831e-4,1.4022014859e2,6.5719171729e-1,8.4128259914e-12,1.9073486328e-6,1.7402518599e3,-1.4804523295e-4,3.5805037209e1,6.2994797855e-1,2.7674559533e-8,-1.9073486328e-6,1.7401708844e3,-2.3432723950e-2,7.9607645091e0,5.0969272769e-1,3.0791896351e-2,4.1691970825e-1
41.817347,1.7486904630e3,-1.4400099027e-4,1.4089523697e2,6.5723695425e-1,4.0927261580e-12,0.0000000000e0,1.7486904659e3,-1.4730837283e-4,3.5973809329e1,6.3011781705e-1,2.5440840545e-8,0.0000000000e0,1.7486112186e3,-2.2825381376e-2,7.9945241177e0,5.1031148106e-1,3.0276575848e-2,4.1319847107e-1
41.918367,1.7571494779e3,-1.4330272120e-4,1.4157195815e2,6.5728186920e-1,4.5474735089e-13,-1.9073486328e-6,1.7571494821e3,-1.4657706340e-4,3.6142989653e1,6.3028649708e-1,2.3390157367e-8,1.9073486328e-6,1.7570719449e3,-2.2228778306e-2,8.0283653129e0,5.1092687760e-1,2.9768664260e-2,4.0923881531e-1
42.019388,1.7656289028e3,-1.4260953123e-4,1.4225031212e2,6.5732646519e-1,2.5011104299e-12,1.9073486328e-6,1.7656289086e3,-1.4585124835e-4,3.6312578183e1,6.3045402900e-1,2.1496816771e-8,0.0000000000e0,1.7655530628e3,-2.1642916961e-2,8.0622880931e0,5.1153893882e-1,2.9268078562e-2,4.0505027771e-1
42.120408,1.7741287376e3,-1.4192137112e-4,1.4293029888e2,6.5737074523e-1,1.0913936421e-11,0.0000000000e0,1.7741287453e3,-1.4513087211e-4,3.6482574917e1,6.3062042303e-1,1.9727849576e-8,0.0000000000e0,1.7740545719e3,-2.1067793145e-2,8.0962924570e0,5.1214768611e-1,2.8774736077e-2,4.0063476562e-1
42.221429,1.7826489822e3,-1.4123819218e-4,1.4361191842e2,6.5741471230e-1,4.7748471843e-12,1.9073486328e-6,1.7826489923e3,-1.4441587983e-4,3.6652979857e1,6.3078568931e-1,1.8135779101e-8,-1.9073486328e-6,1.7825764716e3,-2.0503396164e-2,8.1303784034e0,5.1275314073e-1,2.8288554490e-2,3.9602088928e-1
42.322449,1.7911896365e3,-1.4055994634e-4,1.4429517073e2,6.5745836933e-1,3.8653524825e-12,-1.9073486328e-6,1.7911896495e3,-1.4370621733e-4,3.6823793001e1,6.3094983786e-1,1.6638296074e-8,-3.8146972656e-6,1.7911187617e3,-1.9949708954e-2,8.1645459309e0,5.1335532377e-1,2.7809452272e-2,3.9120292664e-1
42.423469,1.7997507005e3,-1.3988658613e-4,1.4498005581e2,6.5750171925e-1,1.1368683772e-11,-1.9073486328e-6,1.7997507170e3,-1.4300183116e-4,3.6995014350e1,6.3111287856e-1,1.5271325537e-8,0.0000000000e0,1.7996814417e3,-1.9406707904e-2,8.1987950384e0,5.1395425622e-1,2.7337348346e-2,3.8620376587e-1
42.524490,1.8083321740e3,-1.3921806460e-4,1.4566657364e2,6.5754476492e-1,2.5011104299e-12,3.8146972656e-6,1.8083321947e3,-1.4230266850e-4,3.7166643904e1,6.3127482123e-1,1.4012357497e-8,0.0000000000e0,1.8082645112e3,-1.8874362843e-2,8.2331257247e0,5.1454995891e-1,2.6872162080e-2,3.8103103638e-1
42.625510,1.8169340568e3,-1.3855433541e-4,1.4635472420e2,6.5758750921e-1,5.0022208598e-12,-1.9073486328e-6,1.8169340826e3,-1.4160867724e-4,3.7338681663e1,6.3143567555e-1,1.2870941646e-8,1.9073486328e-6,1.8168679699e3,-1.8352637115e-2,8.2675379888e0,5.1514245254e-1,2.6413813416e-2,3.7569236755e-1
42.726531,1.8255563488e3,-1.3789535275e-4,1.4704450749e2,6.5762995492e-1,6.3664629124e-12,0.0000000000e0,1.8255563808e3,-1.4091980589e-4,3.7511127627e1,6.3159545110e-1,1.1787051335e-8,-1.9073486328e-6,1.8254918175e3,-1.7841487604e-2,8.3020318297e0,5.1573175769e-1,2.5962222830e-2,3.7021446228e-1
42.827551,1.8341990498e3,-1.3724107138e-4,1.4773592347e2,6.5767210485e-1,1.3642420527e-12,0.0000000000e0,1.8341990893e3,-1.4023600365e-4,3.7683981796e1,6.3175415738e-1,1.0849362297e-8,0.0000000000e0,1.8341360536e3,-1.7340864781e-2,8.3366072465e0,5.1631789478e-1,2.5517311294e-2,3.6459541321e-1
42.928571,1.8428621594e3,-1.3659144658e-4,1.4842897214e2,6.5771396177e-1,1.4779288904e-11,-3.8146972656e-6,1.8428622079e3,-1.3955722031e-4,3.7857244169e1,6.3191180376e-1,9.9282715382e-9,1.9073486328e-6,1.8428006780e3,-1.6850712847e-2,8.3712642384e0,5.1690088413e-1,2.5079000415e-2,3.5885429382e-1
43.029592,1.8515456775e3,-1.3594643416e-4,1.4912365345e2,6.5775552839e-1,9.0949470177e-13,0.0000000000e0,1.8515457369e3,-1.3888340631e-4,3.8030914748e1,6.3206839952e-1,9.1235961008e-9,0.0000000000e0,1.8514856904e3,-1.6370969782e-2,8.4060028046e0,5.1748074589e-1,2.4647212283e-2,3.5299491882e-1
43.130612,1.8602496035e3,-1.3530599049e-4,1.4981996739e2,6.5779680745e-1,3.1832314562e-12,0.0000000000e0,1.8602496760e3,-1.3821451272e-4,3.8204993531e1,6.3222395385e-1,8.3612121671e-9,-1.9073486328e-6,1.8601910906e3,-1.5901567465e-2,8.4408229444e0,5.1805750010e-1,2.4221869481e-2,3.4703826904e-1
43.231633,1.8689739372e3,-1.3467007241e-4,1.5051791390e2,6.5783780161e-1,1.3642420527e-12,0.0000000000e0,1.8689740255e3,-1.3755049119e-4,3.8379480519e1,6.3237847581e-1,7.6388460002e-9,3.8146972656e-6,1.8689168784e3,-1.5442431933e-2,8.4757246572e0,5.1863116668e-1,2.3802895329e-2,3.4099388123e-1
43.332653,1.8777186779e3,-1.3403863731e-4,1.5121749294e2,6.5787851354e-1,2.7284841053e-12,0.0000000000e0,1.8777187851e3,-1.3689129400e-4,3.8554375712e1,6.3253197439e-1,7.0037913247e-9,-1.9073486328e-6,1.8776630536e3,-1.4993483353e-2,8.5107079424e0,5.1920176539e-1,2.3390213472e-2,3.3487129211e-1
43.433673,1.8864838251e3,-1.3341164307e-4,1.5191870446e2,6.5791894588e-1,3.8653524825e-12,1.9073486328e-6,1.8864839550e3,-1.3623687400e-4,3.8729679110e1,6.3268445849e-1,6.4417235990e-9,-3.8146972656e-6,1.8864296160e3,-1.4554636350e-2,8.5457727996e0,5.1976931588e-1,2.2983748205e-2,3.2868003845e-1
43.534694,1.8952693781e3,-1.3278904806e-4,1.5262154839e2,6.5795910125e-1,2.2737367544e-13,-1.9073486328e-6,1.8952695352e3,-1.3558718462e-4,3.8905390713e1,6.3283593689e-1,5.8553268900e-9,3.8146972656e-6,1.8952165655e3,-1.4125800186e-2,8.5809192284e0,5.2033383766e-1,2.2583424461e-2,3.2243347168e-1
43.635714,1.9040753360e3,-1.3217081116e-4,1.5332602466e2,6.5799898225e-1,1.4779288904e-11,0.0000000000e0,1.9040755256e3,-1.3494217988e-4,3.9081510521e1,6.3298641830e-1,5.3973963077e-9,1.9073486328e-6,1.9040239021e3,-1.3706878890e-2,8.6161472284e0,5.2089535012e-1,2.2189167645e-2,3.1613349915e-1
43.736735,1.9129016978e3,-1.3155689172e-4,1.5403213317e2,6.5803859146e-1,7.5033312896e-12,0.0000000000e0,1.9129019262e3,-1.3430181434e-4,3.9258038533e1,6.3313591132e-1,4.9228674470e-9,0.0000000000e0,1.9128516255e3,-1.3297771518e-2,8.6514567995e0,5.2145387252e-1,2.1800903733e-2,3.0980491638e-1
43.837755,1.9217484624e3,-1.3094724957e-4,1.5473987383e2,6.5807793145e-1,3.4106051316e-12,3.8146972656e-6,1.9217487371e3,-1.3366604313e-4,3.9434974751e1,6.3328442446e-1,4.4926764531e-9,3.8146972656e-6,1.9216997358e3,-1.2898372389e-2,8.6868479413e0,5.2200942399e-1,2.1418559308e-2,3.0344581604e-1
43.938776,1.9306156283e3,-1.3034184502e-4,1.5544924651e2,6.5811700478e-1,1.2505552149e-11,3.8146972656e-6,1.9306159582e3,-1.3303482194e-4,3.9612319173e1,6.3343196616e-1,4.1341081669e-9,3.8146972656e-6,1.9305682329e3,-1.2508571274e-2,8.7223206538e0,5.2256202353e-1,2.1042061450e-2,2.9707336426e-1
44.039796,1.9395031941e3,-1.2974063883e-4,1.5616025106e2,6.5815581400e-1,1.0913936421e-11,-1.9073486328e-6,1.9395035896e3,-1.3240810697e-4,3.9790071801e1,6.3357854474e-1,3.7653080653e-9,1.9073486328e-6,1.9394571168e3,-1.2128253744e-2,8.7578749369e0,5.2311169002e-1,2.0671338001e-2,2.9069709778e-1
44.140816,1.9484111578e3,-1.2914359225e-4,1.5687288732e2,6.5819436163e-1,3.1832314562e-12,3.8146972656e-6,1.9484116312e3,-1.3178585498e-4,3.9968232633e1,6.3372416846e-1,3.4362983570e-9,-1.9073486328e-6,1.9483663875e3,-1.1757301145e-2,8.7935107907e0,5.2365844220e-1,2.0306316932e-2,2.8431320190e-1
44.241837,1.9573395172e3,-1.2855066695e-4,1.5758715509e2,6.5823265022e-1,3.1832314562e-12,3.8146972656e-6,1.9573400830e3,-1.3116802324e-4,4.0146801670e1,6.3386884549e-1,3.1707259041e-9,0.0000000000e0,1.9572960450e3,-1.1395591286e-2,8.8292282151e0,5.2420229870e-1,1.9946927354e-2,2.7794456482e-1
44.342857,1.9662882697e3,-1.2796182509e-4,1.5830305414e2,6.5827068231e-1,5.2295945352e-12,-1.9073486328e-6,1.9662889452e3,-1.3055456953e-4,4.0325778912e1,6.3401258388e-1,2.8869635571e-9,3.8146972656e-6,1.9662460894e3,-1.1042998287e-2,8.8650272104e0,5.2474327803e-1,1.9593098591e-2,2.7159881592e-1
44.443878,1.9752574125e3,-1.2737702924e-4,1.5902058421e2,6.5830846041e-1,3.8653524825e-12,0.0000000000e0,1.9752582175e3,-1.2994545214e-4,4.0505164359e1,6.3415539164e-1,2.6379893825e-9,0.0000000000e0,1.9752165207e3,-1.0699393001e-2,8.9009077767e0,5.2528139855e-1,1.9244760565e-2,2.6527023315e-1
44.544898,1.9842469419e3,-1.2679624243e-4,1.5973974499e2,6.5834598708e-1,6.5938365879e-12,1.9073486328e-6,1.9842479001e3,-1.2934062989e-4,4.0684958011e1,6.3429727668e-1,2.3997017706e-9,1.9073486328e-6,1.9842073390e3,-1.0364643345e-2,8.9368699142e0,5.2581667852e-1,1.8901843964e-2,2.5897598267e-1
44.645918,1.9932568541e3,-1.2621942812e-4,1.6046053611e2,6.5838326487e-1,1.4324541553e-11,-1.9073486328e-6,1.9932579929e3,-1.2874006204e-4,4.0865159867e1,6.3443824682e-1,2.1941559680e-9,1.9073486328e-6,1.9932185445e3,-1.0038614359e-2,8.9729136234e0,5.2634913608e-1,1.8564279792e-2,2.5272560120e-1
44.746939,2.0022871442e3,-1.2564655021e-4,1.6118295716e2,6.5842029635e-1,1.5006662579e-11,5.7220458984e-6,2.0022884960e3,-1.2814370839e-4,4.1045769929e1,6.3457830979e-1,2.0227162167e-9,-1.9073486328e-6,2.0022501371e3,-9.7211687069e-3,9.0090389044e0,5.2687878922e-1,1.8231999944e-2,2.4651336670e-1
44.847959,2.0113378070e3,-1.2507757302e-4,1.6190700766e2,6.5845708410e-1,7.9580786405e-12,-3.8146972656e-6,2.0113394093e3,-1.2755152919e-4,4.1226788195e1,6.3471747328e-1,1.7985257728e-9,-1.9073486328e-6,2.0113021171e3,-9.4121666911e-3,9.0452457579e0,5.2740565583e-1,1.7904936643e-2,2.4035453796e-1
44.948980,2.0204088361e3,-1.2451246129e-4,1.6263268705e2,6.5849363073e-1,5.2295945352e-12,0.0000000000e0,2.0204107329e3,-1.2696348517e-4,4.1408214667e1,6.3485574485e-1,1.6743797460e-9,1.9073486328e-6,2.0203744847e3,-9.1114666092e-3,9.0815341840e0,5.2792975368e-1,1.7583022698e-2,2.3425865173e-1
45.050000,2.0295002243e3,-1.2395118021e-4,1.6335999469e2,6.5852993890e-1,4.3200998334e-12,-1.9073486328e-6,2.0295024667e3,-1.2637953751e-4,4.1590049343e1,6.3499313201e-1,1.5156729205e-9,-1.9073486328e-6,2.0294672399e3,-8.8189250417e-3,9.1179041835e0,5.2845110041e-1,1.7266191600e-2,2.2821998596e-1
45.151020,2.0386119633e3,-1.2339369536e-4,1.6408892984e2,6.5856601130e-1,6.5938365879e-12,3.8146972656e-6,2.0386146108e3,-1.2579964788e-4,4.1772292224e1,6.3512964220e-1,1.3953922462e-9,-3.8146972656e-6,2.0385803829e3,-8.5343970902e-3,9.1543557569e0,5.2896971354e-1,1.6954377519e-2,2.2225570679e-1
45.252041,2.0477440435e3,-1.2283997274e-4,1.6481949164e2,6.5860185064e-1,1.0459189070e-11,0.0000000000e0,2.0477471651e3,-1.2522377839e-4,4.1954943310e1,6.3526528276e-1,1.2835243979e-9,0.0000000000e0,2.0477139141e3,-8.2577364684e-3,9.1908889046e0,5.2948561048e-1,1.6647514952e-2,2.1636009216e-1
45.353061,2.0568964539e3,-1.2228997879e-4,1.6555167913e2,6.5863745972e-1,8.1854523160e-12,0.0000000000e0,2.0569001296e3,-1.2465189157e-4,4.2138002601e1,6.3540006096e-1,1.1641532183e-9,-7.6293945312e-6,2.0568678335e3,-7.9887958894e-3,9.2275036274e0,5.2999880852e-1,1.6345539101e-2,2.1054458618e-1
45.454082,2.0660691817e3,-1.2174368032e-4,1.6628549118e2,6.5867284140e-1,1.1368683772e-11,0.0000000000e0,2.0660735044e3,-1.2408395043e-4,4.2321470097e1,6.3553398401e-1,1.1023075785e-9,-3.8146972656e-6,2.0660421414e3,-7.7274272947e-3,9.2641999259e0,5.3050932482e-1,1.6048385892e-2,2.0479965210e-1
45.555102,2.0752622126e3,-1.2120104460e-4,1.6702092651e2,6.5870799858e-1,1.1823431123e-11,7.6293945312e-6,2.0752672895e3,-1.2351991840e-4,4.2505345797e1,6.3566705903e-1,9.9453245639e-10,-3.8146972656e-6,2.0752368380e3,-7.4734818308e-3,9.3009778009e0,5.3101717644e-1,1.5755991372e-2,1.9915008545e-1
45.656122,2.0844755298e3,-1.2066203928e-4,1.6775798365e2,6.5874293429e-1,1.4551915228e-11,0.0000000000e0,2.0844814847e3,-1.2295975931e-4,4.2689629703e1,6.3579929308e-1,9.1813490144e-10,0.0000000000e0,2.0844519236e3,-7.2268105734e-3,9.3378372529e0,5.3152238030e-1,1.5468292998e-2,1.9358062744e-1
45.757143,2.0937091144e3,-1.2012663243e-4,1.6849666092e2,6.5877765161e-1,2.1827872843e-11,-3.8146972656e-6,2.0937160903e3,-1.2240343745e-4,4.2874321813e1,6.3593069313e-1,8.1990947365e-10,-3.8146972656e-6,2.0936873984e3,-6.9872640246e-3,9.3747782829e0,5.3202495323e-1,1.5185227860e-2,1.8810653687e-1
45.858163,2.1029629447e3,-1.1959479254e-4,1.6923695642e2,6.5881215375e-1,3.3196556615e-11,3.8146972656e-6,2.1029711060e3,-1.2185091751e-4,4.3059422129e1,6.3606126609e-1,7.5260686572e-10,0.0000000000e0,2.1029432627e3,-6.7546929100e-3,9.4118008916e0,5.3252491193e-1,1.4906734203e-2,1.8271636963e-1
45.959184,2.1122369960e3,-1.1906648851e-4,1.6997886797e2,6.5884644404e-1,1.7735146685e-11,-3.8146972656e-6,2.1122465321e3,-1.2130216459e-4,4.3244930649e1,6.3619101880e-1,6.4619598561e-10,0.0000000000e0,2.1122195167e3,-6.5289481101e-3,9.4489050797e0,5.3302227298e-1,1.4632750781e-2,1.7742538452e-1
46.060204,2.1215312404e3,-1.1854168966e-4,1.7072239310e2,6.5888052593e-1,3.1832314562e-11,-7.6293945312e-6,2.1215423683e3,-1.2075714418e-4,4.3430847374e1,6.3631995804e-1,6.2391336542e-10,0.0000000000e0,2.1215161608e3,-6.3098808348e-3,9.4860908482e0,5.3351705286e-1,1.4363216846e-2,1.7223358154e-1
46.161224,2.1308456458e3,-1.1802036571e-4,1.7146752901e2,6.5891440301e-1,3.5925040720e-11,3.8146972656e-6,2.1308586148e3,-1.2021582219e-4,4.3617172304e1,6.3644809050e-1,5.2750692703e-10,-3.8146972656e-6,2.1308331952e3,-6.0973427662e-3,9.5233581979e0,5.3400926793e-1,1.4098072066e-2,1.6713333130e-1
46.262245,2.1401801761e3,-1.1750248682e-4,1.7221427253e2,6.5894807906e-1,4.2291503632e-11,-3.8146972656e-6,2.1401952716e3,-1.1967816491e-4,4.3803905439e1,6.3657542282e-1,4.7566572903e-10,0.0000000000e0,2.1401706202e3,-5.8911864365e-3,9.5607071297e0,5.3449893444e-1,1.3837257107e-2,1.6214752197e-1
46.363265,2.1495347904e3,-1.1698802359e-4,1.7296262005e2,6.5898155801e-1,5.6388671510e-11,0.0000000000e0,2.1495523386e3,-1.1914413902e-4,4.3991046779e1,6.3670196156e-1,4.5292836148e-10,0.0000000000e0,2.1495284361e3,-5.6912650461e-3,9.5981376445e0,5.3498606851e-1,1.3580712734e-2,1.5725708008e-1
46.464286,2.1589094424e3,-1.1647694702e-4,1.7371256753e2,6.5901484399e-1,5.9571902966e-11,-7.6293945312e-6,2.1589298158e3,-1.1861371158e-4,4.4178596324e1,6.3682771321e-1,3.8471625885e-10,0.0000000000e0,2.1589066432e3,-5.4974329564e-3,9.6356497431e0,5.3547068618e-1,1.3328380749e-2,1.5245056152e-1
46.565306,2.1683040798e3,-1.1596922857e-4,1.7446411038e2,6.5904794135e-1,5.1841198001e-11,7.6293945312e-6,2.1683277033e3,-1.1808685003e-4,4.4366554073e1,6.3695268423e-1,4.1472958401e-10,-7.6293945312e-6,2.1683052419e3,-5.3095455266e-3,9.6732434266e0,5.3595280335e-1,1.3080203178e-2,1.4776229858e-1
46.666327,2.1777186436e3,-1.1546484014e-4,1.7521724345e2,6.5908085468e-1,8.2309270510e-11,-7.6293945312e-6,2.1777460010e3,-1.1756352218e-4,4.4554920028e1,6.3707688096e-1,3.7789504859e-10,-7.6293945312e-6,2.1777242324e3,-5.1274593929e-3,9.7109186958e0,5.3643243583e-1,1.2836122679e-2,1.4318084717e-1
46.767347,2.1871530676e3,-1.1496375408e-4,1.7597196094e2,6.5911358878e-1,8.9585228125e-11,3.8146972656e-6,2.1871847090e3,-1.1704369621e-4,4.4743694187e1,6.3720030972e-1,3.3060132409e-10,-3.8146972656e-6,2.1871636150e3,-4.9510326486e-3,9.7486755516e0,5.3690959931e-1,1.2596082725e-2,1.3868331909e-1
46.868367,2.1966072773e3,-1.1446594320e-4,1.7672825635e2,6.5914614878e-1,9.4132701633e-11,-3.8146972656e-6,2.1966438272e3,-1.1652734064e-4,4.4932876551e1,6.3732297675e-1,2.7011992643e-10,-7.6293945312e-6,2.1966233901e3,-4.7801247323e-3,9.7865139952e0,5.3738430936e-1,1.2360026958e-2,1.3430786133e-1
46.969388,2.2060811890e3,-1.1397138079e-4,1.7748612239e2,6.5917854006e-1,1.2096279534e-10,0.0000000000e0,2.2061233557e3,-1.1601442437e-4,4.5122467120e1,6.3744488823e-1,2.7330315788e-10,7.6293945312e-6,2.2061035580e3,-4.6145967839e-3,9.8244340273e0,5.3785658148e-1,1.2127899919e-2,1.3003540039e-1
47.070408,2.2155747092e3,-1.1348004063e-4,1.7824555089e2,6.5921076832e-1,1.2050804798e-10,-7.6293945312e-6,2.2156232944e3,-1.1550491666e-4,4.5312465895e1,6.3756605028e-1,2.6602720027e-10,0.0000000000e0,2.2156041190e3,-4.4543115802e-3,9.8624356490e0,5.3832643101e-1,1.1899646588e-2,1.2585449219e-1
47.171429,2.2250877331e3,-1.1299189697e-4,1.7900653274e2,6.5924283963e-1,1.3233147911e-10,7.6293945312e-6,2.2251436433e3,-1.1499878707e-4,4.5502872874e1,6.3768646894e-1,2.0463630790e-10,0.0000000000e0,2.2251250734e3,-4.2991336431e-3,9.9005188613e0,5.3879387323e-1,1.1675212437e-2,1.2178421021e-1
47.272449,2.2346201439e3,-1.1250692460e-4,1.7976905777e2,6.5927476037e-1,1.6007106751e-10,0.0000000000e0,2.2346844025e3,-1.1449600555e-4,4.5693688057e1,6.3780615023e-1,1.7234924599e-10,0.0000000000e0,2.2346664216e3,-4.1489294088e-3,9.9386836650e0,5.3925892329e-1,1.1454543699e-2,1.1780548096e-1
47.373469,2.2441718112e3,-1.1202509880e-4,1.8053311465e2,6.5930653735e-1,1.9690560293e-10,3.8146972656e-6,2.2442455720e3,-1.1399654236e-4,4.5884911446e1,6.3792510008e-1,1.5052137314e-10,-7.6293945312e-6,2.2442281638e3,-4.0035671853e-3,9.9769300613e0,5.3972159623e-1,1.1237587022e-2,1.1393737793e-1
47.474490,2.2537425901e3,-1.1154639542e-4,1.8129869079e2,6.5933817776e-1,2.2737367544e-10,-7.6293945312e-6,2.2538271517e3,-1.1350036811e-4,4.6076543040e1,6.3804332435e-1,1.5961632016e-10,-3.8146972656e-6,2.2538103005e3,-3.8629172671e-3,1.0015258051e1,5.4018190700e-1,1.1024289612e-2,1.1016464233e-1
47.575510,2.2633323193e3,-1.1107079086e-4,1.8206577220e2,6.5936968922e-1,2.4874680093e-10,-7.6293945312e-6,2.2634291416e3,-1.1300745373e-4,4.6268582838e1,6.3816082888e-1,1.5916157281e-10,0.0000000000e0,2.2634128319e3,-3.7268520039e-3,1.0053667635e1,5.4063987043e-1,1.0814599264e-2,1.0648727417e-1
47.676531,2.2729408201e3,-1.1059826208e-4,1.8283434340e2,6.5940107982e-1,2.8694557841e-10,-3.8146972656e-6,2.2730515418e3,-1.1251777046e-4,4.6461030842e1,6.3827761943e-1,1.1732481653e-10,0.0000000000e0,2.2730357584e3,-3.5952458210e-3,1.0092158815e1,5.4109550127e-1,1.0608464258e-2,1.0291671753e-1
47.777551,2.2825678946e3,-1.1012878664e-4,1.8360438724e2,6.5943235810e-1,3.1468516681e-10,0.0000000000e0,2.2826943522e3,-1.1203128987e-4,4.6653887050e1,6.3839370169e-1,9.7770680441e-11,3.8146972656e-6,2.2826790802e3,-3.4679753838e-3,1.0130731591e1,5.4154881414e-1,1.0405833752e-2,9.9445343018e-2
47.878571,2.2922133239e3,-1.0966234273e-4,1.8437588478e2,6.5946353312e-1,3.6470737541e-10,0.0000000000e0,2.2923575728e3,-1.1154798386e-4,4.6847151464e1,6.3850908133e-1,1.0413714335e-10,0.0000000000e0,2.2923427977e3,-3.3449193667e-3,1.0169385964e1,5.4199982358e-1,1.0206656882e-2,9.6054077148e-2
47.979592,2.3018768664e3,-1.0919890915e-4,1.8514881514e2,6.5949461445e-1,4.1472958401e-10,0.0000000000e0,2.3020412038e3,-1.1106782462e-4,4.7040824082e1,6.3862376393e-1,1.0004441720e-10,1.1444091797e-5,2.3020269113e3,-3.2259587994e-3,1.0208121936e1,5.4244854401e-1,1.0010883792e-2,9.2773437500e-2
48.080612,2.3115582561e3,-1.0873846539e-4,1.8592315533e2,6.5952561220e-1,4.8112269724e-10,0.0000000000e0,2.3117452449e3,-1.1059078465e-4,4.7234904905e1,6.3873775503e-1,7.6852302300e-11,-3.8146972656e-6,2.3117314212e3,-3.1109769022e-3,1.0246939506e1,5.4289498976e-1,9.8184649978e-3,8.9584350586e-2
48.181633,2.3212572000e3,-1.0828099158e-4,1.8669888009e2,6.5955653702e-1,5.2568793762e-10,0.0000000000e0,2.3214696963e3,-1.1011683677e-4,4.7429393933e1,6.3885106012e-1,9.9134922493e-11,0.0000000000e0,2.3214563277e3,-2.9998591925e-3,1.0285838677e1,5.4333917505e-1,9.6293516608e-3,8.6483001709e-2
48.282653,2.3309733767e3,-1.0782646860e-4,1.8747596171e2,6.5958740014e-1,5.9890226112e-10,-3.8146972656e-6,2.3312145580e3,-1.0964595407e-4,4.7624291165e1,6.3896368462e-1,4.1382008931e-11,3.8146972656e-6,2.3312016312e3,-2.8924934186e-3,1.0324819450e1,5.4378111402e-1,9.4434952930e-3,8.3465576172e-2
48.383673,2.3407064337e3,-1.0737487804e-4,1.8825436981e2,6.5961821339e-1,7.0076566772e-10,3.8146972656e-6,2.3409798298e3,-1.0917810995e-4,4.7819596603e1,6.3907563392e-1,7.8671291703e-11,-3.8146972656e-6,2.3409673319e3,-2.7887696514e-3,1.0363881824e1,5.4422082069e-1,9.2608480254e-3,8.0539703369e-2
48.484694,2.3504559854e3,-1.0692620224e-4,1.8903407122e2,6.5964898917e-1,7.7261574916e-10,7.6293945312e-6,2.3507655120e3,-1.0871327810e-4,4.8015310246e1,6.3918691335e-1,7.0031092037e-11,0.0000000000e0,2.3507534303e3,-2.6885803358e-3,1.0403025801e1,5.4465830899e-1,9.0813627712e-3,7.7709197998e-2
48.585714,2.3602216106e3,-1.0648042433e-4,1.8981502972e2,6.5967974049e-1,8.7447915575e-10,-7.6293945312e-6,2.3605716044e3,-1.0825143250e-4,4.8211432093e1,6.3929752816e-1,6.8212102633e-11,-3.8146972656e-6,2.3605599265e3,-2.5918201225e-3,1.0442251382e1,5.4509359276e-1,8.9049925873e-3,7.4951171875e-2
48.686735,2.3700028499e3,-1.0603752826e-4,1.9059720584e2,6.5971048096e-1,9.8771124613e-10,3.8146972656e-6,2.3703981070e3,-1.0779254741e-4,4.8407962146e1,6.3940748360e-1,5.6388671510e-11,3.8146972656e-6,2.3703868208e3,-2.4983860265e-3,1.0481558568e1,5.4552668573e-1,8.7316912482e-3,7.2284698486e-2
48.787755,2.3797992033e3,-1.0559749880e-4,1.9138055668e2,6.5974122482e-1,1.0950316209e-9,-3.8146972656e-6,2.3802450199e3,-1.0733659736e-4,4.8604900403e1,6.3951678482e-1,4.8203219194e-11,0.0000000000e0,2.3802341137e3,-2.4081773880e-3,1.0520947359e1,5.4595760154e-1,8.5614131158e-3,6.9686889648e-2
48.888776,2.3896101278e3,-1.0516032158e-4,1.9216503567e2,6.5977198686e-1,1.2369127944e-9,0.0000000000e0,2.3901123430e3,-1.0688355717e-4,4.8802246865e1,6.3962543696e-1,3.9108272176e-11,7.6293945312e-6,2.3901018053e3,-2.3210957767e-3,1.0560417757e1,5.4638635373e-1,8.3941127873e-3,6.7188262939e-2
48.989796,2.3994350344e3,-1.0472598315e-4,1.9295059235e2,6.5980278252e-1,1.3642420527e-9,7.6293945312e-6,2.4000000763e3,-1.0643340193e-4,4.9000001533e1,6.3973344507e-1,3.7744030124e-11,7.6293945312e-6,2.3999898959e3,-2.2370451824e-3,1.0599969762e1,5.4681295575e-1,8.2297458803e-3,6.4758300781e-2
49.090816,2.4092732855e3,-1.0429447093e-4,1.9373717215e2,6.5983362778e-1,1.5302248357e-9,0.0000000000e0,2.4099082199e3,-1.0598610698e-4,4.9198164405e1,6.3984081420e-1,5.1386450650e-11,3.8146972656e-6,2.4098983859e3,-2.1559317689e-3,1.0639603376e1,5.4723742096e-1,8.0682681082e-3,6.2412261963e-2
49.191837,2.4191241924e3,-1.0386577329e-4,1.9452471618e2,6.5986453918e-1,1.7039383238e-9,7.6293945312e-6,2.4198367738e3,-1.0554164795e-4,4.9396735481e1,6.3994754931e-1,4.4110493036e-11,-3.8146972656e-6,2.4198272754e3,-2.0776640044e-3,1.0679318598e1,5.4765976261e-1,7.9096358540e-3,6.0123443604e-2
49.292857,2.4289870126e3,-1.0343987958e-4,1.9531316097e2,6.5989553379e-1,1.9053914002e-9,-1.1444091797e-5,2.4297857379e3,-1.0510000072e-4,4.9595714763e1,6.4005365533e-1,2.2737367544e-11,1.1444091797e-5,2.4297765649e3,-2.0021525930e-3,1.0719115431e1,5.4807999387e-1,7.7538059659e-3,5.7922363281e-2
49.393878,2.4388609467e3,-1.0301678011e-4,1.9610243831e2,6.5992662919e-1,2.1254891180e-9,0.0000000000e0,2.4397551122e3,-1.0466114143e-4,4.9795102250e1,6.4015913714e-1,3.4560798667e-11,-7.6293945312e-6,2.4397462545e3,-1.9293104865e-3,1.0758993874e1,5.4849812783e-1,7.6007358880e-3,5.5793762207e-2
49.494898,2.4487451362e3,-1.0259646620e-4,1.9689247497e2,6.5995784340e-1,2.3746906663e-9,0.0000000000e0,2.4497448968e3,-1.0422504647e-4,4.9994897942e1,6.4026399957e-1,8.1854523160e-12,0.0000000000e0,2.4497363445e3,-1.8590528249e-3,1.0798953928e1,5.4891417745e-1,7.4503835058e-3,5.3733825684e-2
49.595918,2.4586386610e3,-1.0217893017e-4,1.9768319254e2,6.5998919488e-1,2.6343514037e-9,3.8146972656e-6,2.4597550916e3,-1.0379169248e-4,5.0195101838e1,6.4036824742e-1,3.1832314562e-11,0.0000000000e0,2.4597468352e3,-1.7912968993e-3,1.0838995595e1,5.4932815565e-1,7.3027070766e-3,5.1723480225e-2
49.696939,2.4685405365e3,-1.0176416540e-4,1.9847450721e2,6.6002070241e-1,2.9176590033e-9,0.0000000000e0,2.4697856967e3,-1.0336105636e-4,5.0395713940e1,6.4047188542e-1,5.4569682106e-12,-1.1444091797e-5,2.4697777268e3,-1.7259622040e-3,1.0879118875e1,5.4974007520e-1,7.1576655778e-3,4.9800872803e-2
49.797959,2.4784497115e3,-1.0135216629e-4,1.9926632956e2,6.6005238511e-1,3.2450770959e-9,-3.8146972656e-6,2.4798367120e3,-1.0293311524e-4,5.0596734246e1,6.4057491827e-1,2.7739588404e-11,0.0000000000e0,2.4798290196e3,-1.6629703868e-3,1.0919323769e1,5.5014994884e-1,7.0152186231e-3,4.7935485840e-2
49.898980,2.4883650660e3,-1.0094292831e-4,2.0005856441e2,6.6008426232e-1,3.5997800296e-9,0.0000000000e0,2.4899081376e3,-1.0250784652e-4,5.0798162757e1,6.4067735062e-1,3.4106051316e-11,-7.6293945312e-6,2.4899007138e3,-1.6022450487e-3,1.0959610277e1,5.5055778917e-1,6.8753256578e-3,4.6138763428e-2
50.000000,2.4982854090e3,-1.0053644795e-4,2.0085111066e2,6.6011635352e-1,3.9663063944e-9,7.6293945312e-6,2.4999999734e3,-1.0208522779e-4,5.0999999473e1,6.4077918709e-1,2.5011104299e-11,-3.8146972656e-6,2.4999928097e3,-1.5437120375e-3,1.0999978401e1,5.5096360874e-1,6.7379474685e-3,4.4387817383e-2
