lambda,ntilde_eta50,sigmaz_eta50,x2_eta50,u4x_eta50,gap_eta50,cv_eta50,ntilde_eta200,sigmaz_eta200,x2_eta200,u4x_eta200,gap_eta200,cv_eta200,ntilde_eta1000,sigmaz_eta1000,x2_eta1000,u4x_eta1000,gap_eta1000,cv_eta1000
0.500000,2.4575292303e-1,-4.5402390396e-1,1.0197432386e0,2.4889321744e-4,9.9004595052e-1,1.9360199619e-1,2.4886861338e-1,-4.6000815963e-1,1.0049829982e0,1.6372631625e-5,9.9750306036e-1,1.9585692769e-1,2.4976990421e-1,-4.6169066758e-1,1.0009993095e0,6.6427732803e-7,9.9950012448e-1,1.9646078714e-1
0.601020,3.5513818321e-1,-4.5046596742e-1,1.0285300209e0,5.1090757582e-4,9.8564932852e-1,1.9227251968e-1,3.5959413450e-1,-4.5907272748e-1,1.0071999949e0,3.4032068427e-5,9.9639417170e-1,1.9552162192e-1,3.6089320220e-1,-4.6150103819e-1,1.0014439048e0,1.3856095690e-6,9.9927780912e-1,1.9639356579e-1
0.702041,4.8463458697e-1,-4.4628886898e-1,1.0389315365e0,9.3243371028e-4,9.8047117138e-1,1.9070681166e-1,4.9064080304e-1,-4.5796791525e-1,1.0098238577e0,6.3027396144e-5,9.9508339120e-1,1.9512526301e-1,4.9240808793e-1,-4.6127670408e-1,1.0019700851e0,2.5767810377e-6,9.9901476207e-1,1.9631402809e-1
0.803061,6.3426087541e-1,-4.4150929656e-1,1.0509489165e0,1.5606820958e-3,9.7452403561e-1,1.8890882422e-1,6.4200992562e-1,-4.5669486455e-1,1.0128546060e0,1.0727069293e-4,9.9357151920e-1,1.9466809222e-1,6.4431461060e-1,-4.6101771205e-1,1.0025778505e0,4.4065262117e-6,9.9871101551e-1,1.9622218363e-1
0.904082,8.0403820172e-1,-4.3614627626e-1,1.0645834378e0,2.4440607784e-3,9.6782228637e-1,1.8688315923e-1,8.1370305062e-1,-4.5525488918e-1,1.0162922633e0,1.7115310939e-4,9.9185947796e-1,1.9415038892e-1,8.1661288747e-1,-4.6072411599e-1,1.0032672014e0,7.0686384965e-6,9.9836660662e-1,1.9611804350e-1
1.005102,9.9398986970e-1,-4.3022106849e-1,1.0798365069e0,3.6302765015e-3,9.6038203938e-1,1.8463508004e-1,1.0057218777e0,-4.5364947414e-1,1.0201368549e0,2.5949392759e-4,9.8994831070e-1,1.9357247092e-1,1.0093029247e0,-4.6039597725e-1,1.0040381379e0,1.0781498054e-5,9.9798157752e-1,1.9600162027e-1
1.106122,1.2041411700e0,-4.2375704650e-1,1.0967096514e0,5.1645759600e-3,9.5222109604e-1,1.8217052201e-1,1.2180682694e0,-4.5188027329e-1,1.0243884088e0,3.7748541325e-4,9.8783918055e-1,1.9293469473e-1,1.2223848219e0,-4.6003336417e-1,1.0048906601e0,1.5787547040e-5,9.9755597532e-1,1.9587292800e-1
1.207143,1.4345190070e0,-4.1677956957e-1,1.1152044946e0,7.0881993527e-3,9.4335887214e-1,1.7949610101e-1,1.4507443654e0,-4.4994910589e-1,1.0290469573e0,5.3063437771e-4,9.8553336938e-1,1.9223745598e-1,1.4558586842e0,-4.5963635228e-1,1.0058247685e0,2.2352704522e-5,9.9708985206e-1,1.9573198228e-1
1.308163,1.6851517818e0,-4.0931583387e-1,1.1353227525e0,9.4371035012e-3,9.3381632062e-1,1.7661911897e-1,1.7037524383e0,-4.4785795533e-1,1.0341125347e0,7.2470111935e-4,9.8303227647e-1,1.9148118970e-1,1.7097246044e0,-4.5920502429e-1,1.0068404633e0,3.0765727344e-5,9.9658326472e-1,1.9557880018e-1
1.409184,1.9560689093e0,-4.0139472527e-1,1.1570661998e0,1.2240982394e-2,9.2361584872e-1,1.7354756562e-1,1.9770948499e0,-4.4560896669e-1,1.0395851760e0,9.6563677920e-4,9.8033741714e-1,1.9066637076e-1,1.9839824606e0,-4.5873947047e-1,1.0079377439e0,4.1337510294e-5,9.9603627518e-1,1.9541340027e-1
1.510204,2.2473007591e0,-3.9304664550e-1,1.1804366715e0,1.5522604256e-2,9.1278123009e-1,1.7029011544e-1,2.2707742445e0,-4.4320444167e-1,1.0454649212e0,1.2595202167e-3,9.7745042119e-1,1.8979351422e-1,2.2786330067e0,-4.5823978647e-1,1.0091166132e0,5.4400390166e-5,9.9544895030e-1,1.9523580267e-1
1.611224,2.5588780539e0,-3.8430334853e-1,1.2054360207e0,1.9297449340e-2,9.0133751226e-1,1.6685611908e-1,2.5847933463e0,-4.4064683725e-1,1.0517518112e0,1.6124947247e-3,9.7437303124e-1,1.8886317571e-1,2.5936756458e0,-4.5770607768e-1,1.0103770687e0,7.0307264304e-5,9.9482136177e-1,1.9504602899e-1
1.712245,2.8908319810e0,-3.7519774225e-1,1.2320661335e0,2.3573640566e-2,8.8931092003e-1,1.6325558847e-1,2.9191550979e0,-4.3793876070e-1,1.0584458902e0,2.0307060416e-3,9.7110710101e-1,1.8787595180e-1,2.9291108828e0,-4.5713845441e-1,1.0117191124e0,8.9430861921e-5,9.9415358621e-1,1.9484410237e-1
1.813265,3.2431933744e0,-3.6576371655e-1,1.2603288693e0,2.8352114677e-2,8.7672875527e-1,1.5949917498e-1,3.2738625367e0,-4.3508296696e-1,1.0655472038e0,2.5202418636e-3,9.6765459347e-1,1.8683248041e-1,3.2849387329e0,-4.5653703489e-1,1.0131427440e0,1.1216279688e-4,9.9344570508e-1,1.9463004746e-1
1.914286,3.6159928081e0,-3.5603593246e-1,1.2902260747e0,3.3627015854e-2,8.6361929374e-1,1.5559814011e-1,3.6489188378e0,-4.3208235420e-1,1.0730557997e0,3.0870740072e-3,9.6401757882e-1,1.8573344110e-1,3.6611593933e0,-4.5590194403e-1,1.0146479644e0,1.3891268541e-4,9.9269780472e-1,1.9440389046e-1
2.015306,4.0092602519e0,-3.4604962309e-1,1.3217595617e0,3.9386251010e-2,8.5001167935e-1,1.5156431840e-1,4.0443273409e0,-4.2893995921e-1,1.0809717281e0,3.7370037010e-3,9.6019823246e-1,1.8457955545e-1,4.0577730070e0,-4.5523331378e-1,1.0162347738e0,1.7010718101e-4,9.9190997628e-1,1.9416565912e-1
2.116327,4.4230245333e0,-3.3584039804e-1,1.3549310697e0,4.5612163726e-2,8.3593581653e-1,1.4741007229e-1,4.4600914873e0,-4.2565895361e-1,1.0892950409e0,4.4756104081e-3,9.5619883282e-1,1.8337158729e-1,4.4747797292e0,-4.5453128298e-1,1.0179031728e0,2.0618899248e-4,9.9108231577e-1,1.9391538270e-1
2.217347,4.8573133986e0,-3.2544402633e-1,1.3897422762e0,5.2282296066e-2,8.2142226122e-1,1.4314823905e-1,4.8962147812e0,-4.2224263946e-1,1.0980257904e0,5.3082047940e-3,9.5202175908e-1,1.8211034302e-1,4.9121797330e0,-4.5379599731e-1,1.0196531618e0,2.4761586863e-4,9.9021492393e-1,1.9365309203e-1
2.318367,5.3121529768e0,-3.1489624038e-1,1.4261947587e0,5.9370181649e-2,8.0650211105e-1,1.3879206986e-1,5.3527008693e0,-4.1869444360e-1,1.1071640314e0,6.2397864368e-3,9.4766948882e-1,1.8079667177e-1,5.3699731795e0,-4.5302760928e-1,1.0214847414e0,2.9485955211e-4,9.8930790634e-1,1.9337881948e-1
2.419388,5.7875677368e0,-3.0423252599e-1,1.4642899959e0,6.6846152682e-2,7.9120689518e-1,1.3435516152e-1,5.8295535114e0,-4.1501791287e-1,1.1167098205e0,7.2750061702e-3,9.4314459558e-1,1.7943146555e-1,5.8481602853e0,-4.5222627812e-1,1.0233979122e0,3.4840471893e-4,9.8836137331e-1,1.9309259901e-1
2.520408,6.2835802781e0,-2.9348792257e-1,1.5040293550e0,7.4678123200e-2,7.7556846447e-1,1.2985138131e-1,6.3267765463e0,-4.1121670914e-1,1.1266632155e0,8.4181334009e-3,9.3844974630e-1,1.7801565939e-1,6.3467411845e0,-4.5139216992e-1,1.0253926746e0,4.0874787488e-4,9.8737543987e-1,1.9279446611e-1
2.621429,6.8002109218e0,-2.8269683568e-1,1.5454140624e0,8.2832326001e-2,7.5961888240e-1,1.2529478589e-1,6.8443737588e0,-4.0729460510e-1,1.1370242728e0,9.6730282787e-3,9.3358769873e-1,1.7655023132e-1,6.8657161196e0,-4.5052545727e-1,1.0274690294e0,4.7639627112e-4,9.8635022578e-1,1.9248445786e-1
2.722449,7.3374779800e0,-2.7189283661e-1,1.5884452286e0,9.1274001445e-2,7.4339031732e-1,1.2069953511e-1,7.3823493027e0,-4.0325547462e-1,1.1477930556e0,1.1043120377e-2,9.2856129871e-1,1.7503620232e-1,7.4050853941e0,-4.4962631930e-1,1.0296269775e0,5.5186678168e-4,9.8528585551e-1,1.9216261295e-1
2.823469,7.8953970339e0,-2.6110850224e-1,1.6331237925e0,9.9968000861e-2,7.2691493643e-1,1.1607980186e-1,7.9407070210e0,-3.9910329339e-1,1.1589696209e0,1.2531389770e-2,9.2337347740e-1,1.7347463624e-1,7.9648488751e0,-4.4869494253e-1,1.0318665182e0,6.3568469783e-4,9.8418245810e-1,1.9182897159e-1
2.924490,8.4739815553e0,-2.5037522591e-1,1.6794505735e0,1.0887933565e-1,7.1022480208e-1,1.1144967930e-1,8.5194509835e0,-3.9484212787e-1,1.1705540300e0,1.4140356097e-2,9.1802724844e-1,1.7186663951e-1,8.5450071304e0,-4.4773151870e-1,1.0341876536e0,7.2838275386e-4,9.8304016735e-1,1.9148357565e-1
3.025510,9.0732421423e0,-2.3972308250e-1,1.7274262111e0,1.1797362670e-1,6.9335177079e-1,1.0682308667e-1,9.1185853931e0,-3.9047613010e-1,1.1825463465e0,1.5872070941e-2,9.1252570505e-1,1.7021336091e-1,9.1455603615e0,-4.4673624671e-1,1.0365903843e0,8.3049983133e-4,9.8185912157e-1,1.9112646857e-1
3.126531,9.6931869988e0,-2.2918067153e-1,1.7770512040e0,1.2721749661e-1,6.7632739535e-1,1.0221367524e-1,9.7381141540e0,-3.8600953546e-1,1.1949466282e0,1.7728113699e-2,9.0687201700e-1,1.6851599107e-1,9.7665085180e0,-4.4570933241e-1,1.0390747097e0,9.4257981588e-4,9.8063946371e-1,1.9075769540e-1
3.227551,1.0333821482e1,-2.1877500241e-1,1.8283258741e0,1.3657887391e-1,6.5918283053e-1,9.7634735766e-2,1.0378041515e1,-3.8144665038e-1,1.2077549395e0,1.9709594896e-2,9.0106942763e-1,1.6677576203e-1,1.0407852060e1,-4.4465098696e-1,1.0416406316e0,1.0651705892e-3,9.7938134118e-1,1.9037730279e-1
3.328571,1.0995149151e1,-2.0853135615e-1,1.8812504499e0,1.4602725108e-1,6.4194874260e-1,9.3099108974e-2,1.1038371688e1,-3.7679184940e-1,1.2209713442e0,2.1817160552e-2,8.9512125072e-1,1.6499394658e-1,1.1069591351e1,-4.4356142805e-1,1.0442881511e0,1.1988227914e-3,9.7808490606e-1,1.8998533905e-1
3.429592,1.1677170152e1,-1.9847323490e-1,1.9358249355e0,1.5553384102e-1,6.2465522319e-1,8.8619100356e-2,1.1719108546e1,-3.7204957125e-1,1.2345958993e0,2.4051000271e-2,8.8903086736e-1,1.6317185754e-1,1.1751726534e1,-4.4244088004e-1,1.0470172685e0,1.3440886565e-3,9.7675031479e-1,1.8958185409e-1
3.530612,1.2379882607e1,-1.8862224904e-1,1.9920492179e0,1.6507172255e-1,6.0733170759e-1,8.4206400725e-2,1.2420256246e1,-3.6722430661e-1,1.2486286677e0,2.6410861628e-2,8.8280172272e-1,1.6131084689e-1,1.2454257527e1,-4.4128957387e-1,1.0498279833e0,1.5015208782e-3,9.7537772830e-1,1.8916689944e-1
3.631633,1.3103282352e1,-1.7899807173e-1,2.0499230572e0,1.7461591001e-1,5.9000689795e-1,7.9872013657e-2,1.3141819040e1,-3.6232059312e-1,1.2630697140e0,2.8896064981e-2,8.7643732287e-1,1.5941230479e-1,1.3177185129e1,-4.4010774490e-1,1.0527202984e0,1.6716717566e-3,9.7396731200e-1,1.8874052831e-1
3.732653,1.3847362952e1,-1.6961839191e-1,2.1094460581e0,1.8414339205e-1,5.7270869147e-1,7.5626190921e-2,1.3883800649e1,-3.5734301403e-1,1.2779190928e0,3.1505519208e-2,8.6994123142e-1,1.5747765851e-1,1.3920509331e1,-4.3889563607e-1,1.0556942135e0,1.8550917285e-3,9.7251923564e-1,1.8830279554e-1
3.833673,1.4612116403e1,-1.6049888585e-1,2.1706177500e0,1.9363313523e-1,5.5546411383e-1,7.1478376766e-2,1.4646205257e1,-3.5229618264e-1,1.2931768680e0,3.4237745205e-2,8.6331706631e-1,1.5550837118e-1,1.4684230594e1,-4.3765349539e-1,1.0587497302e0,2.0523285875e-3,9.7103367335e-1,1.8785375763e-1
3.934694,1.5397532163e1,-1.5165323252e-1,2.2334374926e0,2.0306604420e-1,5.3829925812e-1,6.7437161803e-2,1.5429036756e1,-3.4718474199e-1,1.3088430979e0,3.7090895201e-2,8.5656849636e-1,1.5350594045e-1,1.5468348690e1,-4.3638157809e-1,1.0618868472e0,2.2639261379e-3,9.6951080357e-1,1.8739347271e-1
4.035714,1.6203598611e1,-1.4309309619e-1,2.2979045917e0,2.1242492640e-1,5.2123922922e-1,6.3510246954e-2,1.6232298872e1,-3.4201335682e-1,1.3249178379e0,4.0062776507e-2,8.4969923797e-1,1.5147189702e-1,1.6272864524e1,-4.3508014300e-1,1.0651055679e0,2.4904236515e-3,9.6795080904e-1,1.8692200062e-1
4.136735,1.7030302191e1,-1.3482817604e-1,2.3640182265e0,2.2169441045e-1,5.0430809389e-1,5.9704417786e-2,1.7055995566e1,-3.3678670324e-1,1.3414011486e0,4.3150877510e-2,8.4271305170e-1,1.4940780303e-1,1.7097778111e1,-4.3374945646e-1,1.0684058920e0,2.7323543241e-3,9.6635387674e-1,1.8643940285e-1
4.237755,1.7877628471e1,-1.2686622982e-1,2.4317775309e0,2.3086087381e-1,4.8752883657e-1,5.6025529313e-2,1.7900130355e1,-3.3150946751e-1,1.3582930818e0,4.6352390432e-2,8.3561373884e-1,1.4731525035e-1,1.7943089571e1,-4.3238979023e-1,1.0717878198e0,2.9902445599e-3,9.6472019791e-1,1.8594574258e-1
4.338776,1.8745562033e1,-1.1921313705e-1,2.5011815800e0,2.3991234644e-1,4.7092332086e-1,5.2478501136e-2,1.8764706765e1,-3.2618633533e-1,1.3755936904e0,4.9664238794e-2,8.2840513803e-1,1.4519585873e-1,1.8808799793e1,-4.3100142020e-1,1.0752513545e0,3.2646132445e-3,9.6304996793e-1,1.8544108467e-1
4.439796,1.9634086257e1,-1.1187297571e-1,2.5722293691e0,2.4883840779e-1,4.5451225684e-1,4.9067322635e-2,1.9649728555e1,-3.2082198311e-1,1.3933030321e0,5.3083104304e-2,8.2109112179e-1,1.4305127379e-1,1.9694908493e1,-4.2958462996e-1,1.0787964947e0,3.5559702297e-3,9.6134338626e-1,1.8492549565e-1
4.540816,2.0543184160e1,-1.0484809036e-1,2.6449198762e0,2.5763009094e-1,4.3831517401e-1,4.5795067695e-2,2.0555198912e1,-3.1542107782e-1,1.4114211539e0,5.6605449727e-2,8.1367559308e-1,1.4088316501e-1,2.0601416225e1,-4.2813970699e-1,1.0824232422e0,3.8648160775e-3,9.5960065658e-1,1.8439904378e-1
4.641837,2.1472838433e1,-9.8139185988e-2,2.7192520613e0,2.6627977673e-1,4.2235039991e-1,4.2663918359e-2,2.1481121036e1,-3.0998826532e-1,1.4299481036e0,6.0227546855e-2,8.0616248187e-1,1.3869322346e-1,2.1528323243e1,-4.2666694463e-1,1.0861315978e0,4.1916408582e-3,9.5782198657e-1,1.8386179899e-1
4.742857,2.2423031137e1,-9.1745435166e-2,2.7952248382e0,2.7478108554e-1,4.0663504430e-1,3.9675196610e-2,2.2427498191e1,-3.0452816334e-1,1.4488839309e0,6.3945501951e-2,7.9855574173e-1,1.3648315956e-1,2.2475629831e1,-4.2516664139e-1,1.0899215623e0,4.5369234447e-3,9.5600758787e-1,1.8331383293e-1
4.843878,2.3393744722e1,-8.5664569508e-2,2.8728371522e0,2.8312878339e-1,3.9118498872e-1,3.6829403410e-2,2.3394333321e1,-2.9904535796e-1,1.4682286797e0,6.7755278873e-2,7.9085934633e-1,1.3425470062e-1,2.3443336471e1,-4.2363910061e-1,1.0937931372e0,4.9011308057e-3,9.5415767618e-1,1.8275521894e-1
4.944898,2.4384961628e1,-7.9893000494e-2,2.9520879448e0,2.9131867787e-1,3.7601488136e-1,3.4126264039e-2,2.4381629285e1,-2.9354439520e-1,1.4879823929e0,7.1652723797e-2,7.8307728610e-1,1.3200958838e-1,2.4431443479e1,-4.2208463098e-1,1.0977463236e0,5.2847171403e-3,9.5227247111e-1,1.8218603209e-1
5.045918,2.5396664462e1,-7.4425933774e-2,3.0329761642e0,2.9934752356e-1,3.6113813706e-1,3.1564778721e-2,2.5389388902e1,-2.8802977435e-1,1.5081451135e0,7.5633588325e-2,7.7521356475e-1,1.2974957640e-1,2.5439950969e1,-4.2050354657e-1,1.1017811215e0,5.6881231587e-3,9.5035219613e-1,1.8160634916e-1
5.146939,2.6428836546e1,-6.9257480167e-2,3.1155008073e0,3.0721293510e-1,3.4656694221e-1,2.9143277497e-2,2.6417614689e1,-2.8250594374e-1,1.5287168790e0,7.9693550295e-2,7.6727219596e-1,1.2747642742e-1,2.6468859526e1,-4.1889616543e-1,1.1058975329e0,6.1117756970e-3,9.4839707858e-1,1.8101624862e-1
5.247959,2.7481461649e1,-6.4380779948e-2,3.1996608942e0,3.1491329834e-1,3.3231226431e-1,2.6859478315e-2,2.7466308684e1,-2.7697729598e-1,1.5496977180e0,8.3828233878e-2,7.5925719996e-1,1.2519191056e-1,2.7518169354e1,-4.1726281111e-1,1.1100955583e0,6.5560867645e-3,9.4640734958e-1,1.8041581069e-1
5.348980,2.8554524242e1,-5.9788118200e-2,3.2854554876e0,3.2244769134e-1,3.1838386610e-1,2.4710547309e-2,2.8535473846e1,-2.7144815136e-1,1.5710876786e0,8.8033234696e-2,7.5117260026e-1,1.2289779862e-1,2.8587880803e1,-4.1560381162e-1,1.1143751988e0,7.0214531808e-3,9.4438324405e-1,1.7980511731e-1
5.450000,2.9648009609e1,-5.5471040692e-2,3.3728836990e0,3.2981580952e-1,3.0479032383e-1,2.2693160305e-2,2.9625111896e1,-2.6592276858e-1,1.5928867847e0,9.2304129681e-2,7.4302242029e-1,1.2059586514e-1,2.9677994279e1,-4.1391949942e-1,1.1187364557e0,7.5082560128e-3,9.4232500053e-1,1.7918425210e-1
5.551020,3.0761902048e1,-5.1420489079e-2,3.4619445428e0,3.3701788399e-1,2.9153904954e-1,2.0803564630e-2,3.0735224608e1,-2.6040532930e-1,1.6150950622e0,9.6636499302e-2,7.3481068016e-1,1.1828788153e-1,3.0788509968e1,-4.1221021189e-1,1.1231793293e0,8.0168599600e-3,9.4023286130e-1,1.7855330045e-1
5.652041,3.1896192339e1,-4.7626822899e-2,3.5526375341e0,3.4405466502e-1,2.7863631704e-1,1.9037640391e-2,3.1865814181e1,-2.5489993016e-1,1.6377125462e0,1.0102594490e-1,7.2654139343e-1,1.1597561419e-1,3.1919428734e1,-4.1047628955e-1,1.1277038227e0,8.5476133194e-3,9.3810707224e-1,1.7791234944e-1
5.753061,3.3050869043e1,-4.4080031888e-2,3.6449619896e0,3.5092730419e-1,2.6608729130e-1,1.7390960456e-2,3.3016881755e1,-2.4941058852e-1,1.6607392516e0,1.0546809748e-1,7.1821856393e-1,1.1366082149e-1,3.3070750124e1,-4.0871807968e-1,1.1323099339e0,9.1008466502e-3,9.3594788276e-1,1.7726148788e-1
5.854082,3.4225917266e1,-4.0769840118e-2,3.7389169289e0,3.5763729720e-1,2.5389606098e-1,1.5858848474e-2,3.4188429284e1,-2.4394122393e-1,1.6841752103e0,1.0995863837e-1,7.0984618262e-1,1.1134525086e-1,3.4242474634e1,-4.0693593197e-1,1.1369976643e0,9.6768734592e-3,9.3375554583e-1,1.7660080630e-1
5.955102,3.5421329017e1,-3.7685688566e-2,3.8345019033e0,3.6418649539e-1,2.4206567375e-1,1.4436434366e-2,3.5380458029e1,-2.3849566442e-1,1.7080204415e0,1.1449330550e-1,7.0142822450e-1,1.0903063584e-1,3.5434603833e1,-4.0513019820e-1,1.1417670199e0,1.0275989997e-2,9.3153031783e-1,1.7593039694e-1
6.056122,3.6637096941e1,-3.4816894399e-2,3.9317164935e0,3.7057702116e-1,2.3059817422e-1,1.3118706799e-2,3.6592967926e1,-2.3307764620e-1,1.7322749382e0,1.1906790199e-1,6.9296864552e-1,1.0671869310e-1,3.6647136713e1,-4.0330123895e-1,1.1466179964e0,1.0898473134e-2,9.2927245864e-1,1.7525035377e-1
6.157143,3.7873210198e1,-3.2152766539e-2,4.0305599803e0,3.7681120723e-1,2.1949464409e-1,1.1900562281e-2,3.7825961188e1,-2.2769078440e-1,1.7569387404e0,1.2367831960e-1,6.8447137972e-1,1.0441111956e-1,3.7880074142e1,-4.0144941516e-1,1.1515505968e0,1.1544582345e-2,9.2698223142e-1,1.7456077246e-1
6.258163,3.9129664404e1,-2.9682585851e-2,4.1310321407e0,3.8289161194e-1,2.0875524424e-1,1.0776850571e-2,3.9079437716e1,-2.2233860120e-1,1.7820118424e0,1.2832052995e-1,6.7594033615e-1,1.0210958949e-1,3.9133416449e1,-3.9957509257e-1,1.1565648221e0,1.2214558297e-2,9.2465990269e-1,1.7386175037e-1
6.359184,4.0406454334e1,-2.7395741340e-2,4.2331326639e0,3.8882094707e-1,1.9837925846e-1,9.7424162198e-3,4.0353398806e1,-2.1702449654e-1,1.8074942671e0,1.3299060609e-1,6.6737939611e-1,9.9815751660e-2,4.0407163831e1,-3.9767864082e-1,1.1616606727e0,1.2908622883e-2,9.2230574227e-1,1.7315338660e-1
6.460204,4.1703576567e1,-2.5281765286e-2,4.3368613642e0,3.9460206167e-1,1.8836513861e-1,8.7921361094e-3,4.1647844965e1,-2.1175175983e-1,1.8333860229e0,1.3768472080e-1,6.5879241033e-1,9.7531226606e-2,4.1701316904e1,-3.9576043229e-1,1.1668381506e0,1.3626979402e-2,9.1992002309e-1,1.7243578190e-1
6.561224,4.3021024674e1,-2.3330421634e-2,4.4422177971e0,4.0023789445e-1,1.7871055081e-1,7.9209529608e-3,4.2962775618e1,-2.0652356850e-1,1.8596870971e0,1.4239915129e-1,6.5018319621e-1,9.5257603883e-2,4.3015876012e1,-3.9382084335e-1,1.1720972570e0,1.4369812097e-2,9.1750302133e-1,1.7170903876e-1
6.662245,4.4358797583e1,-2.1531686832e-2,4.5492019285e0,4.0573148743e-1,1.6941242247e-1,7.1239048218e-3,4.4298191213e1,-2.0134297135e-1,1.8863974983e0,1.4713029149e-1,6.4155553514e-1,9.2996439448e-2,4.4350841237e1,-3.9186025417e-1,1.1774379918e0,1.5137286096e-2,9.1505501628e-1,1.7097326132e-1
6.763265,4.5716892515e1,-1.9875842592e-2,4.6578135721e0,4.1108593367e-1,1.6046698986e-1,6.3961506125e-3,4.5654090738e1,-1.9621290224e-1,1.9135172067e0,1.5187464694e-1,6.3291316997e-1,9.0749253136e-2,4.5706213548e1,-3.8987904647e-1,1.1828603584e0,1.5929548061e-2,9.1257629020e-1,1.7022855539e-1
6.864286,4.7095306977e1,-1.8353491560e-2,4.7680525490e0,4.1630436821e-1,1.5186984601e-1,5.7329918700e-3,4.7030476574e1,-1.9113614712e-1,1.9410462713e0,1.5662885486e-1,6.2425980242e-1,8.8517526199e-2,4.7081992746e1,-3.8787760723e-1,1.1883643557e0,1.6746725023e-2,9.1006712840e-1,1.6947502847e-1
6.965306,4.8494044839e1,-1.6955547886e-2,4.8799191752e0,4.2138997385e-1,1.4361598857e-1,5.1298908397e-3,4.8427345654e1,-1.8611539801e-1,1.9689846327e0,1.6138965554e-1,6.1559909068e-1,8.6302698995e-2,4.8478179496e1,-3.8585632485e-1,1.1939499859e0,1.7588925611e-2,9.0752781914e-1,1.6871278969e-1
7.066327,4.9913104230e1,-1.5673333486e-2,4.9934132949e0,4.2634592097e-1,1.3569986761e-1,4.5824851345e-3,4.9844698793e1,-1.8115319252e-1,1.9973323101e0,1.6615392647e-1,6.0693464700e-1,8.4106168766e-2,4.9894774039e1,-3.8381559137e-1,1.1996172498e0,1.8456239384e-2,9.0495865358e-1,1.6794194987e-1
7.167347,5.1352482418e1,-1.4498558167e-2,5.1085346724e0,4.3117537576e-1,1.2811543293e-1,4.0865991755e-3,5.1282534576e1,-1.7625195087e-1,2.0260892787e0,1.7091866218e-1,5.9827003543e-1,8.1929287553e-2,5.1331777141e1,-3.8175580059e-1,1.2053661499e0,1.9348737521e-2,9.0235992564e-1,1.6716262140e-1
7.268367,5.2812185202e1,-1.3423282807e-2,5.2252837436e0,4.3588152008e-1,1.2085618081e-1,3.6382526555e-3,5.2740853014e1,-1.7141395243e-1,2.0552555430e0,1.7568098698e-1,5.8960876959e-1,7.9773360245e-2,5.2789187993e1,-3.7967735183e-1,1.2111966826e0,2.0266471658e-2,8.9973193214e-1,1.6637491834e-1
7.369388,5.4292212902e1,-1.2440001924e-2,5.3436604978e0,4.4046749395e-1,1.1391519994e-1,3.2336662880e-3,5.4219651088e1,-1.6664136157e-1,2.0848310474e0,1.8043814030e-1,5.8095431056e-1,7.7639642767e-2,5.4267008272e1,-3.7758064239e-1,1.2171088544e0,2.1209476606e-2,8.9707497246e-1,1.6557895634e-1
7.470408,5.5792567626e1,-1.1541606244e-2,5.4636650592e0,4.4493641263e-1,1.0728521644e-1,2.8692650994e-3,5.5718929785e1,-1.6193618572e-1,2.1148158174e0,1.8518749888e-1,5.7231006484e-1,7.5529340409e-2,5.5765238056e1,-3.7546607492e-1,1.2231026650e0,2.2177767995e-2,8.9438934879e-1,1.6477485265e-1
7.571429,5.7313251873e1,-1.0721389362e-2,5.5852975772e0,4.4929135489e-1,1.0095863769e-1,2.5416795188e-3,5.7238687047e1,-1.5730031678e-1,2.1452098179e0,1.8992655295e-1,5.6367938235e-1,7.3443606302e-2,5.7283877482e1,-3.7333405417e-1,1.2291781148e0,2.3171343529e-2,8.9167536586e-1,1.6396272610e-1
7.672449,5.8854268393e1,-9.9730443098e-3,5.7085582156e0,4.5353535675e-1,9.4927594927e-2,2.2477445191e-3,5.8778923560e1,-1.5273549792e-1,2.1760130696e0,1.9465292315e-1,5.5506555461e-1,7.1383540071e-2,5.8822926892e1,-3.7118498670e-1,1.2353352047e0,2.4190183336e-2,8.8893333095e-1,1.6314269708e-1
7.773469,6.0415620246e1,-9.2906564952e-3,5.8334471589e0,4.5767140672e-1,8.9183984421e-2,1.9844970880e-3,6.0339633186e1,-1.4824337745e-1,2.2072254568e0,1.9936432945e-1,5.4647181293e-1,6.9350186619e-2,6.0382387098e1,-3.6901928027e-1,1.2415739375e0,2.5234250433e-2,8.8616355383e-1,1.6231488752e-1
7.874490,6.1997306715e1,-8.6687086085e-3,5.9599642861e0,4.6170243142e-1,8.3719507178e-2,1.7491722124e-3,6.1920819353e1,-1.4382541858e-1,2.2388470563e0,2.0405863914e-1,5.3790132671e-1,6.7344535088e-2,6.1962257406e1,-3.6683734722e-1,1.2478943102e0,2.6303489686e-2,8.8336634673e-1,1.6147942088e-1
7.975510,6.3599342585e1,-8.1020040332e-3,6.0881107127e0,4.6563134083e-1,7.8525706990e-2,1.5391976626e-3,6.3522477292e1,-1.3948299849e-1,2.2708777808e0,2.0873381057e-1,5.2935720185e-1,6.5367517979e-2,6.3562539079e1,-3.6463959819e-1,1.2542963274e0,2.7397830465e-2,8.8054202421e-1,1.6063642214e-1
8.076531,6.5221719779e1,-7.5857844182e-3,6.2178857257e0,4.6946092902e-1,7.3594006814e-2,1.3521877445e-3,6.5144606101e1,-1.3521734329e-1,2.3033176213e0,2.1338792713e-1,5.2084247918e-1,6.3420010437e-2,6.5183233216e1,-3.6242644580e-1,1.2607799931e0,2.8517185565e-2,8.7769090322e-1,1.5978601777e-1
8.177551,6.6864445583e1,-7.1155860066e-3,6.3492898388e0,4.7319396832e-1,6.8915743382e-2,1.1859362494e-3,6.6787204052e1,-1.3102955522e-1,2.3361665524e0,2.1801918037e-1,5.1236013314e-1,6.1502829704e-2,6.6824338192e1,-3.6019830901e-1,1.2673453005e0,2.9661449766e-2,8.7481330285e-1,1.5892833567e-1
8.278571,6.8527523459e1,-6.6872897666e-3,6.4823232600e0,4.7683315944e-1,6.4482200002e-2,1.0384087409e-3,6.8450268989e1,-1.2692061205e-1,2.3694245407e0,2.2262586844e-1,5.0391307030e-1,5.9616734728e-2,6.8485856321e1,-3.5795560127e-1,1.2739922585e0,3.0830504820e-2,8.7190954451e-1,1.5806350524e-1
8.379592,7.0210956823e1,-6.2970928318e-3,6.6169861939e0,4.8038113990e-1,6.0284637475e-2,9.0773439842e-4,7.0133798309e1,-1.2289136893e-1,2.4030915443e0,2.2720639319e-1,4.9550412821e-1,5.7762425937e-2,7.0167785992e1,-3.5569874417e-1,1.2807208603e0,3.2024214356e-2,8.6897995167e-1,1.5719165726e-1
8.480612,7.1914749012e1,-5.9414923868e-3,6.7532788400e0,4.8384048322e-1,5.6314323160e-2,7.9219750751e-4,7.1837791596e1,-1.1894254758e-1,2.4371675651e0,2.3175926407e-1,4.8713607422e-1,5.5940545175e-2,7.1870129515e1,-3.5342815367e-1,1.2875311147e0,3.3242429796e-2,8.6602484994e-1,1.5631292395e-1
8.581633,7.3638903436e1,-5.6172688726e-3,6.8912014046e0,4.8721369885e-1,5.2562558108e-2,6.9022877415e-4,7.3562245492e1,-1.1507476414e-1,2.4716525467e0,2.3628308116e-1,4.7881160439e-1,5.4151675805e-2,7.3592886053e1,-3.5114425221e-1,1.2944230180e0,3.4484985761e-2,8.6304456686e-1,1.5542743884e-1
8.682653,7.5383423331e1,-5.3214700446e-3,7.0307540822e0,4.9050323157e-1,4.9020702286e-2,6.0039654818e-4,7.5307158119e1,-1.1128850971e-1,2.5065464623e0,2.4077654385e-1,4.7053334254e-1,5.2396342939e-2,7.5336056500e1,-3.4884746017e-1,1.3013965736e0,3.5751703963e-2,8.6003943198e-1,1.5453533687e-1
8.783673,7.7148311821e1,-5.0513943371e-3,7.1719370602e0,4.9371146175e-1,4.5680197920e-2,5.2139807485e-4,7.7072526776e1,-1.0758416436e-1,2.5418492692e0,2.4523844148e-1,4.6230383934e-1,5.0675013858e-2,7.7099641426e1,-3.4653819930e-1,1.3084517832e0,3.7042392173e-2,8.5700977679e-1,1.5363675428e-1
8.884694,7.8933577356e1,-4.8045651912e-3,7.3147509539e0,4.9684071523e-1,4.2532590933e-2,4.5205085007e-4,7.8858349755e1,-1.0396199146e-1,2.5775609445e0,2.4966765469e-1,4.5412557151e-1,4.8988098526e-2,7.8883640208e1,-3.4421689403e-1,1.3155886441e0,3.8356844011e-2,8.5395593453e-1,1.5273182858e-1
8.985714,8.0739206597e1,-4.5787622017e-3,7.4591946402e0,4.9989321684e-1,3.9569550523e-2,3.9128414937e-4,8.0664624621e1,-1.0042214885e-1,2.6136814509e0,2.5406314770e-1,4.4600094113e-1,4.7335950308e-2,8.0688053897e1,-3.4188396648e-1,1.3228071601e0,3.9694841493e-2,8.5087824028e-1,1.5182069858e-1
9.086735,8.2565218560e1,-4.3719117661e-3,7.6052695840e0,5.0287118496e-1,3.6782886926e-2,3.3813081063e-4,8.2491349035e1,-9.6964688113e-2,2.6502107533e0,2.5842396717e-1,4.3793227502e-1,4.5718866737e-2,8.2512881382e1,-3.3953984287e-1,1.3301073265e0,4.1056152659e-2,8.4777703082e-1,1.5090350429e-1
9.187755,8.4411610450e1,-4.1821661039e-3,7.7529755101e0,5.0577673858e-1,3.4164567374e-2,2.9171928145e-4,8.4338520584e1,-9.3589558715e-2,2.6871488152e0,2.6274923845e-1,4.2992182415e-1,4.4137090511e-2,8.4358125926e1,-3.3718494228e-1,1.3374891559e0,4.2440536902e-2,8.4465264452e-1,1.4998038692e-1
9.288776,8.6278384766e1,-4.0078419223e-3,7.9023125693e0,5.0861194517e-1,3.1706730339e-2,2.5126603214e-4,8.6206137003e1,-9.0296610495e-2,2.7244956028e0,2.6703816290e-1,4.2197176326e-1,4.2590810519e-2,8.6223785677e1,-3.3481969266e-1,1.3449526407e0,4.3847738336e-2,8.4150542144e-1,1.4905148889e-1
9.389796,8.8165543849e1,-3.8474161934e-3,8.0532809025e0,5.1137881238e-1,2.9401698079e-2,2.1606826431e-4,8.8094195835e1,-8.7085598657e-2,2.7622510789e0,2.7129001386e-1,4.1408419046e-1,4.1080163020e-2,8.8109862082e1,-3.3244451640e-1,1.3524977862e0,4.5277492567e-2,8.3833570315e-1,1.4811695374e-1
9.490816,9.0073089897e1,-3.6995131211e-3,8.2058806422e0,5.1407928917e-1,2.7241987578e-2,1.8549705419e-4,9.0002694696e1,-8.3956186303e-2,2.8004152074e0,2.7550413414e-1,4.0626112696e-1,3.9605232957e-2,9.0016354040e1,-3.3005984010e-1,1.3601245877e0,4.6729522750e-2,8.3514383262e-1,1.4717692607e-1
9.591837,9.2001024966e1,-3.5628918491e-3,8.3601119124e0,5.1671526704e-1,2.5220319918e-2,1.5899085156e-4,9.1931631514e1,-8.0907947200e-2,2.8389879589e0,2.7967993339e-1,3.9850451685e-1,3.8166055305e-2,9.1943263127e1,-3.2766608568e-1,1.3678330513e0,4.8203544024e-2,8.3193015436e-1,1.4623155160e-1
9.692857,9.3949350971e1,-3.4364348783e-3,8.5159748285e0,5.1928858129e-1,2.3329628148e-2,1.3604937521e-4,9.3881003683e1,-7.7940373020e-2,2.8779692926e0,2.8381688325e-1,3.9081622705e-1,3.6762616543e-2,9.3890589399e1,-3.2526367724e-1,1.3756231768e0,4.9699260795e-2,8.2869501405e-1,1.4528097707e-1
9.793878,9.5918069692e1,-3.3191372046e-3,8.6734694978e0,5.2180101233e-1,2.1563063798e-2,1.1622792044e-4,9.5850808761e1,-7.5052874268e-2,2.9173591713e0,2.8791451591e-1,3.8319804717e-1,3.5394856244e-2,9.5858332785e1,-3.2285303868e-1,1.3834949637e0,5.1216368253e-2,8.2543875879e-1,1.4432535019e-1
9.894898,9.7907182773e1,-3.2100961702e-3,8.8325960197e0,5.2425428698e-1,1.9914001977e-2,9.9132041214e-5,9.7841044963e1,-7.2244782392e-2,2.9571575708e0,2.9197242220e-1,3.7565168966e-1,3.4062668665e-2,9.7846493560e1,-3.2043459272e-1,1.3914484127e0,5.2754553209e-2,8.2216173689e-1,1.4336481966e-1
9.995918,9.9916691734e1,-3.1085020189e-3,8.9933544858e0,5.2665007984e-1,1.8376045256e-2,8.4412633441e-5,9.9851709570e1,-6.9515359776e-2,2.9973644480e0,2.9599024546e-1,3.6817878984e-1,3.2765904456e-2,9.9855073264e1,-3.1800875932e-1,1.3994835296e0,5.4313495278e-2,8.1886429776e-1,1.4239953507e-1
10.096939,1.0194659797e2,-3.0136291374e-3,9.1557449806e0,5.2899001465e-1,1.6943026347e-2,7.1761383879e-5,1.0188280049e2,-6.6863797683e-2,3.0379797721e0,2.9996768209e-1,3.6078090620e-1,3.1504372415e-2,1.0188407095e2,-3.1557596172e-1,1.4076003105e0,5.5892864425e-2,8.1554679198e-1,1.4142964692e-1
10.197959,1.0399690277e2,-2.9248279605e-3,9.3197675814e0,5.3127566563e-1,1.5609009693e-2,6.0906586441e-5,1.0393431554e2,-6.4289222976e-2,3.0790035104e0,3.0390447729e-1,3.5345952055e-1,3.0277841295e-2,1.0393348670e2,-3.1313662048e-1,1.4157987552e0,5.7492324153e-2,8.1220957113e-1,1.4045530652e-1
10.298980,1.0606760730e2,-2.8415175138e-3,9.4854223592e0,5.3350855886e-1,1.4368291970e-2,5.1609291404e-5,1.0600625245e2,-6.1790701885e-2,3.1204356285e0,3.0780042266e-1,3.4621603846e-1,2.9086041630e-2,1.0600332218e2,-3.1069115256e-1,1.4240788704e0,5.9111532404e-2,8.0885298775e-1,1.3947666599e-1
10.400000,1.0815871263e2,-2.7631785669e-3,9.6527093785e0,5.3569017360e-1,1.3215401733e-2,4.3659807488e-5,1.0809860934e2,-5.9367242456e-2,3.1622760988e0,3.1165535446e-1,3.3905178963e-1,2.7928667640e-2,1.0809357613e2,-3.0823997850e-1,1.4324406504e0,6.0750138446e-2,8.0547739534e-1,1.3849387819e-1
10.501020,1.1027021973e2,-2.6893473637e-3,9.8216286983e0,5.3782194364e-1,1.2145098091e-2,3.6874489524e-5,1.1021138391e2,-5.7017800985e-2,3.2045248859e0,3.1546914982e-1,3.3196802834e-1,2.6805379104e-2,1.1020424910e2,-3.0578351459e-1,1.4408840974e0,6.2407787076e-2,8.0208314824e-1,1.3750709672e-1
10.602041,1.1240212950e2,-2.6196099007e-3,9.9921803721e0,5.3990525865e-1,1.1152368626e-2,3.1092864447e-5,1.1234457434e2,-5.4741283016e-2,3.2471819633e0,3.1924172598e-1,3.2496593408e-1,2.5715803304e-2,1.1233534156e2,-3.0332217579e-1,1.4494092128e0,6.4084117546e-2,7.9867060159e-1,1.3651647583e-1
10.703061,1.1455444271e2,-2.5535967171e-3,1.0164364448e1,5.4194146541e-1,1.0232426608e-2,2.6174955565e-5,1.1449817852e2,-5.2536549628e-2,3.2902472986e0,3.2297303671e-1,3.1804661208e-1,2.4659536959e-2,1.1448685531e2,-3.0085637348e-1,1.4580160038e0,6.5778765099e-2,7.9524011122e-1,1.3552217039e-1
10.804082,1.1672716011e2,-2.4909781664e-3,1.0338180970e1,5.4393186919e-1,9.3807074820e-3,2.1998934244e-5,1.1667219480e2,-5.0402418792e-2,3.3337208678e0,3.2666307144e-1,3.1121109402e-1,2.3636148147e-2,1.1665878892e2,-2.9838652255e-1,1.4667044641e0,6.7491357803e-2,7.9179203371e-1,1.3452433586e-1
10.905102,1.1892028234e2,-2.4314601345e-3,1.0513629978e1,5.4587773492e-1,8.5928648910e-3,1.8458989871e-5,1.1886662117e2,-4.8337671578e-2,3.3776026403e0,3.3031185183e-1,3.0446033876e-1,2.2645178251e-2,1.1885114273e2,-2.9591303319e-1,1.4754745951e0,6.9221520933e-2,7.8832672616e-1,1.3352312822e-1
11.006122,1.2113380999e2,-2.3747801723e-3,1.0690711507e1,5.4778028847e-1,7.8647660240e-3,1.5463396267e-5,1.2108145573e2,-4.6341054410e-2,3.4218925868e0,3.3391943055e-1,2.9779523314e-1,2.1686143898e-2,1.2106391686e2,-2.9343631417e-1,1.4843263968e0,7.0968875764e-2,7.8484454629e-1,1.3251870397e-1
11.107143,1.2336774357e2,-2.3207040117e-3,1.0869425589e1,5.4964071785e-1,7.1924866711e-3,1.2932798199e-5,1.2331669703e2,-4.4411281541e-2,3.4665906867e0,3.3748588992e-1,2.9121659280e-1,2.0758538860e-2,1.2329711298e2,-2.9095676979e-1,1.4932598757e0,7.2733041398e-2,7.8134585226e-1,1.3151121999e-1
11.208163,1.2562208357e2,-2.2690224334e-3,1.1049772253e1,5.5146017439e-1,6.5723057532e-3,1.0798683434e-5,1.2557234342e2,-4.2547040539e-2,3.5116969149e0,3.4101133902e-1,2.8472516308e-1,1.9861835901e-2,1.2555072972e2,-2.8847480700e-1,1.5022750262e0,7.4513631535e-2,7.7783100272e-1,1.3050083361e-1
11.309184,1.2789683040e2,-2.2195484587e-3,1.1231751523e1,5.5323977387e-1,6.0006996364e-3,9.0020203061e-6,1.2784839317e2,-4.0746995141e-2,3.5572112450e0,3.4449591220e-1,2.7832162002e-1,1.8995488739e-2,1.2782476807e2,-2.8599082686e-1,1.5113718519e0,7.6310259084e-2,7.7430035663e-1,1.2948770247e-1
11.410204,1.3019198443e2,-2.1721148351e-3,1.1415363424e1,5.5498059767e-1,5.4743360481e-3,7.4920317275e-6,1.3014484493e2,-3.9009787455e-2,3.6031336570e0,3.4793976802e-1,2.7200657129e-1,1.8158933792e-2,1.3011922812e2,-2.8350522951e-1,1.5205503529e0,7.8122534002e-2,7.7075427329e-1,1.2847198451e-1
11.511224,1.3250754601e2,-2.1265717926e-3,1.1600607975e1,5.5668369386e-1,4.9900678943e-3,6.2251492636e-6,1.3246169705e2,-3.7334042763e-2,3.6494641255e0,3.5134308676e-1,2.6578055731e-1,1.7351591996e-2,1.3243411002e2,-2.8101841252e-1,1.5298105297e0,7.9950064389e-2,7.6719311220e-1,1.2745383793e-1
11.612245,1.3484351542e2,-2.0827850421e-3,1.1787485194e1,5.5835007825e-1,4.5449267971e-3,5.1640599850e-6,1.3479894874e2,-3.5718369792e-2,3.6962026408e0,3.5470607043e-1,2.5964405227e-1,1.6572870612e-2,1.3476941329e2,-2.7853077194e-1,1.5391523801e0,8.1792456302e-2,7.6361723311e-1,1.2643342108e-1
11.713265,1.3719989294e2,-2.0406339964e-3,1.1975995099e1,5.5998073544e-1,4.1361165382e-3,4.2768406274e-6,1.3715662221e2,-3.4161307446e-2,3.7433496542e0,3.5802897231e-1,2.5359746528e-1,1.5822164856e-2,1.3712514040e2,-2.7604269662e-1,1.5485759138e0,8.3649316936e-2,7.6002699587e-1,1.2541089253e-1
11.814286,1.3957667879e2,-2.0000101896e-3,1.2166137702e1,5.6157661980e-1,3.7610064497e-3,3.5362827475e-6,1.3953463222e2,-3.2661658046e-2,3.7909034662e0,3.6131191356e-1,2.4764114158e-1,1.5098859625e-2,1.3950128928e2,-2.7355457959e-1,1.5580811223e0,8.5520249032e-2,7.5642276038e-1,1.2438641086e-1
11.915306,1.4197387319e2,-1.9608158764e-3,1.2357913016e1,5.6313865649e-1,3.4171246885e-3,2.9191760405e-6,1.4193310108e2,-3.1217695944e-2,3.8388665293e0,3.6455531965e-1,2.4177536375e-1,1.4402331111e-2,1.4189785844e2,-2.7106681012e-1,1.5676679994e0,8.7404855246e-2,7.5280488662e-1,1.2336013476e-1
12.016327,1.4439147631e2,-1.9229627923e-3,1.2551321054e1,5.6466774237e-1,3.1021515449e-3,2.4058281269e-6,1.4435192162e2,-2.9828263268e-2,3.8872367049e0,3.6775931592e-1,2.3600035288e-1,1.3731948326e-2,1.4431485541e2,-2.6857976093e-1,1.5773365752e0,8.9302745101e-2,7.4917373443e-1,1.2233222287e-1
12.117347,1.4682948832e2,-1.8863710581e-3,1.2746361824e1,5.6616474694e-1,2.8139127897e-3,1.9795297703e-6,1.4679116348e2,-2.8491769342e-2,3.9360153911e0,3.7092428087e-1,2.3031626991e-1,1.3087074618e-2,1.4675227439e2,-2.6609382181e-1,1.5870868261e0,9.1213517710e-2,7.4552966365e-1,1.2130283380e-1
12.218367,1.4928790936e2,-1.8509682126e-3,1.2943035336e1,5.6763051321e-1,2.5503729532e-3,1.6260892153e-6,1.4925078370e2,-2.7206894600e-2,3.9852017330e0,3.7405045629e-1,2.2472321695e-1,1.2467069173e-2,1.4921011450e2,-2.6360937188e-1,1.5969187485e0,9.3136776424e-2,7.4187303379e-1,1.2027212598e-1
12.319388,1.5176673956e2,-1.8166883613e-3,1.3141341597e1,5.6906585860e-1,2.3096288350e-3,1.3335957192e-6,1.5173078700e2,-2.5972209438e-2,4.0347958295e0,3.7713815904e-1,2.1922123854e-1,1.1871288301e-2,1.5168837825e2,-2.6112678197e-1,1.6068323523e0,9.5072127923e-2,7.3820420433e-1,1.1924025778e-1
12.420408,1.5426597902e2,-1.7834714256e-3,1.3341280614e1,5.7047157573e-1,2.0899029882e-3,1.0919284250e-6,1.5423119168e2,-2.4786262653e-2,4.0847980506e0,3.8018773254e-1,2.1381032310e-1,1.1299086837e-2,1.5418706609e2,-2.5864642271e-1,1.6168276391e0,9.7019178156e-2,7.3452353436e-1,1.1820738726e-1
12.521429,1.5678562786e2,-1.7512624832e-3,1.3542852393e1,5.7184843329e-1,1.8895374381e-3,8.9258173830e-7,1.5675198659e2,-2.3647676961e-2,4.1352081764e0,3.8319949311e-1,2.0849040426e-1,1.0749819437e-2,1.5670617776e2,-2.5616866230e-1,1.6269046078e0,9.8977533731e-2,7.3083138263e-1,1.1717367225e-1
12.622449,1.5932568614e2,-1.7200111883e-3,1.3746056940e1,5.7319717675e-1,1.7069873891e-3,7.2844704846e-7,1.5929317097e2,-2.2555061759e-2,4.1860261954e0,3.8617377912e-1,2.0326136226e-1,1.0222841658e-2,1.5924571345e2,-2.5369386474e-1,1.6370632588e0,1.0094680303e-1,7.2712810754e-1,1.1613927026e-1
12.723469,1.6188615395e2,-1.6896712626e-3,1.3950894260e1,5.7451852919e-1,1.5408152320e-3,5.9352169046e-7,1.6185475416e2,-2.1507018463e-2,4.2372522971e0,3.8911094835e-1,1.9812302541e-1,9.7175112460e-3,1.6180567365e2,-2.5122238999e-1,1.6473035942e0,1.0292659637e-1,7.2341406702e-1,1.1510433841e-1
12.824490,1.6446703136e2,-1.6602000486e-3,1.4157364356e1,5.7581319200e-1,1.3896846102e-3,4.8279616749e-7,1.6443669840e2,-2.0502255235e-2,4.2888857290e0,3.9201131239e-1,1.9307517152e-1,9.2331890664e-3,1.6438605630e2,-2.4875459802e-1,1.6576256053e0,1.0491652397e-1,7.1968961852e-1,1.1406903340e-1
12.925510,1.6706831842e2,-1.6315581172e-3,1.4365467232e1,5.7708184558e-1,1.2523547682e-3,3.9208680391e-7,1.6703905581e2,-1.9539318770e-2,4.3409275357e0,3.9487529069e-1,1.8811752934e-1,8.7692402303e-3,1.6698686488e2,-2.4629083693e-1,1.6680293062e0,1.0691620250e-1,7.1595511884e-1,1.1303351142e-1
13.026531,1.6969001518e2,-1.6037089242e-3,1.4575202891e1,5.7832515005e-1,1.1276749701e-3,3.1791569199e-7,1.6966179311e2,-1.8616939638e-2,4.3933770537e0,3.9770321235e-1,1.8324978003e-1,8.3250349999e-3,1.6960809753e2,-2.4383145873e-1,1.6785146892e0,1.0892524684e-1,7.1221092427e-1,1.1199792816e-1
13.127551,1.7233212170e2,-1.5766185086e-3,1.4786571337e1,5.7954374591e-1,1.0145791641e-3,2.5734334486e-7,1.7230492646e2,-1.7733771751e-2,4.4462346078e0,4.0049546611e-1,1.7847155864e-1,7.8999496618e-3,1.7224975459e2,-2.4137680826e-1,1.6890817556e0,1.1094327613e-1,7.0845739043e-1,1.1096243871e-1
13.228571,1.7499463801e2,-1.5502552280e-3,1.4999572572e1,5.8073825469e-1,9.1208094216e-4,2.0797597244e-7,1.7496842901e2,-1.6888566380e-2,4.4994996626e0,4.0325239951e-1,1.7378245564e-1,7.4933673823e-3,1.7491183655e2,-2.3892722613e-1,1.6997305071e0,1.1296991233e-1,7.0469487207e-1,1.0992719750e-1
13.329592,1.7767756415e2,-1.5245895263e-3,1.5214206598e1,5.8190927952e-1,8.1926850621e-4,1.6780177248e-7,1.7765232713e2,-1.6080000240e-2,4.5531727463e0,4.0597441951e-1,1.6918201834e-1,7.1046789380e-3,1.7759434275e2,-2.3648305044e-1,1.7104609412e0,1.1500477950e-1,7.0092372332e-1,1.0889235832e-1
13.430612,1.8038090015e2,-1.4995937295e-3,1.5430473418e1,5.8305740582e-1,7.3530002453e-4,1.3516182662e-7,1.8035659205e2,-1.5306867425e-2,4.6072532847e0,4.0866187968e-1,1.6466975242e-1,6.7332834733e-3,1.8029727403e2,-2.3404461302e-1,1.7212730610e0,1.1704750591e-1,6.9714429741e-1,1.0785807415e-1
13.531633,1.8310464604e2,-1.4752418667e-3,1.5648373032e1,5.8418320179e-1,6.5939907748e-4,1.0869553080e-7,1.8308130240e2,-1.4567807046e-2,4.6617428508e0,4.1131524219e-1,1.6024512346e-1,6.3785890452e-3,1.8302063092e2,-2.3161224187e-1,1.7321668686e0,1.1909772288e-1,6.9335694667e-1,1.0682449720e-1
13.632653,1.8584880184e2,-1.4515095119e-3,1.5867905444e1,5.8528721902e-1,5.9085039007e-4,8.7267835625e-8,1.8582633992e2,-1.3861802881e-2,4.7166390802e0,4.1393477880e-1,1.5590755840e-1,6.0400133880e-3,1.8576441142e2,-2.2918626417e-1,1.7431423559e0,1.2115506322e-1,6.8956202256e-1,1.0579177884e-1
13.733673,1.8861336758e2,-1.4283736452e-3,1.6089070653e1,5.8636999303e-1,5.2899572350e-4,6.9958332460e-8,1.8859177072e2,-1.3187562270e-2,4.7719432950e0,4.1652094296e-1,1.5165644705e-1,5.7169842330e-3,1.8852861492e2,-2.2676700069e-1,1.7541995203e0,1.2321916442e-1,6.8575987542e-1,1.0476006954e-1
13.834694,1.9139834328e2,-1.4058125298e-3,1.6311868662e1,5.8743204377e-1,4.7322996542e-4,5.5973941926e-8,1.9137760646e2,-1.2543909132e-2,4.8276557283e0,4.1907413476e-1,1.4749114358e-1,5.4089399637e-3,1.9131324906e2,-2.2435475654e-1,1.7653383925e0,1.2528967377e-1,6.8195085468e-1,1.0372951879e-1
13.935714,1.9420372895e2,-1.3838056034e-3,1.6536299472e1,5.8847387615e-1,4.2299744234e-4,4.4739863370e-8,1.9418382925e2,-1.1929737068e-2,4.8837760220e0,4.2159472784e-1,1.4341096806e-1,5.1153299573e-3,1.9411830608e2,-2.2194985335e-1,1.7765589412e0,1.2736623095e-1,6.7813530861e-1,1.0270027511e-1
14.036735,1.9702952461e2,-1.3623333822e-3,1.6762363083e1,5.8949598050e-1,3.7778845885e-4,3.5666744225e-8,1.9701042509e2,-1.1343957078e-2,4.9403038959e0,4.2408310093e-1,1.3941520784e-1,4.8356149782e-3,1.9694378744e2,-2.1955259547e-1,1.7878611724e0,1.2944848648e-1,6.7431358433e-1,1.0167248593e-1
14.137755,1.9987573028e2,-1.3413773752e-3,1.6990059497e1,5.9049883306e-1,3.3713595406e-4,2.8427166399e-8,1.9985742064e2,-1.0785449018e-2,4.9972398824e0,4.2653966849e-1,1.3550311917e-1,4.5692675340e-3,1.9978969430e2,-2.1716328308e-1,1.7992450905e0,1.3153609473e-1,6.7048602780e-1,1.0064629764e-1
14.238776,2.0274234597e2,-1.3209200084e-3,1.7219388715e1,5.9148289644e-1,3.0061240608e-4,2.2584572434e-8,2.0272479630e2,-1.0253184476e-2,5.0545835887e0,4.2896480396e-1,1.3167392851e-1,4.3157720866e-3,2.0265602878e2,-2.1478221042e-1,1.8107107040e0,1.3362871492e-1,6.6665298375e-1,9.9621855421e-2
14.339796,2.0562937169e2,-1.3009445565e-3,1.7450350737e1,5.9244862004e-1,2.6782688735e-4,1.7942511477e-8,2.0561255888e2,-9.7461249755e-3,5.1123351500e0,4.3135890318e-1,1.2792683413e-1,4.0746253871e-3,2.0554278466e2,-2.1240967798e-1,1.8222579881e0,1.3572600451e-1,6.6281479548e-1,9.8599303245e-2
14.440816,2.0853680745e2,-1.2814350825e-3,1.7682945564e1,5.9339644047e-1,2.3842230360e-4,1.4202669263e-8,2.0852070853e2,-9.2632683546e-3,5.1704945682e0,4.3372235516e-1,1.2426100746e-1,3.8453365996e-3,2.0844996777e2,-2.1004596548e-1,1.8338869660e0,1.3782763407e-1,6.5897180517e-1,9.7578783905e-2
14.541837,2.1146465327e2,-1.2623763832e-3,1.7917173197e1,5.9432678201e-1,2.1207281651e-4,1.1241354514e-8,2.1144924547e2,-8.8036394780e-3,5.2290618463e0,4.3605554772e-1,1.2067559454e-1,3.6274275481e-3,2.1137757853e2,-2.0769135495e-1,1.8455976393e0,1.3993327471e-1,6.5512435339e-1,9.6560438833e-2
14.642857,2.1441290915e2,-1.2437539394e-3,1.8153033636e1,5.9524005693e-1,1.8848143628e-4,8.8912202045e-9,2.1439817007e2,-8.3662901898e-3,5.2880369905e0,4.3835886729e-1,1.1716971746e-1,3.4204326730e-3,2.1432560907e2,-2.0534613436e-1,1.8573899766e0,1.4204259613e-1,6.5127277947e-1,9.5544408156e-2
14.743878,2.1738157509e2,-1.2255538723e-3,1.8390526883e1,5.9613666594e-1,1.6737770241e-4,7.0140231401e-9,2.1736748253e2,-7.9502997509e-3,5.3474200031e0,4.4063269837e-1,1.1374247573e-1,3.2238992862e-3,2.1729406941e2,-2.0301056325e-1,1.8692640180e0,1.4415528547e-1,6.4741742111e-1,9.4530830596e-2
14.844898,2.2037065112e2,-1.2077629029e-3,1.8629652937e1,5.9701699851e-1,1.4851560192e-4,5.5078999139e-9,2.2035718318e2,-7.5547743468e-3,5.4072108892e0,4.4287742361e-1,1.1039294768e-1,3.0373874615e-3,2.2028295479e2,-2.0068491554e-1,1.8812197444e0,1.4627102393e-1,6.4355861451e-1,9.3519843445e-2
14.945918,2.2338013723e2,-1.1903683155e-3,1.8870411799e1,5.9788143324e-1,1.3167154921e-4,4.3364707381e-9,2.2336727276e2,-7.1788467614e-3,5.4674096616e0,4.4509342373e-1,1.0712019182e-1,2.8604702311e-3,2.2329226502e2,-1.9836945406e-1,1.8932571552e0,1.4838950076e-1,6.3969669435e-1,9.2511582494e-2
15.046939,2.2641003344e2,-1.1733579244e-3,1.9112803470e1,5.9873033824e-1,1.1664263698e-4,3.3978722058e-9,2.2639772821e2,-6.8217014272e-3,5.5280158576e0,4.4728106005e-1,1.0392324813e-1,2.6927334184e-3,2.2632199857e2,-1.9606443827e-1,1.9053762441e0,1.5051040903e-1,6.3583199364e-1,9.1506182071e-2
15.147959,2.2946033974e2,-1.1567200432e-3,1.9356827949e1,5.9956407140e-1,1.0324477250e-4,2.6702764444e-9,2.2944861900e2,-6.4824529577e-3,5.5890308643e0,4.4944075759e-1,1.0080113948e-1,2.5337756379e-3,2.2937216026e2,-1.9377011442e-1,1.9175770304e0,1.5263345106e-1,6.3196484374e-1,9.0503774889e-2
15.248980,2.3253105615e2,-1.1404434572e-3,1.9602485238e1,6.0038298075e-1,9.1311244034e-5,2.0736479200e-9,2.3251987653e2,-6.1603862386e-3,5.6504533080e0,4.5157283979e-1,9.7752872824e-2,2.3832082297e-3,2.3244274630e2,-1.9148673457e-1,1.9298594992e0,1.5475832806e-1,6.2809557431e-1,8.9504492105e-2
15.350000,2.3562218266e2,-1.1245173974e-3,1.9849775337e1,6.0118740476e-1,8.0691156626e-5,1.6370904632e-9,2.3561152417e2,-5.8547163924e-3,5.7122836539e0,4.5367769310e-1,9.4777440548e-2,2.2406552307e-3,2.3553376996e2,-1.8921452417e-1,1.9422237034e0,1.5688475786e-1,6.2422451321e-1,8.8508463145e-2
15.451020,2.3873371930e2,-1.1089315170e-3,2.0098698246e1,6.0197767266e-1,7.1248050176e-5,1.2587406673e-9,2.3872356276e2,-5.5647078267e-3,5.7745219166e0,4.5575568480e-1,9.1873821680e-2,2.1057530830e-3,2.3864519131e2,-1.8695376986e-1,1.9546694833e0,1.5901242673e-1,6.2035198654e-1,8.7515815838e-2
15.552041,2.4186566605e2,-1.0936758692e-3,2.0349253966e1,6.0275410468e-1,6.2858729365e-5,9.8953023553e-10,2.4185599197e2,-5.2896514371e-3,5.8371680874e0,4.5780717828e-1,8.9040983133e-2,1.9781507435e-3,2.4177705588e2,-1.8470464643e-1,1.9671970213e0,1.6114108451e-1,6.1647831859e-1,8.6526676227e-2
15.653061,2.4501802293e2,-1.0787408867e-3,2.0601442496e1,6.0351701238e-1,5.5411956595e-5,7.6397554949e-10,2.4500881280e2,-5.0288618971e-3,5.9002221840e0,4.5983253461e-1,8.6277880925e-2,1.8575092618e-3,2.4492934273e2,-1.8246740626e-1,1.9798062335e0,1.6327044043e-1,6.1260383174e-1,8.5541168606e-2
15.754082,2.4819078994e2,-1.0641173633e-3,2.0855263838e1,6.0426669889e-1,4.8807531641e-5,5.8935256675e-10,2.4818202569e2,-4.7816789880e-3,5.9636842129e0,4.6183211114e-1,8.3583461312e-2,1.7435018672e-3,2.4810205467e2,-1.8024226683e-1,1.9924971312e0,1.6540022498e-1,6.0872884641e-1,8.4559415496e-2
15.855102,2.5138396708e2,-1.0497964356e-3,2.1110717990e1,6.0500345919e-1,4.2955199916e-5,4.7293724492e-10,2.5137563076e2,-4.5474669015e-3,6.0275541744e0,4.6380626161e-1,8.0956661971e-2,1.6358135472e-3,2.5129519194e2,-1.7802944357e-1,2.0052697156e0,1.6753017188e-1,6.0485368120e-1,8.3581537590e-2
15.956122,2.5459755436e2,-1.0357695671e-3,2.1367804955e1,6.0572758032e-1,3.7773739990e-5,3.4924596548e-10,2.5458962901e2,-4.3256127850e-3,6.0918320859e0,4.6575533681e-1,7.8396413101e-2,1.5341409744e-3,2.5450875433e2,-1.7582914705e-1,2.0181239857e0,1.6966001955e-1,6.0097865250e-1,8.2607653610e-2
16.057143,2.5783155178e2,-1.0220285322e-3,2.1626524731e1,6.0643934168e-1,3.3190190891e-5,2.7648638934e-10,2.5782402036e2,-4.1155278537e-3,6.1565179438e0,4.6767968329e-1,7.5901638536e-2,1.4381923102e-3,2.5774274007e2,-1.7364158443e-1,2.0310599347e0,1.7178951038e-1,5.9710407486e-1,8.1637880518e-2
16.158163,2.6108595935e2,-1.0085654023e-3,2.1886877320e1,6.0713901524e-1,2.9139017272e-5,2.0372681320e-10,2.6107880540e2,-3.9166454774e-3,6.2216117573e0,4.6957964439e-1,7.3471256802e-2,1.3476868917e-3,2.6099715379e2,-1.7146694977e-1,2.0440775811e0,1.7391839598e-1,5.9323026059e-1,8.0672333206e-2
16.259184,2.6436077706e2,-9.9537253171e-4,2.2148862721e1,6.0782686575e-1,2.5561450457e-5,1.4551915228e-10,2.6435398504e2,-3.7284209926e-3,6.2871135423e0,4.7145555993e-1,7.1104182136e-2,1.2623549555e-3,2.6427198809e2,-1.6930544620e-1,2.0571768953e0,1.7604642503e-1,5.8935752008e-1,7.9711124723e-2
16.360204,2.6765600493e2,-9.8244254534e-4,2.2412480935e1,6.0850315098e-1,2.2404829451e-5,1.1641532183e-10,2.6764955914e2,-3.5503321438e-3,6.3530232938e0,4.7330776540e-1,6.8799325533e-2,1.1819376232e-3,2.6756724116e2,-1.6715726456e-1,2.0703578704e0,1.7817335497e-1,5.8548616133e-1,7.8754365968e-2
16.461224,2.7097164295e2,-9.6976832630e-4,2.2677731962e1,6.0916812193e-1,1.9621982858e-5,1.1641532183e-10,2.7096552850e2,-3.3818771214e-3,6.4193410252e0,4.7513659301e-1,6.6555595712e-2,1.1061863770e-3,2.7088293350e2,-1.6502256445e-1,2.0836205883e0,1.8029896245e-1,5.8161649037e-1,7.7802165979e-2
16.562245,2.7430769112e2,-9.5734300475e-4,2.2944615802e1,6.0982202303e-1,1.7170771002e-5,5.8207660913e-11,2.7430189366e2,-3.2225748640e-3,6.4860667452e0,4.7694237106e-1,6.4371900022e-2,1.0348629439e-3,2.7421904098e2,-1.6290155219e-1,2.0969649526e0,1.8242300038e-1,5.7774881088e-1,7.6854631625e-2
16.663265,2.7766414946e2,-9.4515994711e-4,2.3213132455e1,6.1046509233e-1,1.5013509255e-5,4.3655745685e-11,2.7765865520e2,-3.0719643232e-3,6.5532004629e0,4.7872542397e-1,6.2247145455e-2,9.6773904806e-4,2.7757557686e2,-1.6079438507e-1,2.1103910166e0,1.8454525061e-1,5.7388342433e-1,7.5911867694e-2
16.764286,2.8104101796e2,-9.3321274600e-4,2.3483281922e1,6.1109756171e-1,1.3116564389e-5,4.3655745685e-11,2.8103581309e2,-2.9296042683e-3,6.6207421757e0,4.8048607201e-1,6.0180239434e-2,9.0459603234e-4,2.8095253482e2,-1.5870123777e-1,2.1238987549e0,1.8666548737e-1,5.7002062992e-1,7.4973976924e-2
16.865306,2.8443829663e2,-9.2149521059e-4,2.3755064202e1,6.1171965705e-1,1.1449945987e-5,1.4551915228e-11,2.8443336792e2,-2.7950719802e-3,6.6886918928e0,4.8222463186e-1,5.8170090748e-2,8.4522469842e-4,2.8434991682e2,-1.5662226995e-1,2.1374881757e0,1.8878349505e-1,5.6616072442e-1,7.4041059925e-2
16.966327,2.8785598546e2,-9.1000135753e-4,2.4028479297e1,6.1233159842e-1,9.9869238852e-6,4.3655745685e-11,2.8785109722e2,-2.6680890015e-3,6.7570451638e0,4.8394130515e-1,5.6215610351e-2,7.8942484106e-4,2.8776772529e2,-1.5455763551e-1,2.1511592887e0,1.9089906312e-1,5.6230400237e-1,7.3113215010e-2
17.067347,2.9129408447e2,-8.9872540238e-4,2.4303527205e1,6.1293360024e-1,8.7037383878e-6,1.4551915228e-11,2.9128971882e2,-2.5478647448e-3,6.8258163393e0,4.8563675780e-1,5.4315712175e-2,7.3700545181e-4,2.9120595284e2,-1.5250749397e-1,2.1649120645e0,1.9301197981e-1,5.5845075588e-1,7.2190538558e-2
17.168367,2.9475259364e2,-8.8766175142e-4,2.4580207927e1,6.1352587146e-1,7.5792457892e-6,4.3655745685e-11,2.9474841935e2,-2.4344865745e-3,6.8949891541e0,4.8731089039e-1,5.2469313898e-2,6.8778371497e-4,2.9466460449e2,-1.5047198551e-1,2.1787465234e0,1.9512204580e-1,5.5460127462e-1,7.1273124588e-2
17.269388,2.9823151299e2,-8.7680499387e-4,2.4858521464e1,6.1410861571e-1,6.5946372843e-6,0.0000000000e0,2.9822774196e2,-2.3273079338e-3,6.9645744663e0,4.8896426838e-1,5.0675337666e-2,6.4158545865e-4,2.9814368253e2,-1.4845124818e-1,2.1926626745e0,1.9722906477e-1,5.5075584583e-1,7.0361064820e-2
17.370408,3.0173084252e2,-8.6614989454e-4,2.5138467816e1,6.1468203145e-1,5.7332513848e-6,1.4551915228e-11,3.0172702675e2,-2.2263286387e-3,7.0345590789e0,4.9059687732e-1,4.8932710864e-2,5.9824433993e-4,3.0164318096e2,-1.4644542376e-1,2.2066604941e0,1.9933284011e-1,5.4691475424e-1,6.9454448967e-2
17.471429,3.0525058223e2,-8.5569138685e-4,2.5420046982e1,6.1524631217e-1,4.9803181241e-6,2.9103830457e-11,3.0524716871e2,-2.1307806464e-3,7.1049608854e0,4.9220942813e-1,4.7240366721e-2,5.5760193209e-4,3.0516310610e2,-1.4445463523e-1,2.2207400076e0,2.0143318728e-1,5.4307828209e-1,6.8553364355e-2
17.572449,3.0879073212e2,-8.4542456609e-4,2.5703258963e1,6.1580164646e-1,4.3227286710e-6,0.0000000000e0,3.0878740670e2,-2.0407298593e-3,7.1757646646e0,4.9380185869e-1,4.5597245023e-2,5.1950711349e-4,3.0870345255e2,-1.4247901306e-1,2.2349011935e0,2.0352991935e-1,5.3924670912e-1,6.7657896099e-2
17.673469,3.1235129219e2,-8.3534468313e-4,2.5988103759e1,6.1634821821e-1,3.7489041347e-6,1.4551915228e-11,3.1234815369e2,-1.9556875165e-3,7.2469786716e0,4.9537464264e-1,4.4002292701e-2,4.8381621309e-4,3.1226422198e2,-1.4051867475e-1,2.2491440587e0,2.0562285819e-1,5.3542031243e-1,6.6768126941e-2
17.774490,3.1593226244e2,-8.2544713834e-4,2.6274581370e1,6.1688620672e-1,3.2486074133e-6,-1.4551915228e-11,3.1592930155e2,-1.8754275701e-3,7.3186007429e0,4.9692801214e-1,4.2454464451e-2,4.5039241377e-4,3.1584541108e2,-1.3857373789e-1,2.2634685901e0,2.0771182727e-1,5.3159936660e-1,6.5884137453e-2
17.875510,3.1953364289e2,-8.1572747582e-4,2.6562691796e1,6.1741578685e-1,2.8127795986e-6,0.0000000000e0,3.1953085058e2,-1.7996859455e-3,7.3906308824e0,4.9846224478e-1,4.0952723311e-2,4.1910562140e-4,3.1944702872e2,-1.3664430188e-1,2.2778748233e0,2.0979666165e-1,5.2778414351e-1,6.5006005781e-2
17.976531,3.2315543352e2,-8.0618137793e-4,2.6852435037e1,6.1793712913e-1,2.4334298132e-6,-1.4551915228e-11,3.2315280124e2,-1.7282114153e-3,7.4630690974e0,4.9997761439e-1,3.9496041141e-2,3.8983227569e-4,3.2306906492e2,-1.3473048095e-1,2.2923627186e0,2.1187718983e-1,5.2397491249e-1,6.4133807871e-2
18.077551,3.2679763433e2,-7.9680466002e-4,2.7143811094e1,6.1845039990e-1,2.1035182840e-6,0.0000000000e0,3.2679515385e2,-1.6607652199e-3,7.5359153927e0,5.0147439095e-1,3.8083399191e-2,3.6245486990e-4,3.2671152520e2,-1.3283236776e-1,2.3069322982e0,2.1395325371e-1,5.2017194012e-1,6.3267617341e-2
18.178571,3.3046024534e2,-7.8759326541e-4,2.7436819966e1,6.1895576140e-1,1.8168468046e-6,1.4551915228e-11,3.3045790878e2,-1.5971205172e-3,7.6091697736e0,5.0295284067e-1,3.6713788595e-2,3.3686202369e-4,3.3037440665e2,-1.3095005870e-1,2.3215835507e0,2.1602469466e-1,5.1637549036e-1,6.2407505378e-2
18.279592,3.3414326655e2,-7.7854326063e-4,2.7731461654e1,6.1945337193e-1,1.5679702301e-6,-1.4551915228e-11,3.3414106636e2,-1.5370619135e-3,7.6828322452e0,5.0441322597e-1,3.5386210729e-2,3.1294797373e-4,3.3405770999e2,-1.2908364121e-1,2.3363164791e0,2.1809136040e-1,5.1258582434e-1,6.1553540931e-2
18.380612,3.3784669794e2,-7.6965083086e-4,2.8027736158e1,6.1994338594e-1,1.3520883044e-6,-1.4551915228e-11,3.3784462692e2,-1.4803849972e-3,7.7569028125e0,5.0585580558e-1,3.4099677790e-2,2.9061251553e-4,3.3776143382e2,-1.2723319992e-1,2.3511310780e0,2.2015310169e-1,5.0880320061e-1,6.0705790645e-2
18.481633,3.4157053954e2,-7.6091227553e-4,2.8325643478e1,6.2042595413e-1,1.1649750604e-6,0.0000000000e0,3.4156859079e2,-1.4268958802e-3,7.8313814804e0,5.0728083451e-1,3.2853213095e-2,2.6976062509e-4,3.4148558168e2,-1.2539880933e-1,2.3660273618e0,2.2220977622e-1,5.0502787479e-1,5.9864318595e-2
18.582653,3.4531479132e2,-7.5232400416e-4,2.8625183614e1,6.2090122357e-1,1.0029348232e-6,-2.9103830457e-11,3.4531295827e2,-1.3764107522e-3,7.9062682534e0,5.0868856409e-1,3.1645851430e-2,2.5030234247e-4,3.4523014923e2,-1.2358054701e-1,2.3810053131e0,2.2426124139e-1,5.0126009988e-1,5.9029186828e-2
18.683673,3.4907945331e2,-7.4388253239e-4,2.8926356565e1,6.2136933779e-1,8.6272052613e-7,1.4551915228e-11,3.4907772967e2,-1.3287554486e-3,7.9815631362e0,5.1007924204e-1,3.0476639505e-2,2.3215242254e-4,3.4899513894e2,-1.2177847859e-1,2.3960649423e0,2.2630736248e-1,4.9750012596e-1,5.8200454820e-2
18.784694,3.5286452550e2,-7.3558447811e-4,2.9229162333e1,6.2183043689e-1,7.4151836316e-7,4.3655745685e-11,3.5286290528e2,-1.2837650297e-3,8.0572661331e0,5.1145311245e-1,2.9344636275e-2,2.1523055329e-4,3.5278054891e2,-1.1999266929e-1,2.4112062417e0,2.2834800633e-1,4.9374820032e-1,5.7378179801e-2
18.885714,3.5667000788e2,-7.2742655786e-4,2.9533600917e1,6.2228465764e-1,6.3681000029e-7,2.9103830457e-11,3.5666848537e2,-1.2412833712e-3,8.1333772481e0,5.1281041586e-1,2.8248913091e-2,1.9946049724e-4,3.5658638128e2,-1.1822317534e-1,2.4264292202e0,2.3038304594e-1,4.9000456741e-1,5.6562416619e-2
18.986735,3.6049590047e2,-7.1940558327e-4,2.9839672318e1,6.2273213355e-1,5.4644249303e-7,1.4551915228e-11,3.6049447072e2,-1.2011626291e-3,8.2098964954e0,5.1415138944e-1,2.7188554180e-2,1.8477025151e-4,3.6041263059e2,-1.1647005569e-1,2.4417338561e0,2.3241235412e-1,4.8626946885e-1,5.5753217850e-2
19.087755,3.6434220326e2,-7.1151845776e-4,3.0147376535e1,6.2317299499e-1,4.6853045887e-7,-2.9103830457e-11,3.6434086013e2,-1.1632635292e-3,8.2868238498e0,5.1547626620e-1,2.6162656760e-2,1.7109184409e-4,3.6425930288e2,-1.1473335318e-1,2.4571201739e0,2.3443581368e-1,4.8254314331e-1,5.4950633610e-2
19.188776,3.6820891626e2,-7.0376217328e-4,3.0456713568e1,6.2360736923e-1,4.0138507984e-7,0.0000000000e0,3.6820765529e2,-1.1274536670e-3,8.3641593439e0,5.1678527668e-1,2.5170331366e-2,1.5836127568e-4,3.6812639533e2,-1.1301311466e-1,2.4725881623e0,2.3645330643e-1,4.7882582670e-1,5.4154711892e-2
19.289796,3.7209603946e2,-6.9613380726e-4,3.0767683418e1,6.2403538060e-1,3.4358646417e-7,0.0000000000e0,3.7209485597e2,-1.0936084654e-3,8.4419029717e0,5.1807864733e-1,2.4210701973e-2,1.4651802485e-4,3.7201390667e2,-1.1130938066e-1,2.4881378165e0,2.3846471880e-1,4.7511775179e-1,5.3365498112e-2
19.390816,3.7600357286e2,-6.8863051965e-4,3.1080286085e1,6.2445715049e-1,2.9386217193e-7,-2.9103830457e-11,3.7600246241e2,-1.0616101732e-3,8.5200547369e0,5.1935660142e-1,2.3282906253e-2,1.3550504809e-4,3.7592183930e2,-1.0962218365e-1,2.5037691464e0,2.4046994272e-1,4.7141914866e-1,5.2583035518e-2
19.491837,3.7993151647e2,-6.8124955009e-4,3.1394521568e1,6.2487279748e-1,2.5114144364e-7,0.0000000000e0,3.7993047482e2,-1.0313476600e-3,8.5986146428e0,5.2061935883e-1,2.2386095727e-2,1.2526861974e-4,3.7985019109e2,-1.0795155581e-1,2.5194821436e0,2.4246887140e-1,4.6773024434e-1,5.1807365002e-2
19.592857,3.8387987029e2,-6.7398821517e-4,3.1710389868e1,6.2528243739e-1,2.1444981257e-7,0.0000000000e0,3.8387889343e2,-1.0027160936e-3,8.6775826926e0,5.2186713618e-1,2.1519435907e-2,1.1575812823e-4,3.8379896091e2,-1.0629752380e-1,2.5352768037e0,2.4446140215e-1,4.6405126288e-1,5.1038525271e-2
19.693878,3.8784863432e2,-6.6684390586e-4,3.2027890985e1,6.2568618340e-1,1.8296515236e-7,2.9103830457e-11,3.8784771845e2,-9.7561662922e-4,8.7569588895e0,5.2310014679e-1,2.0682106427e-2,1.0692595970e-4,3.8776815141e2,-1.0466010631e-1,2.5511531377e0,2.4644743762e-1,4.6038242545e-1,5.0276552764e-2
19.794898,3.9183780856e2,-6.5981408498e-4,3.2347024919e1,6.2608414606e-1,1.5597947822e-7,2.9103830457e-11,3.9183695006e2,-9.4995611022e-4,8.8367432364e0,5.2431860078e-1,1.9873301139e-2,9.8727265140e-5,3.9175776070e2,-1.0303932182e-1,2.5671111381e0,2.4842688162e-1,4.5672395017e-1,4.9521481269e-2
19.895918,3.9584739301e2,-6.5289628480e-4,3.2667791670e1,6.2647643339e-1,1.3287268530e-7,0.0000000000e0,3.9584658847e2,-9.2564678098e-4,8.9169357362e0,5.2552270508e-1,1.9092228238e-2,9.1119989520e-5,3.9576778841e2,-1.0143518305e-1,2.5831508037e0,2.5039964208e-1,4.5307605212e-1,4.8773342773e-2
19.996939,3.9987738767e2,-6.4608810475e-4,3.2990191237e1,6.2686315095e-1,1.1309032288e-7,0.0000000000e0,3.9987663385e2,-9.0260601055e-4,8.9975363916e0,5.2671266349e-1,1.8338110316e-2,8.4064493421e-5,3.9979823478e2,-9.9847697828e-2,2.5992721356e0,2.5236563055e-1,4.4943894354e-1,4.8032166815e-2
20.097959,4.0392779254e2,-6.3938720918e-4,3.3314223622e1,6.2724440191e-1,9.6175881481e-8,0.0000000000e0,4.0392708638e2,-8.8075602773e-4,9.0785452053e0,5.2788867667e-1,1.7610184412e-2,7.7523611253e-5,4.0384909945e2,-9.8276870327e-2,2.6154751327e0,2.5432476150e-1,4.4581283354e-1,4.7297980811e-2
20.198980,4.0799860763e2,-6.3279132524e-4,3.3639888825e1,6.2762028711e-1,8.1722021150e-8,0.0000000000e0,4.0799794623e2,-8.6002366706e-4,9.1599621798e0,5.2905094228e-1,1.6907702051e-2,7.1462534834e-5,4.0792038251e2,-9.6722700090e-2,2.6317597954e0,2.5627695283e-1,4.4219792815e-1,4.6570809733e-2
20.300000,4.1208983292e2,-6.2629824083e-4,3.3967186844e1,6.2799090510e-1,6.9389386681e-8,0.0000000000e0,4.1208921355e2,-8.4034012544e-4,9.2417873174e0,5.3019965490e-1,1.6229929260e-2,6.5848289523e-5,4.1201208303e2,-9.5185183475e-2,2.6481261203e0,2.5822212508e-1,4.3859443051e-1,4.5850676601e-2
20.401020,4.1620146844e2,-6.1990580264e-4,3.4296117681e1,6.2835635222e-1,5.8868408814e-8,2.9103830457e-11,4.1620088849e2,-8.2164072995e-4,9.3240206204e0,5.3133500617e-1,1.5576146660e-2,6.0650374508e-5,4.1612420134e2,-9.3664311619e-2,2.6645741090e0,2.6016020245e-1,4.3500254059e-1,4.5137602196e-2
20.502041,4.2033351417e2,-6.1361191423e-4,3.4626681335e1,6.2871672268e-1,4.9900279464e-8,0.0000000000e0,4.2033297121e2,-8.0386471390e-4,9.4066620911e0,5.3245718477e-1,1.4945649313e-2,5.5839976994e-5,4.2025673714e2,-9.2160072271e-2,2.6811037604e0,2.6209111186e-1,4.3142245540e-1,4.4431605027e-2
20.603061,4.2448597011e2,-6.0741453425e-4,3.4958877806e1,6.2907210856e-1,4.2262172428e-8,0.0000000000e0,4.2448546184e2,-7.8695500489e-4,9.4897117314e0,5.3356637651e-1,1.4337746811e-2,5.1390117733e-5,4.2440784752e2,-9.0674025789e-2,2.6977077017e0,2.6401393305e-1,4.2785436890e-1,4.3732701655e-2
20.704082,4.2865883627e2,-6.0131167464e-4,3.5292707095e1,6.2942259991e-1,3.5765197026e-8,-2.9103830457e-11,4.2865836050e2,-7.7085802135e-4,9.5731695434e0,5.3466276431e-1,1.3751763213e-2,4.7275476390e-5,4.2858306066e2,-8.9201421778e-2,2.7144080500e0,2.6593114952e-1,4.2429847183e-1,4.3040906399e-2
20.805102,4.3285211265e2,-5.9530139898e-4,3.5628169201e1,6.2976828481e-1,3.0241096738e-8,0.0000000000e0,4.3285166734e2,-7.5552347844e-4,9.6570355290e0,5.3574652829e-1,1.3187036973e-2,4.3472595280e-5,4.3277684764e2,-8.7746966767e-2,2.7311826857e0,2.6784014610e-1,4.2075495208e-1,4.2356231395e-2
20.906122,4.3706579925e2,-5.8938182085e-4,3.5965264125e1,6.3010924937e-1,2.5550491500e-8,-2.9103830457e-11,4.3706538246e2,-7.4090420339e-4,9.7413096899e0,5.3681784579e-1,1.2642920908e-2,3.9959268179e-5,4.3699105160e2,-8.6309055859e-2,2.7480389829e0,2.6974171170e-1,4.1722399433e-1,4.1678687092e-2
21.007143,4.4129989606e2,-5.8355110225e-4,3.6303991866e1,6.3044557783e-1,2.1567586828e-8,-2.9103830457e-11,4.4129950598e2,-7.2695595923e-4,9.8259920279e0,5.3787689143e-1,1.2118782109e-2,3.6714860471e-5,4.4122567143e2,-8.4887658394e-2,2.7649769375e0,2.7163578711e-1,4.1370578021e-1,4.1008281434e-2
21.108163,4.4555440310e2,-5.7780745214e-4,3.6644352425e1,6.3077735259e-1,1.8193929918e-8,-2.9103830457e-11,4.4555403800e2,-7.1363727747e-4,9.9110825445e0,5.3892383709e-1,1.1614001916e-2,3.3720134525e-5,4.4548070796e2,-8.3482738550e-2,2.7819965529e0,2.7352231664e-1,4.1020048826e-1,4.0345020563e-2
21.209184,4.4982932035e2,-5.7214912494e-4,3.6986345802e1,6.3110465424e-1,1.5333853298e-8,-2.9103830457e-11,4.4982897864e2,-7.0090929783e-4,9.9965812413e0,5.3995885204e-1,1.1127975697e-2,3.0957016861e-5,4.4975616018e2,-8.2094258451e-2,2.7990978253e0,2.7540124640e-1,4.0670829402e-1,3.9688908641e-2
21.310204,4.5412464782e2,-5.6657441915e-4,3.7329971997e1,6.3142756165e-1,1.2910561509e-8,0.0000000000e0,4.5412432798e2,-6.8873561740e-4,1.0082488120e1,5.4098210291e-1,1.0660112874e-2,2.8408685466e-5,4.5405202812e2,-8.0722175908e-2,2.8162807551e0,2.7727252554e-1,4.0322936979e-1,3.9039947820e-2
21.411224,4.5844038552e2,-5.6108167603e-4,3.7675231009e1,6.3174615197e-1,1.0859196209e-8,0.0000000000e0,4.5844008611e2,-6.7708214611e-4,1.0168803181e1,5.4199375374e-1,1.0209836730e-2,2.6059482479e-5,4.5836831174e2,-7.9366445400e-2,2.8335453423e0,2.7913610567e-1,3.9976388492e-1,3.8398138247e-2
21.512245,4.6277653344e2,-5.5566927825e-4,3.8022122839e1,6.3206050069e-1,9.1350784714e-9,-2.9103830457e-11,4.6277625313e2,-6.6591697025e-4,1.0255526427e1,5.4299396605e-1,9.7765843347e-3,2.3894855985e-5,4.6270501045e2,-7.8027018478e-2,2.8508915848e0,2.8099194067e-1,3.9631200553e-1,3.7763478380e-2
21.613265,4.6713309157e2,-5.5033564867e-4,3.8370647487e1,6.3237068169e-1,7.6748847277e-9,0.0000000000e0,4.6713282912e2,-6.5521022249e-4,1.0342657859e1,5.4398289885e-1,9.3598063509e-3,2.1900923457e-5,4.6706212482e2,-7.6703842572e-2,2.8683194851e0,2.8283998725e-1,3.9287389482e-1,3.7135964434e-2
21.714286,4.7151005993e2,-5.4507924912e-4,3.8720804952e1,6.3267676728e-1,6.4497385210e-9,2.9103830457e-11,4.7150981415e2,-6.4493395929e-4,1.0430197477e1,5.4496070868e-1,8.9589669714e-3,2.0065403078e-5,4.7143965372e2,-7.5396863213e-2,2.8858290388e0,2.8468020381e-1,3.8944971274e-1,3.6515590909e-2
21.815306,4.7590743852e2,-5.3989857927e-4,3.9072595236e1,6.3297882821e-1,5.4116640058e-9,2.9103830457e-11,4.7590720830e2,-6.3506204421e-4,1.0518145283e1,5.4592754966e-1,8.5735437385e-3,1.8376071239e-5,4.7583759763e2,-7.4106021582e-2,2.9034202480e0,2.8651255171e-1,3.8603961630e-1,3.5902350937e-2
21.916327,4.8032522732e2,-5.3479217544e-4,3.9426018337e1,6.3327693375e-1,4.5226329348e-9,-2.9103830457e-11,4.8032501164e2,-6.2557003735e-4,1.0606501278e1,5.4688357351e-1,8.2030273190e-3,1.6822130419e-5,4.8025595588e2,-7.2831256683e-2,2.9210931104e0,2.8833699408e-1,3.8264375928e-1,3.5296234972e-2
22.017347,4.8476342636e2,-5.2975860956e-4,3.9781074257e1,6.3357115170e-1,3.7929908103e-9,-5.8207660913e-11,4.8476322423e2,-6.1643509172e-4,1.0695265462e1,5.4782892961e-1,7.8469214935e-3,1.5393336071e-5,4.8469472845e2,-7.1572504036e-2,2.9388476260e0,2.9015349654e-1,3.7926229243e-1,3.4697232390e-2
22.118367,4.8922203561e2,-5.2479648814e-4,4.0137762995e1,6.3386154845e-1,3.1806166589e-9,2.9103830457e-11,4.8922184613e2,-6.0763585408e-4,1.0784437838e1,5.4876376501e-1,7.5047428851e-3,1.4080054825e-5,4.8915391512e2,-7.0329696417e-2,2.9566837942e0,2.9196202675e-1,3.7589536347e-1,3.4105330444e-2
22.219388,4.9370105509e2,-5.1990445119e-4,4.0496084550e1,6.3414818898e-1,2.6557813726e-9,0.0000000000e0,4.9370087741e2,-5.9915237166e-4,1.0874018405e1,5.4968822448e-1,7.1760207532e-3,1.2873671949e-5,4.9363351567e2,-6.9102763774e-2,2.9746016142e0,2.9376255450e-1,3.7254311698e-1,3.3520514931e-2
22.320408,4.9820048479e2,-5.1508117134e-4,4.0856038924e1,6.3443113692e-1,2.2092194740e-9,2.9103830457e-11,4.9820031812e2,-5.9096600464e-4,1.0964007165e1,5.5060245057e-1,6.8602969344e-3,1.1765834643e-5,4.9813352989e2,-6.7891633257e-2,2.9926010855e0,2.9555505162e-1,3.6920569444e-1,3.2942770049e-2
22.421429,5.0272032473e2,-5.1032535279e-4,4.1217626116e1,6.3471045458e-1,1.8457058104e-9,0.0000000000e0,5.0272016831e2,-5.8305934286e-4,1.1054404119e1,5.5150658359e-1,6.5571256028e-3,1.0748801287e-5,5.0265509468e2,-6.6695397271e-2,3.0106867564e0,2.9733993901e-1,3.6588323434e-1,3.2372077869e-2
22.522449,5.0726057488e2,-5.0563573050e-4,4.1580846125e1,6.3498620298e-1,1.5443220036e-9,0.0000000000e0,5.0726042803e2,-5.7541612723e-4,1.1145209266e1,5.5240076167e-1,6.2660730047e-3,9.8158780020e-6,5.0719479836e2,-6.5516473968e-2,3.0288449788e0,2.9911585131e-1,3.6257587202e-1,3.1808419357e-2
22.623469,5.1182123526e2,-5.0101106923e-4,4.1945698954e1,6.3525844189e-1,1.2840928321e-9,0.0000000000e0,5.1182109732e2,-5.6802117633e-4,1.1236422608e1,5.5328512083e-1,5.9867173734e-3,8.9600507636e-6,5.1175605271e2,-6.4352285960e-2,3.0470894015e0,3.0088410760e-1,3.5928373984e-1,3.1251773442e-2
22.724490,5.1640230587e2,-4.9645016276e-4,4.2312184600e1,6.3552722984e-1,1.0676330930e-9,5.8207660913e-11,5.1640217623e2,-5.6086031694e-4,1.1328044145e1,5.5415979496e-1,5.7186487578e-3,8.1757316366e-6,5.1633854848e2,-6.3202992546e-2,3.0654187876e0,3.0264455725e-1,3.5600696700e-1,3.0702118122e-2
22.825510,5.2100378671e2,-4.9195183301e-4,4.2680303064e1,6.3579262415e-1,8.8186880021e-10,-5.8207660913e-11,5.2100366481e2,-5.5392031815e-4,1.1420073879e1,5.5502491589e-1,5.4614686881e-3,7.4568088166e-6,5.2093845678e2,-6.2071225380e-2,3.0838178201e0,3.0439572153e-1,3.5274567977e-1,3.0159429356e-2
22.926531,5.2562567778e2,-4.8751492927e-4,4.3050054347e1,6.3605468100e-1,7.4317085819e-10,0.0000000000e0,5.2562556308e2,-5.4718883022e-4,1.1512511809e1,5.5588061339e-1,5.2147901032e-3,6.7983637564e-6,5.2556229149e2,-6.0952284778e-2,3.1023125576e0,3.0614006188e-1,3.4950000129e-1,2.9623681679e-2
23.027551,5.3026797907e2,-4.8313832743e-4,4.3421438448e1,6.3631345541e-1,6.1652372096e-10,5.8207660913e-11,5.3026787108e2,-5.4065432647e-4,1.1605357936e1,5.5672701523e-1,4.9782370851e-3,6.1956234276e-6,5.3020519601e2,-5.9849512000e-2,3.1208835716e0,3.0787571919e-1,3.4627005167e-1,2.9094848491e-2
23.128571,5.3493069059e2,-4.7882092925e-4,4.3794455368e1,6.3656900129e-1,5.0977178034e-10,5.8207660913e-11,5.3493058886e2,-5.3430604913e-4,1.1698612261e1,5.5756424723e-1,4.7514447155e-3,5.6439894252e-6,5.3486851279e2,-5.8761867433e-2,3.1395362328e0,3.0960318913e-1,3.4305594809e-1,2.8572901268e-2
23.229592,5.3961381234e2,-4.7456166162e-4,4.4169105106e1,6.3682137145e-1,4.3075942813e-10,0.0000000000e0,5.3961371643e2,-5.2813395785e-4,1.1792274784e1,5.5839243322e-1,4.5340587508e-3,5.1393872127e-6,5.3955224112e2,-5.7689256888e-2,3.1582705385e0,3.1132245977e-1,3.3985780459e-1,2.8057810850e-2
23.330612,5.4431734432e2,-4.7035947588e-4,4.4545387662e1,6.3707061767e-1,3.4947333916e-10,5.8207660913e-11,5.4431725383e2,-5.2212868218e-4,1.1886345505e1,5.5921169515e-1,4.3257355494e-3,4.6779750846e-6,5.4425638101e2,-5.6631583613e-2,3.1770864890e0,3.1303352111e-1,3.3667573228e-1,2.7549545921e-2
23.431633,5.4904128652e2,-4.6621334714e-4,4.4923303036e1,6.3731679066e-1,2.8308022593e-10,5.8207660913e-11,5.4904120109e2,-5.1628147639e-4,1.1980824426e1,5.6002215308e-1,4.1261417852e-3,4.2562023737e-6,5.4898093271e2,-5.5588748714e-2,3.1959840854e0,3.1473636475e-1,3.3350983920e-1,2.7048074466e-2
23.532653,5.5378563896e2,-4.6212227365e-4,4.5302851229e1,6.3755994013e-1,2.3578650143e-10,0.0000000000e0,5.5378555823e2,-5.1058417728e-4,1.2075711545e1,5.6082392522e-1,3.9349542446e-3,3.8709258661e-6,5.5372589626e2,-5.4560651541e-2,3.2149633281e0,3.1643098377e-1,3.3036023056e-1,2.6553363015e-2
23.633673,5.5855040163e2,-4.5808527611e-4,4.5684032240e1,6.3780011481e-1,1.9053914002e-10,1.7462298274e-10,5.5855032528e2,-5.0502916493e-4,1.2171006865e1,5.6161712795e-1,3.7518597144e-3,3.5191769712e-6,5.5849127156e2,-5.3547189673e-2,3.2340242169e0,3.1811737267e-1,3.2722700843e-1,2.6065376471e-2
23.734694,5.6333557453e2,-4.5410139716e-4,4.6066846070e1,6.3803736245e-1,1.7337242753e-10,-5.8207660913e-11,5.6333550225e2,-4.9960932515e-4,1.2266710385e1,5.6240187587e-1,3.5765545134e-3,3.1979288906e-6,5.6327705624e2,-5.2548260393e-2,3.2531667423e0,3.1979552661e-1,3.2411027199e-1,2.5584079034e-2
23.835714,5.6814115765e2,-4.5016970068e-4,4.6451292719e1,6.3827172987e-1,1.3767476048e-10,0.0000000000e0,5.6814108918e2,-4.9431801555e-4,1.2362822105e1,5.6317828180e-1,3.4087446464e-3,2.9049115255e-6,5.6808325255e2,-5.1563756233e-2,3.2723909138e0,3.2146544380e-1,3.2101011742e-1,2.5109433744e-2
23.936735,5.7296715101e2,-4.4628927132e-4,4.6837372185e1,6.3850326296e-1,1.1812062439e-10,0.0000000000e0,5.7296708608e2,-4.8914903261e-4,1.2459342025e1,5.6394645685e-1,3.2481453045e-3,2.6376219466e-6,5.7291072155e2,-5.0593022067e-2,3.2917001758e0,3.2312741821e-1,3.1792663804e-1,2.4641402415e-2
24.037755,5.7781355460e2,-4.4245921385e-4,4.7225084471e1,6.3873200672e-1,8.9016793936e-11,-5.8207660913e-11,5.7781349297e2,-4.8409658158e-4,1.2556270147e1,5.6470651040e-1,3.0944807733e-3,2.3939064704e-6,5.7775687688e2,-4.9637593274e-2,3.3110841823e0,3.2478056326e-1,3.1485992416e-1,2.4179945234e-2
24.138776,5.8268036842e2,-4.3867865272e-4,4.7614429575e1,6.3895800527e-1,6.7188921093e-11,1.1641532183e-10,5.8268030987e2,-4.7915524815e-4,1.2653606470e1,5.6545855017e-1,2.9474841920e-3,2.1719606593e-6,5.8262430488e2,-4.8695714554e-2,3.3305532797e0,3.2642576707e-1,3.1181006326e-1,2.3725022038e-2
24.239796,5.8756759247e2,-4.3494673146e-4,4.8005407497e1,6.3918130185e-1,5.4114934755e-11,5.8207660913e-11,5.8756753679e2,-4.7431997206e-4,1.2751350995e1,5.6620268222e-1,2.8068974235e-3,1.9696308300e-6,5.8751214267e2,-4.7767822423e-2,3.3501040163e0,3.2806273648e-1,3.0877713986e-1,2.3276591441e-2
24.340816,5.9247522676e2,-4.3126261222e-4,4.8398018238e1,6.3940193890e-1,5.1386450650e-11,0.0000000000e0,5.9247517375e2,-4.6958602231e-4,1.2849503721e1,5.6693901100e-1,2.6724707363e-3,1.7855782062e-6,5.9242039071e2,-4.6853803030e-2,3.3697363942e0,3.2969147557e-1,3.0576123559e-1,2.2834610776e-2
24.441837,5.9740327128e2,-4.2762547528e-4,4.8792261798e1,6.3961995801e-1,3.9676706365e-11,5.8207660913e-11,5.9740322076e2,-4.6494897415e-4,1.2948064649e1,5.6766763933e-1,2.5439626636e-3,1.6179983504e-6,5.9734904853e2,-4.5953541821e-2,3.3894504116e0,3.3131198929e-1,3.0276242931e-1,2.2399036679e-2
24.542857,6.0235172602e2,-4.2403451856e-4,4.9188138176e1,6.3983539999e-1,3.2059688237e-11,-1.1641532183e-10,6.0235167783e2,-4.6040468768e-4,1.3047033779e1,5.6838866850e-1,2.4211398357e-3,1.4653778635e-6,6.0229811588e2,-4.5066922814e-2,3.4092460676e0,3.3292428384e-1,2.9978079682e-1,2.1969824797e-2
24.643878,6.0732059101e2,-4.2048895717e-4,4.9585647373e1,6.4004830484e-1,3.0922819860e-11,5.8207660913e-11,6.0732054499e2,-4.5594928760e-4,1.3146411112e1,5.6910219824e-1,2.3037766274e-3,1.3269600458e-6,6.0726759323e2,-4.4193828421e-2,3.4291233644e0,3.3452836676e-1,2.9681641130e-1,2.1546930133e-2
24.744898,6.1230986622e2,-4.1698802297e-4,4.9984789388e1,6.4025871182e-1,2.6830093702e-11,-1.7462298274e-10,6.1230982223e2,-4.5157914479e-4,1.3246196647e1,5.6980832673e-1,2.1916551556e-3,1.2008240446e-6,6.1225747967e2,-4.3334140764e-2,3.4490822984e0,3.3612424626e-1,2.9386934301e-1,2.1130306122e-2
24.845918,6.1731955167e2,-4.1353096414e-4,5.0385564223e1,6.4046665944e-1,2.9103830457e-11,-5.8207660913e-11,6.1731950957e2,-4.4729085877e-4,1.3346390385e1,5.7050715071e-1,2.0845649433e-3,1.0863295756e-6,6.1726777537e2,-4.2487740248e-2,3.4691228704e0,3.3771193196e-1,2.9093965943e-1,2.0719906024e-2
24.946939,6.2234964735e2,-4.1011704475e-4,5.0787971876e1,6.4067218546e-1,2.0008883439e-11,0.0000000000e0,6.2234960702e2,-4.4308124162e-4,1.3446992325e1,5.7119876542e-1,1.9823028397e-3,9.8231248558e-7,6.2229848020e2,-4.1654506433e-2,3.4892450801e0,3.3929143442e-1,2.8802742518e-1,2.0315682166e-2
25.047959,6.2740015326e2,-4.0674554438e-4,5.1192012347e1,6.4087532695e-1,8.9812601800e-12,5.8207660913e-11,6.2740011459e2,-4.3894730276e-4,1.3548002469e1,5.7188326464e-1,1.8846726854e-3,8.8795786723e-7,6.2734959405e2,-4.0834317948e-2,3.5094489272e0,3.4086276519e-1,2.8513270217e-1,1.9917586003e-2
25.148980,6.3247106941e2,-4.0341575769e-4,5.1597685638e1,6.4107612027e-1,7.0485839387e-12,-1.1641532183e-10,6.3247103229e2,-4.3488623506e-4,1.3649420815e1,5.7256074076e-1,1.7914852202e-3,8.0233439803e-7,6.3242215771e2,-4.0026464882e-2,3.5297385751e0,3.4242625632e-1,2.8225554955e-1,1.9525568467e-2
25.250000,6.3756239579e2,-4.0012699406e-4,5.2004991747e1,6.4127460110e-1,1.3756107364e-11,-5.8207660913e-11,6.3756236013e2,-4.3089540178e-4,1.3751247365e1,5.7323128475e-1,1.7025578636e-3,7.2474358603e-7,6.3751304868e2,-3.9232586922e-2,3.5501015335e0,3.4398096292e-1,2.7939602377e-1,1.9139579206e-2
25.351020,6.4267413241e2,-3.9687857723e-4,5.2413930675e1,6.4147080445e-1,1.0459189070e-11,0.0000000000e0,6.4267409810e2,-4.2697232443e-4,1.3853482118e1,5.7389498621e-1,1.6177145377e-3,6.5442873165e-7,6.4262622250e2,-3.8450336520e-2,3.5705536252e0,3.4552810881e-1,2.7655417846e-1,1.8759568105e-2
25.452041,6.4780627926e2,-3.9366984493e-4,5.2824502422e1,6.4166476466e-1,9.3223206932e-12,0.0000000000e0,6.4780624623e2,-4.2311467163e-4,1.3956125075e1,5.7455193338e-1,1.5367855333e-3,5.9051671997e-7,6.4775813603e2,-3.7681560822e-2,3.5910806775e0,3.4706663592e-1,2.7373006463e-1,1.8385483767e-2
25.553061,6.5295883635e2,-3.9050014852e-4,5.3236706987e1,6.4185651548e-1,7.1622707765e-12,-5.8207660913e-11,6.5295880451e2,-4.1932024846e-4,1.4059176235e1,5.7520221320e-1,1.4596071825e-3,5.3254188970e-7,6.5291129256e2,-3.6924749847e-2,3.6116927037e0,3.4859731466e-1,2.7092373062e-1,1.8017274211e-2
25.654082,6.5813180367e2,-3.8736885266e-4,5.3650544371e1,6.4204608997e-1,5.5706550484e-12,5.8207660913e-11,6.5813177296e2,-4.1558698697e-4,1.4162635598e1,5.7584591126e-1,1.3860218628e-3,4.8032961786e-7,6.5808550921e2,-3.6179889845e-2,3.6323889727e0,3.5012010158e-1,2.6813522204e-1,1.7654887342e-2
25.755102,6.6332518122e2,-3.8427533499e-4,5.4066014574e1,6.4223352065e-1,2.1600499167e-12,-5.8207660913e-11,6.6332515157e2,-4.1191293706e-4,1.4266503165e1,5.7648311188e-1,1.3158777060e-3,4.3277395889e-7,6.6327883029e2,-3.5447903294e-2,3.6531616614e0,3.5163444138e-1,2.6536458192e-1,1.7298270075e-2
25.856122,6.6853896901e2,-3.8121898581e-4,5.4483117596e1,6.4241883937e-1,2.5011104299e-12,0.0000000000e0,6.6853894035e2,-4.0829625814e-4,1.4370778936e1,5.7711389813e-1,1.2490284622e-3,3.8999132812e-7,6.6849321066e2,-3.4727614845e-2,3.6740185897e0,3.5314092554e-1,2.6261185067e-1,1.6947369266e-2
25.957143,6.7377316704e2,-3.7819920775e-4,5.4901853437e1,6.4260207746e-1,2.5011104299e-12,0.0000000000e0,6.7377313931e2,-4.0473521143e-4,1.4475462911e1,5.7773835181e-1,1.1853333436e-3,3.5116681829e-7,6.7372869600e2,-3.4018884156e-2,3.6949599404e0,3.5463958123e-1,2.5987706601e-1,1.6602130490e-2
26.058163,6.7902777530e2,-3.7521541550e-4,5.5322222097e1,6.4278326563e-1,7.2759576142e-12,-5.8207660913e-11,6.7902774846e2,-4.0122815275e-4,1.4580555090e1,5.7835655351e-1,1.1246568507e-3,3.1630042940e-7,6.7898319526e2,-3.3322670491e-2,3.7159773492e0,3.5612983250e-1,2.5716026325e-1,1.6262499790e-2
26.159184,6.8430279379e2,-3.7226703547e-4,5.5744223575e1,6.4296243406e-1,1.5916157281e-12,5.8207660913e-11,6.8430276778e2,-3.9777352585e-4,1.4686055473e1,5.7896858261e-1,1.0668685554e-3,2.8451904655e-7,6.8425940393e2,-3.2637451170e-2,3.7370815984e0,3.5761246533e-1,2.5446147497e-1,1.5928422567e-2
26.260204,6.8959822253e2,-3.6935350558e-4,5.6167857873e1,6.4313961237e-1,3.1832314562e-12,-5.8207660913e-11,6.8959819730e2,-3.9436985628e-4,1.4791964059e1,5.7957451730e-1,1.0118430575e-3,2.5593908504e-7,6.8955481021e2,-3.1964383890e-2,3.7582626407e0,3.5908679470e-1,2.5178073129e-1,1.5599842998e-2
26.361224,6.9491406149e2,-3.6647427490e-4,5.6593124989e1,6.4331482965e-1,5.6843418861e-13,5.8207660913e-11,6.9491403701e2,-3.9101574569e-4,1.4898280850e1,5.8017443462e-1,9.5945978421e-4,2.3015309125e-7,6.9487122856e2,-3.1302416543e-2,3.7795277343e0,3.6055335047e-1,2.4911805987e-1,1.5276706312e-2
26.462245,7.0025031070e2,-3.6362880344e-4,5.7020024925e1,6.4348811446e-1,4.4337866711e-12,-1.1641532183e-10,7.0025028692e2,-3.8770986645e-4,1.5005005845e1,5.8076841046e-1,9.0960270916e-4,2.0669540390e-7,7.0020805467e2,-3.0651727965e-2,3.8008744618e0,3.6201198633e-1,2.4647348571e-1,1.4958956512e-2
26.563265,7.0560697014e2,-3.6081656188e-4,5.7448557679e1,6.4365949485e-1,2.9558577808e-12,0.0000000000e0,7.0560694703e2,-3.8445095686e-4,1.5112139044e1,5.8135651957e-1,8.6216039642e-4,1.8579885364e-7,7.0556528735e2,-3.0012189879e-2,3.8223028188e0,3.6346272535e-1,2.4384703160e-1,1.4646536671e-2
26.664286,7.1098403982e2,-3.5803703128e-4,5.7878723252e1,6.4382899837e-1,5.6843418861e-12,-1.1641532183e-10,7.1098401734e2,-3.8123781657e-4,1.5219680447e1,5.8193883561e-1,8.1702575733e-4,1.6693957150e-7,7.1094292740e2,-2.9383672897e-2,3.8438128084e0,3.6490559173e-1,2.4123871760e-1,1.4339391841e-2
26.765306,7.1638151973e2,-3.5528970290e-4,5.8310521644e1,6.4399665207e-1,2.2737367544e-12,0.0000000000e0,7.1638149785e2,-3.7806930239e-4,1.5327630055e1,5.8251543113e-1,7.7409595076e-4,1.4982651919e-7,7.1634097463e2,-2.8766048106e-2,3.8654044300e0,3.6634060998e-1,2.3864856152e-1,1.4037464221e-2
26.866327,7.2179940988e2,-3.5257407789e-4,5.8743952855e1,6.4416248253e-1,8.0717654782e-12,-1.1641532183e-10,7.2179938857e2,-3.7494432440e-4,1.5435987866e1,5.8308637763e-1,7.3327216330e-4,1.3451790437e-7,7.2175942857e2,-2.8159186719e-2,3.8870776818e0,3.6776780508e-1,2.3607657875e-1,1.3740697235e-2
26.967347,7.2723771027e2,-3.4988966710e-4,5.9179016885e1,6.4432651585e-1,8.2991391537e-12,1.1641532183e-10,7.2723768950e2,-3.7186184237e-4,1.5544753883e1,5.8365174553e-1,6.9445953750e-4,1.2048985809e-7,7.2719828900e2,-2.7562959859e-2,3.9088325630e0,3.6918720263e-1,2.3352278224e-1,1.3449033955e-2
27.068367,7.3269642089e2,-3.4723599084e-4,5.9615713734e1,6.4448877768e-1,2.6147972676e-12,-1.1641532183e-10,7.3269640064e2,-3.6882086244e-4,1.5653928103e1,5.8421160424e-1,6.5756708091e-4,1.0814983398e-7,7.3265755635e2,-2.6977238443e-2,3.9306690755e0,3.7059882889e-1,2.3098718260e-1,1.3162417104e-2
27.169388,7.3817554176e2,-3.4461257866e-4,6.0054043402e1,6.4464929320e-1,3.1832314562e-12,0.0000000000e0,7.3817552200e2,-3.6582043403e-4,1.5763510528e1,5.8476602212e-1,6.2250743940e-4,9.6973963082e-8,7.3813723031e2,-2.6401893867e-2,3.9525872180e0,3.7200271043e-1,2.2846978821e-1,1.2880789349e-2
27.270408,7.4367507286e2,-3.4201896915e-4,6.0494005889e1,6.4480808716e-1,1.5916157281e-12,-1.1641532183e-10,7.4367505356e2,-3.6285964702e-4,1.5873501157e1,5.8531506656e-1,5.8919682363e-4,8.6729414761e-8,7.4363731094e2,-2.5836797522e-2,3.9745869909e0,3.7339887437e-1,2.2597060501e-1,1.2604093063e-2
27.371429,7.4919501419e2,-3.3945470970e-4,6.0935601195e1,6.4496518389e-1,1.5916157281e-12,1.1641532183e-10,7.4919499535e2,-3.5993762908e-4,1.5983899991e1,5.8585880394e-1,5.5755483925e-4,7.7765434980e-8,7.4915779781e2,-2.5281821222e-2,3.9966683925e0,3.7478734819e-1,2.2348963665e-1,1.2332270504e-2
27.472449,7.5473536577e2,-3.3691935634e-4,6.1378829320e1,6.4512060727e-1,1.8189894035e-12,0.0000000000e0,7.5473534735e2,-3.5705354329e-4,1.6094707029e1,5.8639729966e-1,5.2750446287e-4,6.9616362453e-8,7.5469869144e2,-2.4736836625e-2,4.0188314251e0,3.7616816004e-1,2.2102688471e-1,1.2065264396e-2
27.573469,7.6029612758e2,-3.3441247349e-4,6.1823690264e1,6.4527438079e-1,1.5916157281e-12,1.1641532183e-10,7.6029610958e2,-3.5420658587e-4,1.6205922271e1,5.8693061820e-1,4.9897189626e-4,6.2282197177e-8,7.6025999106e2,-2.4201716236e-2,4.0410760854e0,3.7754133814e-1,2.1858234830e-1,1.1803016649e-2
27.674490,7.6587729963e2,-3.3193363381e-4,6.2270184027e1,6.4542652750e-1,8.1854523160e-12,0.0000000000e0,7.6587728202e2,-3.5139598408e-4,1.6317545719e1,5.8745882306e-1,4.7188629230e-4,5.5762939155e-8,7.6584169698e2,-2.3676332399e-2,4.0634023750e0,3.7890691141e-1,2.1615602444e-1,1.1545469635e-2
27.775510,7.7147888192e2,-3.2948241801e-4,6.2718310610e1,6.4557707009e-1,9.0949470177e-13,0.0000000000e0,7.7147886469e2,-3.4862099430e-4,1.6429577370e1,5.8798197684e-1,4.4617988556e-4,4.9825757742e-8,7.7144400797e2,-2.3160472982e-2,4.0858110889e0,3.8026495704e-1,2.1374790795e-1,1.1292565963e-2
27.876531,7.7710087444e2,-3.2705841464e-4,6.3168070011e1,6.4572603083e-1,3.5242919694e-12,1.1641532183e-10,7.7710085758e2,-3.4588090031e-4,1.6542017226e1,5.8850014123e-1,4.2178779552e-4,4.4470652938e-8,7.7706632763e2,-2.2654266247e-2,4.1082998417e0,3.8161536067e-1,2.1135799153e-1,1.1044247542e-2
27.977551,7.8274327721e2,-3.2466121995e-4,6.3619462231e1,6.4587343163e-1,4.8885340220e-12,-1.1641532183e-10,7.8274326069e2,-3.4317501153e-4,1.6654865287e1,5.8901337702e-1,3.9864777705e-4,3.9697624743e-8,7.8270925187e2,-2.2157331067e-2,4.1308710169e0,3.8295829607e-1,2.0898626568e-1,1.0800456861e-2
28.078571,7.8840609021e2,-3.2229043767e-4,6.4072487271e1,6.4601929401e-1,4.2064129957e-12,-1.1641532183e-10,7.8840607403e2,-3.4050266160e-4,1.6768121552e1,5.8952174412e-1,3.7670037705e-4,3.5623088479e-8,7.8837258230e2,-2.1669626410e-2,4.1535238211e0,3.8429374564e-1,2.0663271883e-1,1.0561136180e-2
28.179592,7.9408931345e2,-3.1994567889e-4,6.4527145129e1,6.4616363913e-1,5.6843418861e-12,0.0000000000e0,7.9408929760e2,-3.3786320692e-4,1.6881786022e1,5.9002530157e-1,3.5588862204e-4,3.1664967537e-8,7.9405676355e2,-2.1190845202e-2,4.1762600329e0,3.8562184341e-1,2.0429733727e-1,1.0326227406e-2
28.280612,7.9979294693e2,-3.1762656187e-4,6.4983435807e1,6.4630648779e-1,2.8421709430e-12,0.0000000000e0,7.9979293139e2,-3.3525602535e-4,1.6995858697e1,5.9052410758e-1,3.3615810003e-4,2.8288923204e-8,7.9976046074e2,-2.0721408161e-2,4.1990743128e0,3.8694230972e-1,2.0198010532e-1,1.0095674545e-2
28.381633,8.0551699065e2,-3.1533271190e-4,6.5441359303e1,6.4644786044e-1,3.5242919694e-12,0.0000000000e0,8.0551697541e2,-3.3268051497e-4,1.7110339576e1,5.9101821949e-1,3.1745657691e-4,2.5262124836e-8,8.0548539353e2,-2.0260491745e-2,4.2219735395e0,3.8825557425e-1,1.9968100520e-1,9.8694191547e-3
28.482653,8.1126144461e2,-3.1306376111e-4,6.5900915619e1,6.4658777717e-1,7.2759576142e-12,0.0000000000e0,8.1126142966e2,-3.3013609304e-4,1.7225228659e1,5.9150769384e-1,2.9973434914e-4,2.2584572434e-8,8.1123015301e2,-1.9808540052e-2,4.2449520773e0,3.8956134434e-1,1.9740001715e-1,9.6474041929e-3
28.583673,8.1702630881e2,-3.1081934835e-4,6.6362104754e1,6.4672625776e-1,9.0949470177e-13,0.0000000000e0,8.1702629414e2,-3.2762219485e-4,1.7340525948e1,5.9199258635e-1,2.8294367701e-4,1.9907020032e-8,8.1699606237e2,-1.9364905549e-2,4.2680152192e0,3.9085995213e-1,1.9513711944e-1,9.4295729650e-3
28.684694,8.2281158324e2,-3.0859911904e-4,6.6824926708e1,6.4686332163e-1,3.2969182939e-12,-1.1641532183e-10,8.2281156885e2,-3.2513827287e-4,1.7456231441e1,5.9247295194e-1,2.6703914739e-4,1.7811544240e-8,8.2278108840e2,-1.8930260455e-2,4.2911548323e0,3.9215097318e-1,1.9289228838e-1,9.2158679618e-3
28.785714,8.2861726791e2,-3.0640272501e-4,6.7289381482e1,6.4699898789e-1,7.9580786405e-13,1.1641532183e-10,8.2861725379e2,-3.2268379574e-4,1.7572345138e1,5.9294884476e-1,2.5197714319e-4,1.5948899090e-8,8.2858725968e2,-1.8503691940e-2,4.3143790309e0,3.9343489430e-1,1.9066549831e-1,9.0062333038e-3
28.886735,8.3444336283e2,-3.0422982437e-4,6.7755469074e1,6.4713327534e-1,5.6843418861e-13,1.1641532183e-10,8.3444334896e2,-3.2025824754e-4,1.7688867040e1,5.9342031816e-1,2.3771616588e-4,1.4202669263e-8,8.3441383601e2,-1.8085367895e-2,4.3376848543e0,3.9471158193e-1,1.8845672179e-1,8.8006120641e-3
28.987755,8.4028986798e2,-3.0208008138e-4,6.8223189486e1,6.4726620244e-1,2.5011104299e-12,0.0000000000e0,8.4028985436e2,-3.1786112696e-4,1.7805797147e1,5.9388742477e-1,2.2421654364e-4,1.2689270079e-8,8.4026081833e2,-1.7675167604e-2,4.3610723064e0,3.9598106897e-1,1.8626592929e-1,8.5989480140e-3
29.088776,8.4615678337e2,-2.9995316631e-4,6.8692542716e1,6.4739778738e-1,3.7516656448e-12,0.0000000000e0,8.4615676999e2,-3.1549194661e-4,1.7923135459e1,5.9435021644e-1,2.1144043023e-4,1.1175870895e-8,8.4612820681e2,-1.7272971413e-2,4.3845413877e0,3.9724338832e-1,1.8409308960e-1,8.4011857398e-3
29.189796,8.5204410901e2,-2.9784875530e-4,6.9163528766e1,6.4752804801e-1,4.3200998334e-12,-1.1641532183e-10,8.5204409586e2,-3.1315023233e-4,1.8040881975e1,5.9480874429e-1,1.9935157115e-4,1.0244548321e-8,8.5201599906e2,-1.6878661376e-2,4.4080920888e0,3.9849857253e-1,1.8193816974e-1,8.2072685473e-3
29.290816,8.5795184488e2,-2.9576653026e-4,6.9636147635e1,6.4765700192e-1,8.0717654782e-12,1.1641532183e-10,8.5795183196e2,-3.1083552258e-4,1.8159036696e1,5.9526305873e-1,1.8791551975e-4,8.8475644588e-9,8.5792419876e2,-1.6492118096e-2,4.4317244244e0,3.9974665563e-1,1.7980113476e-1,8.0171417212e-3
29.391837,8.6387999099e2,-2.9370617873e-4,7.0110399324e1,6.4778466640e-1,2.2737367544e-13,1.1641532183e-10,8.6387997829e2,-3.0854736789e-4,1.8277599622e1,5.9571320944e-1,1.7709941881e-4,7.7998265624e-9,8.6385280359e2,-1.6113225190e-2,4.4554383853e0,4.0098767052e-1,1.7768194808e-1,7.8307501972e-3
29.492857,8.6982854734e2,-2.9166739376e-4,7.0586283831e1,6.4791105844e-1,3.7516656448e-12,-1.1641532183e-10,8.6982853486e2,-3.0628533026e-4,1.8396570752e1,5.9615924541e-1,1.6687176924e-4,6.6356733441e-9,8.6980181341e2,-1.5741866303e-2,4.4792339710e0,4.0222165076e-1,1.7558057126e-1,7.6480382122e-3
29.593878,8.7579751393e2,-2.8964987378e-4,7.1063801158e1,6.4803619479e-1,8.7538865046e-12,-1.1641532183e-10,8.7579750166e2,-3.0404898272e-4,1.8515950087e1,5.9660121495e-1,1.5720265856e-4,6.1700120568e-9,8.7577143043e2,-1.5377855689e-2,4.5031119902e0,4.0344867143e-1,1.7349696427e-1,7.4689517496e-3
29.694898,8.8178689076e2,-2.8765332253e-4,7.1542951304e1,6.4816009189e-1,9.8907548818e-12,-1.1641532183e-10,8.8178687870e2,-3.0183790881e-4,1.8635737627e1,5.9703916568e-1,1.4806362219e-4,5.3551048040e-9,8.8176104963e2,-1.5021288686e-2,4.5270700229e0,4.0466864255e-1,1.7143108533e-1,7.2934367927e-3
29.795918,8.8779667783e2,-2.8567744890e-4,7.2023734269e1,6.4828276594e-1,1.4779288904e-12,0.0000000000e0,8.8779666597e2,-2.9965170219e-4,1.8755933372e1,5.9747314454e-1,1.3942742476e-4,4.8894435167e-9,8.8777191846e2,-1.4671623786e-2,4.5511130589e0,4.0588185106e-1,1.6938289093e-1,7.1214389754e-3
29.896939,8.9382687514e2,-2.8372196685e-4,7.2506150053e1,6.4840423287e-1,4.4337866711e-12,0.0000000000e0,8.9382686347e2,-2.9748996617e-4,1.8876537321e1,5.9790319784e-1,1.3126812405e-4,4.4237822294e-9,8.9380190776e2,-1.4329471297e-2,4.5752325819e0,4.0708790233e-1,1.6735233607e-1,6.9529053289e-3
29.997959,8.9987748269e2,-2.8178659529e-4,7.2990198656e1,6.4852450834e-1,4.5474735089e-13,1.1641532183e-10,8.9987747121e2,-2.9535231340e-4,1.8997549475e1,5.9832937123e-1,1.2356114075e-4,3.9581209421e-9,8.9985294454e2,-1.3994066235e-2,4.5994362994e0,4.0828721789e-1,1.6533937405e-1,6.7877817200e-3
30.098980,9.0594850049e2,-2.7987105798e-4,7.3475880079e1,6.4864360777e-1,5.6843418861e-13,-1.1641532183e-10,9.0594848919e2,-2.9323836543e-4,1.9118969834e1,5.9875170971e-1,1.1628289042e-4,3.2596290112e-9,9.0592438728e2,-1.3665514975e-2,4.6237216457e0,4.0947970307e-1,1.6334395657e-1,6.6260162275e-3
30.200000,9.1203992852e2,-2.7797508344e-4,7.3963194321e1,6.4876154635e-1,3.8653524825e-12,-3.4924596548e-10,9.1203991740e2,-2.9114775244e-4,1.9240798397e1,5.9917025769e-1,1.0941104927e-4,3.0267983675e-9,9.1201623513e2,-1.3343707736e-2,4.6480886173e0,4.1066539209e-1,1.6136603386e-1,6.4675556496e-3
30.301020,9.1815176679e2,-2.7609840484e-4,7.4452141382e1,6.4887833899e-1,2.2737367544e-12,-3.4924596548e-10,9.1815175585e2,-2.8908011287e-4,1.9363035165e1,5.9958505893e-1,1.0292422485e-4,2.7939677238e-9,9.1812791907e2,-1.3028716885e-2,4.6725349382e0,4.1184421009e-1,1.5940555455e-1,6.3123484142e-3
30.402041,9.2428401530e2,-2.7424075991e-4,7.4942721263e1,6.4899400041e-1,1.1368683772e-13,0.0000000000e0,9.2428400454e2,-2.8703509316e-4,1.9485680138e1,5.9999615659e-1,9.6802312669e-5,2.4447217584e-9,9.2426114706e2,-1.2719889580e-2,4.6970674401e0,4.1301651969e-1,1.5746246578e-1,6.1603423674e-3
30.503061,9.3043667406e2,-2.7240189085e-4,7.5434933963e1,6.4910854504e-1,4.8885340220e-12,1.1641532183e-10,9.3043666346e2,-2.8501234745e-4,1.9608733316e1,6.0040359325e-1,9.1025926736e-5,1.9790604711e-9,9.3041421074e2,-1.2417663538e-2,4.7216792897e0,4.1418202732e-1,1.5553671327e-1,6.0114869848e-3
30.604082,9.3660974305e2,-2.7058154420e-4,7.5928779482e1,6.4922198714e-1,5.6843418861e-12,0.0000000000e0,9.3660973262e2,-2.8301153731e-4,1.9732194698e1,6.0080741089e-1,8.5576753804e-5,2.0954757929e-9,9.3658767997e2,-1.2121750895e-2,4.7463727663e0,4.1534087707e-1,1.5362824125e-1,5.8657308109e-3
30.705102,9.4280322229e2,-2.6877947083e-4,7.6424257820e1,6.4933434070e-1,6.7075234256e-12,-2.3283064365e-10,9.4280321201e2,-2.8103233149e-4,1.9856064286e1,6.0120765091e-1,8.0437371480e-5,1.5133991838e-9,9.4278120588e2,-1.1832152454e-2,4.7711464746e0,4.1649303900e-1,1.5173699250e-1,5.7230235543e-3
30.806122,9.4901711176e2,-2.6699542577e-4,7.6921368977e1,6.4944561951e-1,3.0695446185e-12,-1.1641532183e-10,9.4901710165e2,-2.7907440570e-4,1.9980342078e1,6.0160435415e-1,7.5591195923e-5,1.2805685401e-9,9.4899583505e2,-1.1548446399e-2,4.7960046008e0,4.1763874174e-1,1.4986290850e-1,5.5833153892e-3
30.907143,9.5525141148e2,-2.6522916818e-4,7.7420112954e1,6.4955583715e-1,3.6379788071e-12,-1.1641532183e-10,9.5525140152e2,-2.7713744239e-4,2.0105028074e1,6.0199756088e-1,7.1022493898e-5,1.2805685401e-9,9.5523040269e2,-1.1270882429e-2,4.8209424858e0,4.1877780464e-1,1.4800592926e-1,5.4465563735e-3
31.008163,9.6150612143e2,-2.6348046125e-4,7.7920489750e1,6.4966500697e-1,8.2991391537e-12,1.1641532183e-10,9.6150611162e2,-2.7522113050e-4,2.0230122276e1,6.0238731082e-1,6.6716332299e-5,1.1641532183e-9,9.6148528955e2,-1.0999242001e-2,4.8459616525e0,4.1991033343e-1,1.4616599350e-1,5.3126980783e-3
31.109184,9.6778124163e2,-2.6174907211e-4,7.8422499366e1,6.4977314212e-1,5.1159076975e-12,-1.1641532183e-10,9.6778123197e2,-2.7332516528e-4,2.0355624682e1,6.0277364316e-1,6.2658448769e-5,9.3132257462e-10,9.6776110701e2,-1.0733246660e-2,4.8710645464e0,4.2103647260e-1,1.4434303859e-1,5.1816913765e-3
31.210204,9.7407677207e2,-2.6003477175e-4,7.8926141800e1,6.4988025556e-1,8.9812601800e-12,1.1641532183e-10,9.7407676255e2,-2.7144924811e-4,2.0481535293e1,6.0315659654e-1,5.8835384039e-5,9.3132257462e-10,9.7405704763e2,-1.0473032514e-2,4.8962479379e0,4.2215611141e-1,1.4253700074e-1,5.0534880720e-3
31.311224,9.8039271275e2,-2.5833733496e-4,7.9431417054e1,6.4998636002e-1,4.4337866711e-12,-1.1641532183e-10,9.8039270338e2,-2.6959308632e-4,2.0607854109e1,6.0353620908e-1,5.5234312185e-5,9.3132257462e-10,9.8037331540e2,-1.0218440231e-2,4.9215126428e0,4.2326932185e-1,1.4074781471e-1,4.9280405510e-3
31.412245,9.8672906367e2,-2.5665654026e-4,7.9938325128e1,6.5009146806e-1,6.3664629124e-12,0.0000000000e0,9.8672905444e2,-2.6775639299e-4,2.0734581130e1,6.0391251839e-1,5.1843019719e-5,5.8207660913e-10,9.8671002780e2,-9.9693385637e-3,4.9468591310e0,4.2437615953e-1,1.3897541414e-1,4.8053014325e-3
31.513265,9.9308582484e2,-2.5499216980e-4,8.0446866020e1,6.5019559204e-1,3.7516656448e-12,-1.1641532183e-10,9.9308581574e2,-2.6593888681e-4,2.0861716355e1,6.0428556155e-1,4.8650028589e-5,5.8207660913e-10,9.9306714546e2,-9.7256420729e-3,4.9722872452e0,4.2547665228e-1,1.3721973148e-1,4.6852241503e-3
31.614286,9.9946299624e2,-2.5334400928e-4,8.0957039732e1,6.5029874411e-1,1.1368683772e-12,-1.1641532183e-10,9.9946298727e2,-2.6414029191e-4,2.0989259785e1,6.0465537517e-1,4.5644387569e-5,5.8207660913e-10,9.9944368548e2,-9.4875216299e-3,4.9977930537e0,4.2657066695e-1,1.3548069795e-1,4.5677623712e-3
31.715306,1.0058605779e3,-2.5171184793e-4,8.1468846263e1,6.5040093627e-1,2.1600499167e-12,-2.3283064365e-10,1.0058605691e3,-2.6236033770e-4,2.1117211420e1,6.0502199533e-1,4.2815691813e-5,4.6566128731e-10,1.0058425971e3,-9.2540832553e-3,5.0233883530e0,4.2765874224e-1,1.3375824360e-1,4.4528704602e-3
31.816327,1.0122785698e3,-2.5009547839e-4,8.1982285614e1,6.5050218031e-1,8.0717654782e-12,2.3283064365e-10,1.0122785611e3,-2.6059875878e-4,2.1245571260e1,6.0538545765e-1,4.0154137878e-5,3.4924596548e-10,1.0122609315e3,-9.0260329249e-3,5.0490613484e0,4.2874040904e-1,1.3205229735e-1,4.3405026663e-3
31.917347,1.0187169719e3,-2.4849469669e-4,8.2497357784e1,6.5060248784e-1,8.7538865046e-12,-2.3283064365e-10,1.0187169633e3,-2.5885529472e-4,2.1374339304e1,6.0574579727e-1,3.7650319655e-5,4.6566128731e-10,1.0186996710e3,-8.8030120386e-3,5.0748159691e0,4.2981586992e-1,1.3036278710e-1,4.2306142859e-3
32.018367,1.0251757843e3,-2.4690930213e-4,8.3014062773e1,6.5070187031e-1,6.5938365879e-12,2.3283064365e-10,1.0251757758e3,-2.5712969000e-4,2.1503515554e1,6.0610304884e-1,3.5295392081e-5,0.0000000000e0,1.0251588162e3,-8.5849292692e-3,5.1006522171e0,4.3088515962e-1,1.2868963957e-1,4.1231613141e-3
32.119388,1.0316550069e3,-2.4533909725e-4,8.3532400582e1,6.5080033899e-1,3.1832314562e-12,0.0000000000e0,1.0316549985e3,-2.5542169384e-4,2.1633100008e1,6.0645724657e-1,3.3081094443e-5,2.3283064365e-10,1.0316383666e3,-8.3716946121e-3,5.1265700910e0,4.3194831274e-1,1.2703278049e-1,4.0180995129e-3
32.220408,1.0381546397e3,-2.4378388778e-4,8.4052371209e1,6.5089790498e-1,2.9558577808e-12,0.0000000000e0,1.0381546315e3,-2.5373106009e-4,2.1763092667e1,6.0680842419e-1,3.0999292221e-5,4.6566128731e-10,1.0381383229e3,-8.1632189305e-3,5.1525695930e0,4.3300536396e-1,1.2539213453e-1,3.9153862745e-3
32.321429,1.0446746828e3,-2.4224348254e-4,8.4573974657e1,6.5099457921e-1,2.2737367544e-13,0.0000000000e0,1.0446746747e3,-2.5205754714e-4,2.1893493530e1,6.0715661499e-1,2.9042605092e-5,4.6566128731e-10,1.0446592910e3,-7.9592643039e-3,5.1786531464e0,4.3405644507e-1,1.2376762541e-1,3.8149773609e-3
32.422449,1.0512151362e3,-2.4071769342e-4,8.5097210923e1,6.5109037244e-1,5.0022208598e-12,4.6566128731e-10,1.0512151282e3,-2.5040091778e-4,2.2024302599e1,6.0750185183e-1,2.7203895115e-5,4.6566128731e-10,1.0511994523e3,-7.7601942946e-3,5.2048134778e0,4.3510129864e-1,1.2215917579e-1,3.7168324925e-3
32.523469,1.0577759997e3,-2.3920633527e-4,8.5622080009e1,6.5118529529e-1,3.4106051316e-12,4.6566128731e-10,1.0577759919e3,-2.4876093906e-4,2.2155519872e1,6.0784416710e-1,2.5476369274e-5,2.3283064365e-10,1.0577606251e3,-7.5654729287e-3,5.2310578599e0,4.3614025098e-1,1.2056670744e-1,3.6209078971e-3
32.624490,1.0643572736e3,-2.3770922590e-4,8.6148581914e1,6.5127935821e-1,1.1823431123e-11,4.6566128731e-10,1.0643572658e3,-2.4713738228e-4,2.2287145350e1,6.0818359281e-1,2.3853668381e-5,0.0000000000e0,1.0643422040e3,-7.3751656180e-3,5.2573838705e0,4.3717323923e-1,1.1899014120e-1,3.5271637607e-3
32.725510,1.0709589576e3,-2.3622618600e-4,8.6676716639e1,6.5137257147e-1,5.2295945352e-12,4.6566128731e-10,1.0709589500e3,-2.4553002279e-4,2.2419179033e1,6.0852016050e-1,2.2329774538e-5,2.3283064365e-10,1.0709435585e3,-7.1893370077e-3,5.2837889886e0,4.3820020004e-1,1.1742939693e-1,3.4355586395e-3
32.826531,1.0775810519e3,-2.3475703908e-4,8.7206484183e1,6.5146494524e-1,8.8675733423e-12,-4.6566128731e-10,1.0775810444e3,-2.4393863995e-4,2.2551620921e1,6.0885390132e-1,2.0898989078e-5,0.0000000000e0,1.0775665783e3,-7.0074607498e-3,5.3102807718e0,4.3922146037e-1,1.1588439378e-1,3.3460517880e-3
32.927551,1.0842235565e3,-2.3330161141e-4,8.7737884546e1,6.5155648950e-1,5.2295945352e-12,-2.3283064365e-10,1.0842235490e3,-2.4236301704e-4,2.2684471014e1,6.0918484600e-1,1.9555886638e-5,0.0000000000e0,1.0842093742e3,-6.8298994746e-3,5.3368516645e0,4.4023676168e-1,1.1435504993e-1,3.2586043235e-3
33.028571,1.0908864713e3,-2.3185973200e-4,8.8270917729e1,6.5164721408e-1,2.2737367544e-12,2.3283064365e-10,1.0908864639e3,-2.4080294112e-4,2.2817729311e1,6.0951302488e-1,1.8295314931e-5,2.3283064365e-10,1.0908701677e3,-6.6569688903e-3,5.3634945522e0,4.4124587220e-1,1.1284128272e-1,3.1731773634e-3
33.129592,1.0975697963e3,-2.3043123250e-4,8.8805583731e1,6.5173712870e-1,2.9558577808e-12,-2.3283064365e-10,1.0975697891e3,-2.3925820302e-4,2.2951395813e1,6.0983846787e-1,1.7112547539e-5,0.0000000000e0,1.0975561832e3,-6.4869586355e-3,5.3902383313e0,4.4224991600e-1,1.1134300867e-1,3.0897306278e-3
33.230612,1.1042735316e3,-2.2901594719e-4,8.9341882553e1,6.5182624291e-1,2.5011104299e-12,-2.3283064365e-10,1.1042735244e3,-2.3772859716e-4,2.3085470520e1,6.1016120452e-1,1.6002991742e-5,-2.3283064365e-10,1.1042601959e3,-6.3214221377e-3,5.4170541043e0,4.4324783683e-1,1.0986014373e-1,3.0082268640e-3
33.331633,1.1109976771e3,-2.2761371294e-4,8.9879814194e1,6.5191456612e-1,4.0927261580e-12,0.0000000000e0,1.1109976700e3,-2.3621392155e-4,2.3219953432e1,6.1048126399e-1,1.4962312889e-5,2.3283064365e-10,1.1109846152e3,-6.1597384921e-3,5.4439515080e0,4.4424003203e-1,1.0839260277e-1,2.9286281206e-3
33.432653,1.1177422328e3,-2.2622436911e-4,9.0419378654e1,6.5200210762e-1,2.5011104299e-12,-4.6566128731e-10,1.1177422259e3,-2.3471397768e-4,2.3354844549e1,6.1079867504e-1,1.3986435079e-5,4.6566128731e-10,1.1177294403e3,-6.0018320956e-3,5.4709305395e0,4.4522653519e-1,1.0694030018e-1,2.8508978430e-3
33.533673,1.1245071988e3,-2.2484775754e-4,9.0960575934e1,6.5208887655e-1,3.1832314562e-12,-6.9849193096e-10,1.1245071920e3,-2.3322857044e-4,2.3490143870e1,6.1111346608e-1,1.3071575040e-5,4.6566128731e-10,1.1244946710e3,-5.8476283318e-3,5.4979911975e0,4.4620737988e-1,1.0550314952e-1,2.7749992441e-3
33.634694,1.1312925751e3,-2.2348372251e-4,9.1503406033e1,6.5217488192e-1,7.5033312896e-12,2.3283064365e-10,1.1312925683e3,-2.3175750804e-4,2.3625851396e1,6.1142566513e-1,1.2214038861e-5,2.3283064365e-10,1.1312803081e3,-5.6970534310e-3,5.5251334852e0,4.4718259971e-1,1.0408106381e-1,2.7008955367e-3
33.735714,1.1380983616e3,-2.2213211068e-4,9.2047868951e1,6.5226013262e-1,6.3664629124e-12,4.6566128731e-10,1.1380983549e3,-2.3030060196e-4,2.3761967127e1,6.1173529987e-1,1.1410411162e-5,-2.3283064365e-10,1.1380864511e3,-5.5500144021e-3,5.5523578009e0,4.4815224222e-1,1.0267395515e-1,2.6285520289e-3
33.836735,1.1449245583e3,-2.2079277104e-4,9.2593964689e1,6.5234463739e-1,4.5474735089e-13,2.3283064365e-10,1.1449245517e3,-2.2885766685e-4,2.3898491063e1,6.1204239759e-1,1.0657511666e-5,2.3283064365e-10,1.1449127999e3,-5.4065014759e-3,5.5796629438e0,4.4911629811e-1,1.0128173525e-1,2.5579321664e-3
33.937755,1.1517711653e3,-2.1946555488e-4,9.3141693246e1,6.5242840487e-1,1.5916157281e-12,2.3283064365e-10,1.1517711588e3,-2.2742852050e-4,2.4035423204e1,6.1234698527e-1,9.9522703749e-6,0.0000000000e0,1.1517596521e3,-5.2663830812e-3,5.6070501046e0,4.5007484282e-1,9.9904315116e-2,2.4890021887e-3
34.038776,1.1586381825e3,-2.1815031576e-4,9.3691054623e1,6.5251144357e-1,4.7748471843e-12,-2.3283064365e-10,1.1586381761e3,-2.2601298373e-4,2.4172763550e1,6.1264908950e-1,9.2917821348e-6,-4.6566128731e-10,1.1586269160e3,-5.1296087809e-3,5.6345189166e0,4.5102789637e-1,9.8541605113e-2,2.4217281025e-3
34.139796,1.1655256099e3,-2.1684690943e-4,9.4242048819e1,6.5259376186e-1,1.3642420527e-11,-2.3283064365e-10,1.1655256036e3,-2.2461088036e-4,2.4310512100e1,6.1294873657e-1,8.6733248281e-6,-2.3283064365e-10,1.1655145823e3,-4.9961121954e-3,5.6620693417e0,4.5197549043e-1,9.7193515119e-2,2.3560763802e-3
34.240816,1.1724334476e3,-2.1555519383e-4,9.4794675834e1,6.5267536801e-1,8.1854523160e-12,0.0000000000e0,1.1724334414e3,-2.2322203713e-4,2.4448668855e1,6.1324595238e-1,8.0944594174e-6,-2.3283064365e-10,1.1724226581e3,-4.8658246646e-3,5.6897014094e0,4.5291765884e-1,9.5859954432e-2,2.2920134943e-3
34.341837,1.1793616956e3,-2.1427502902e-4,9.5348935669e1,6.5275627016e-1,8.4128259914e-12,0.0000000000e0,1.1793616894e3,-2.2184628365e-4,2.4587233815e1,6.1354076256e-1,7.5526056662e-6,0.0000000000e0,1.1793511367e3,-4.7386813325e-3,5.7174150920e0,4.5385443340e-1,9.4540831805e-2,2.2295063827e-3
34.442857,1.1863103538e3,-2.1300627717e-4,9.5904828323e1,6.5283647635e-1,2.5011104299e-12,0.0000000000e0,1.1863103477e3,-2.2048345232e-4,2.4726206980e1,6.1383319236e-1,7.0456094363e-6,2.3283064365e-10,1.1863000229e3,-4.6146161240e-3,5.7452104092e0,4.5478584737e-1,9.3236055532e-2,2.1685240790e-3
34.543878,1.1932794222e3,-2.1174880251e-4,9.6462353797e1,6.5291599449e-1,2.5011104299e-12,2.3283064365e-10,1.1932794162e3,-2.1913337831e-4,2.4865588350e1,6.1412326674e-1,6.5713431923e-6,0.0000000000e0,1.1932693153e3,-4.4935652135e-3,5.7730873547e0,4.5571193303e-1,9.1945533343e-2,2.1090346854e-3
34.644898,1.2002689008e3,-2.1050247127e-4,9.7021512090e1,6.5299483239e-1,7.2759576142e-12,4.6566128731e-10,1.2002688949e3,-2.1779589946e-4,2.5005377924e1,6.1441101034e-1,6.1277601162e-6,2.3283064365e-10,1.2002551880e3,-4.3761597114e-3,5.8010306263e0,4.5663222074e-1,9.0669172660e-2,2.0510065369e-3
34.745918,1.2072787898e3,-2.0926715169e-4,9.7582303203e1,6.5307299774e-1,1.3642420527e-12,-2.3283064365e-10,1.2072787839e3,-2.1647085626e-4,2.5145575704e1,6.1469644746e-1,5.7128524986e-6,-4.6566128731e-10,1.2072681647e3,-4.2604255583e-3,5.8290823166e0,4.5754812468e-1,8.9406880318e-2,1.9944091327e-3
34.846939,1.2143090889e3,-2.0804271394e-4,9.8144727135e1,6.5315049813e-1,2.0463630790e-12,2.3283064365e-10,1.2143090831e3,-2.1515809178e-4,2.5286181688e1,6.1497960213e-1,5.3250498695e-6,6.9849193096e-10,1.2142996307e3,-4.1478721229e-3,5.8572079679e0,4.5845854332e-1,8.8158562831e-2,1.9392129034e-3
34.947959,1.2213597983e3,-2.0682903011e-4,9.8708783886e1,6.5322734104e-1,7.0485839387e-12,4.6566128731e-10,1.2213597926e3,-2.1385745161e-4,2.5427195877e1,6.1526049805e-1,4.9625107295e-6,0.0000000000e0,1.2213505489e3,-4.0382573415e-3,5.8854114324e0,4.5936363823e-1,8.6924126252e-2,1.8853873480e-3
35.048980,1.2284309179e3,-2.0562597417e-4,9.9274473457e1,6.5330353386e-1,1.0004441720e-11,0.0000000000e0,1.2284309123e3,-2.1256878383e-4,2.5568618271e1,6.1553915863e-1,4.6237294100e-6,0.0000000000e0,1.2284218733e3,-3.9313514706e-3,5.9136965252e0,4.6026356534e-1,8.5703476281e-2,1.8329033628e-3
35.150000,1.2355224478e3,-2.0443342196e-4,9.9841795847e1,6.5337908385e-1,5.9117155615e-12,0.0000000000e0,1.2355224423e3,-2.1129193895e-4,2.5710448870e1,6.1581560699e-1,4.3071938762e-6,-2.3283064365e-10,1.2355136045e3,-3.8270962972e-3,5.9420632489e0,4.6115835643e-1,8.4496518225e-2,1.7817332409e-3
35.251020,1.2426343879e3,-2.0325125109e-4,1.0041075106e2,6.5345399818e-1,4.0927261580e-12,2.3283064365e-10,1.2426343825e3,-2.1002676986e-4,2.5852687673e1,6.1608986595e-1,4.0114916828e-6,0.0000000000e0,1.2426257378e3,-3.7254354889e-3,5.9705115847e0,4.6204804248e-1,8.3303157249e-2,1.7318483442e-3
35.352041,1.2497667383e3,-2.0207934100e-4,1.0098133909e2,6.5352828394e-1,2.2737367544e-13,-2.3283064365e-10,1.2497667329e3,-2.0877313179e-4,2.5995334682e1,6.1636195805e-1,3.7353572679e-6,-2.3283064365e-10,1.2497582864e3,-3.6263106872e-3,5.9990415852e0,4.6293265658e-1,8.2123297908e-2,1.6832193360e-3
35.453061,1.2569194989e3,-2.0091757285e-4,1.0155355993e2,6.5360194810e-1,4.3200998334e-12,-2.3283064365e-10,1.2569194936e3,-2.0753088225e-4,2.6138389895e1,6.1663190555e-1,3.4775077893e-6,0.0000000000e0,1.2569106385e3,-3.5297658884e-3,6.0276508033e0,4.6381215504e-1,8.0956844678e-2,1.6358208377e-3
35.554082,1.2640926698e3,-1.9976582954e-4,1.0212741360e2,6.5367499754e-1,1.3642420527e-12,-2.3283064365e-10,1.2640926645e3,-2.0629988101e-4,2.6281853313e1,6.1689973041e-1,3.2368393477e-6,-2.3283064365e-10,1.2640835159e3,-3.4356273856e-3,6.0563421260e0,4.6468665857e-1,7.9803701656e-2,1.5896251425e-3
35.655102,1.2712862509e3,-1.9862399565e-4,1.0270290009e2,6.5374743904e-1,8.1854523160e-12,0.0000000000e0,1.2712862457e3,-2.0507999003e-4,2.6425724936e1,6.1716545436e-1,3.0121320833e-6,2.3283064365e-10,1.2712772844e3,-3.3437851317e-3,6.0851170166e0,4.6555624185e-1,7.8663772819e-2,1.5446066391e-3
35.756122,1.2785002422e3,-1.9749195742e-4,1.0328001940e2,6.5381927930e-1,5.0022208598e-12,0.0000000000e0,1.2785002371e3,-2.0387107344e-4,2.6570004764e1,6.1742909882e-1,2.8024692256e-6,2.3283064365e-10,1.2784936135e3,-3.2539309741e-3,6.1139821527e0,4.6642113355e-1,7.7536961674e-2,1.5007385518e-3
35.857143,1.2857346438e3,-1.9636960275e-4,1.0385877152e2,6.5389052492e-1,4.5474735089e-13,-6.9849193096e-10,1.2857346387e3,-2.0267299746e-4,2.6714692797e1,6.1769068496e-1,2.6069021715e-6,2.3283064365e-10,1.2857271105e3,-3.1668527055e-3,6.1429159645e0,4.6728071952e-1,7.6423171746e-2,1.4579943381e-3
35.958163,1.2929894556e3,-1.9525682110e-4,1.0443915647e2,6.5396118242e-1,0.0000000000e0,0.0000000000e0,1.2929894506e3,-2.0148563043e-4,2.6859789034e1,6.1795023369e-1,2.4244561700e-6,-2.3283064365e-10,1.2929820945e3,-3.0818271090e-3,6.1719357271e0,4.6813554706e-1,7.5322306271e-2,1.4163528103e-3
36.059184,1.3002646777e3,-1.9415350355e-4,1.0502117424e2,6.5403125822e-1,3.8653524825e-12,2.3283064365e-10,1.3002646727e3,-2.0030884269e-4,2.7005293477e1,6.1820776566e-1,2.2543576961e-6,4.6566128731e-10,1.3002551678e3,-2.9993164705e-3,6.2010278509e0,4.6898524797e-1,7.4234268273e-2,1.3757855631e-3
36.160204,1.3075603100e3,-1.9305954270e-4,1.0560482482e2,6.5410075864e-1,3.8653524825e-12,2.3283064365e-10,1.3075603051e3,-1.9914250660e-4,2.7151206124e1,6.1846330125e-1,2.0957213565e-6,0.0000000000e0,1.3075532862e3,-2.9182385845e-3,6.2302201575e0,4.6983066201e-1,7.3158960578e-2,1.3362695463e-3
36.261224,1.3148763526e3,-1.9197483270e-4,1.0619010822e2,6.5416968995e-1,1.5916157281e-12,2.3283064365e-10,1.3148763477e3,-1.9798649646e-4,2.7297526976e1,6.1871686062e-1,1.9478982267e-6,0.0000000000e0,1.3148684893e3,-2.8397240389e-3,6.2594808065e0,4.7067089488e-1,7.2096286075e-2,1.2977817096e-3
36.362245,1.3222128054e3,-1.9089926918e-4,1.0677702445e2,6.5423805832e-1,1.8189894035e-12,0.0000000000e0,1.3222128006e3,-1.9684068851e-4,2.7444256033e1,6.1896846366e-1,1.8100881789e-6,4.6566128731e-10,1.3222074468e3,-2.7627562816e-3,6.2888364757e0,4.7150674298e-1,7.1046147285e-2,1.2602973729e-3
36.463265,1.3295696684e3,-1.8983274925e-4,1.0736557349e2,6.5430586982e-1,6.8212102633e-13,2.3283064365e-10,1.3295696637e3,-1.9570496088e-4,2.7591393294e1,6.1921813001e-1,1.6817252799e-6,0.0000000000e0,1.3295663988e3,-2.6878369596e-3,6.3182721262e0,4.7233780354e-1,7.0008446744e-2,1.2237958144e-3
36.564286,1.3369469417e3,-1.8877517147e-4,1.0795575535e2,6.5437313045e-1,1.3642420527e-12,0.0000000000e0,1.3369469370e3,-1.9457919354e-4,2.7738938761e1,6.1946587910e-1,1.5621417333e-6,4.6566128731e-10,1.3369405531e3,-2.6155797413e-3,6.3477685900e0,4.7316357292e-1,6.8983086885e-2,1.1882523540e-3
36.665306,1.3443446252e3,-1.8772643581e-4,1.0854757004e2,6.5443984615e-1,3.1832314562e-12,0.0000000000e0,1.3443446206e3,-1.9346326828e-4,2.7886892433e1,6.1971173008e-1,1.4507379547e-6,-2.3283064365e-10,1.3443383882e3,-2.5447549645e-3,6.3773597792e0,4.7398503319e-1,6.7969970057e-2,1.1536458042e-3
36.766327,1.3517627190e3,-1.8668644365e-4,1.0914101754e2,6.5450602275e-1,7.2759576142e-12,0.0000000000e0,1.3517627144e3,-1.9235706868e-4,2.8035254309e1,6.1995570192e-1,1.3470034901e-6,4.6566128731e-10,1.3517576690e3,-2.4756385092e-3,6.4070367543e0,4.7480195938e-1,6.6968998553e-2,1.1199556757e-3
36.867347,1.3592012230e3,-1.8565509776e-4,1.0973609786e2,6.5457166601e-1,8.6401996668e-12,-2.3283064365e-10,1.3592012185e3,-1.9126048007e-4,2.8184024390e1,6.2019781330e-1,1.2504781353e-6,0.0000000000e0,1.3591980250e3,-2.4082427190e-3,6.4367980326e0,4.7561433757e-1,6.5980074630e-2,1.0871589184e-3
36.968367,1.3666601373e3,-1.8463230222e-4,1.1033281100e2,6.5463678163e-1,5.2295945352e-12,-2.3283064365e-10,1.3666601328e3,-1.9017338948e-4,2.8333202676e1,6.2043808272e-1,1.1605852706e-6,0.0000000000e0,1.3666543353e3,-2.3431957120e-3,6.4666231324e0,4.7642164276e-1,6.5003100543e-2,1.0552359745e-3
37.069388,1.3741394618e3,-1.8361796249e-4,1.1093115696e2,6.5470137523e-1,6.8212102633e-13,-2.3283064365e-10,1.3741394574e3,-1.8909568566e-4,2.8482789167e1,6.2067652844e-1,1.0769238088e-6,-2.3283064365e-10,1.3741337993e3,-2.2795076301e-3,6.4965408491e0,4.7722468595e-1,6.4037978494e-2,1.0241656564e-3
37.170408,1.3816391965e3,-1.8261198531e-4,1.1153113574e2,6.5476545233e-1,3.6379788071e-12,0.0000000000e0,1.3816391922e3,-1.8802725900e-4,2.8632783863e1,6.2091316850e-1,9.9911608231e-7,4.6566128731e-10,1.3816336703e3,-2.2175008404e-3,6.5265401965e0,4.7802319719e-1,6.3084610750e-2,9.9392770790e-4
37.271429,1.3891593415e3,-1.8161427871e-4,1.1213274734e2,6.5482901841e-1,1.3642420527e-12,6.9849193096e-10,1.3891593372e3,-1.8696800150e-4,2.8783186763e1,6.2114802071e-1,9.2678715191e-7,2.3283064365e-10,1.3891550082e3,-2.1570039083e-3,6.5566254142e0,4.7881731659e-1,6.2142899513e-2,9.6450326964e-4
37.372449,1.3966998967e3,-1.8062475198e-4,1.1273599176e2,6.5489207886e-1,1.8189894035e-12,0.0000000000e0,1.3966998925e3,-1.8591780677e-4,2.8933997869e1,6.2138110268e-1,8.5943111117e-7,-2.3283064365e-10,1.3966946361e3,-2.0983731903e-3,6.5867837950e0,4.7960673850e-1,6.1212747125e-2,9.3587324955e-4
37.473469,1.4042608622e3,-1.7964331566e-4,1.1334086899e2,6.5495463900e-1,9.0949470177e-13,-2.3283064365e-10,1.4042608580e3,-1.8487657001e-4,2.9085217179e1,6.2161243181e-1,7.9683013610e-7,0.0000000000e0,1.4042524624e3,-2.0415699282e-3,6.6170149728e0,4.8039148729e-1,6.0294055927e-2,9.0801715851e-4
37.574490,1.4118422379e3,-1.7866988153e-4,1.1394737905e2,6.5501670410e-1,1.4097167877e-11,-2.3283064365e-10,1.4118422338e3,-1.8384418791e-4,2.9236844694e1,6.2184202528e-1,7.3867840911e-7,2.3283064365e-10,1.4118372309e3,-1.9855054927e-3,6.6473539205e0,4.8117249371e-1,5.9386728376e-2,8.8091893122e-4
37.675510,1.4194440239e3,-1.7770436255e-4,1.1455552193e2,6.5507827933e-1,5.0022208598e-12,0.0000000000e0,1.4194440198e3,-1.8282055873e-4,2.9388880414e1,6.2206990008e-1,6.8458007263e-7,2.3283064365e-10,1.4194391399e3,-1.9313262525e-3,6.6777614336e0,4.8194877192e-1,5.8490666956e-2,8.5455877706e-4
37.776531,1.4270662201e3,-1.7674667286e-4,1.1516529763e2,6.5513936981e-1,1.4324541553e-11,-2.3283064365e-10,1.4270662161e3,-1.8180558216e-4,2.9541324339e1,6.2229607299e-1,6.3434322328e-7,0.0000000000e0,1.4270614566e3,-1.8786020736e-3,6.7082505800e0,4.8272068774e-1,5.7605774284e-2,8.2891876809e-4
37.877551,1.4347088266e3,-1.7579672779e-4,1.1577670614e2,6.5519998060e-1,6.8212102633e-12,-6.9849193096e-10,1.4347088226e3,-1.8079915938e-4,2.9694176469e1,6.2252056057e-1,5.8767568589e-7,-2.3283064365e-10,1.4347041810e3,-1.8272978497e-3,6.7388213598e0,4.8348826887e-1,5.6731953111e-2,8.0398214050e-4
37.978571,1.4423718433e3,-1.7485444380e-4,1.1638974748e2,6.5526011668e-1,2.0463630790e-12,-2.3283064365e-10,1.4423718393e3,-1.7980119300e-4,2.9847436804e1,6.2274337922e-1,5.4432734942e-7,4.6566128731e-10,1.4423673134e3,-1.7773791529e-3,6.7694737740e0,4.8425154288e-1,5.5869106229e-2,7.7973119915e-4
38.079592,1.4500552702e3,-1.7391973847e-4,1.1700442163e2,6.5531978298e-1,1.1596057448e-11,9.3132257462e-10,1.4500552663e3,-1.7881158702e-4,3.0001105343e1,6.2296454513e-1,5.0408038987e-7,-4.6566128731e-10,1.4500508531e3,-1.7288123625e-3,6.8002078199e0,4.8501053710e-1,5.5017136697e-2,7.5614871457e-4
38.180612,1.4577591074e3,-1.7299253051e-4,1.1762072861e2,6.5537898435e-1,2.2737367544e-13,-4.6566128731e-10,1.4577591035e3,-1.7783024685e-4,3.0155182087e1,6.2318407427e-1,4.6667310016e-7,-9.3132257462e-10,1.4577548009e3,-1.6815643906e-3,6.8310235005e0,4.8576527884e-1,5.4175947638e-2,7.3322094977e-4
38.281633,1.4654833548e3,-1.7207273969e-4,1.1823866840e2,6.5543772560e-1,5.4569682106e-12,0.0000000000e0,1.4654833510e3,-1.7685707924e-4,3.0309667037e1,6.2340198248e-1,4.3199065658e-7,0.0000000000e0,1.4654791570e3,-1.6356028877e-3,6.8619208166e0,4.8651579522e-1,5.3345442360e-2,7.1092834696e-4
38.382653,1.4732280125e3,-1.7116028688e-4,1.1885824101e2,6.5549601145e-1,6.3664629124e-12,0.0000000000e0,1.4732280087e3,-1.7589199226e-4,3.0464560191e1,6.2361828535e-1,3.9979136091e-7,-4.6566128731e-10,1.4732239201e3,-1.5908963321e-3,6.8928997633e0,4.8726211303e-1,5.2525524378e-2,6.8925786763e-4
38.483673,1.4809930804e3,-1.7025509400e-4,1.1947944645e2,6.5555384658e-1,1.1368683772e-12,4.6566128731e-10,1.4809930767e3,-1.7493489532e-4,3.0619861550e1,6.2383299833e-1,3.6992719288e-7,0.0000000000e0,1.4809890916e3,-1.5474135889e-3,6.9239603457e0,4.8800425917e-1,5.1716097466e-2,6.6819181666e-4
38.584694,1.4887785586e3,-1.6935708400e-4,1.2010228470e2,6.5561123561e-1,4.0927261580e-12,4.6566128731e-10,1.4887785549e3,-1.7398569911e-4,3.0775571114e1,6.2404613668e-1,3.4226354728e-7,-4.6566128731e-10,1.4887746710e3,-1.5051243510e-3,6.9551025624e0,4.8874226024e-1,5.0917065403e-2,6.4771715552e-4
38.685714,1.4965844470e3,-1.6846618087e-4,1.2072675577e2,6.5566818309e-1,5.9117155615e-12,-4.6566128731e-10,1.4965844433e3,-1.7304431556e-4,3.0931688882e1,6.2425771547e-1,3.1654622035e-7,0.0000000000e0,1.4965814943e3,-1.4639150426e-3,6.9863297563e0,4.8947622096e-1,5.0128332349e-2,6.2781758606e-4
38.786735,1.5044107456e3,-1.6758230958e-4,1.2135285966e2,6.5572469353e-1,2.7284841053e-12,9.3132257462e-10,1.5044107420e3,-1.7211065788e-4,3.1088214856e1,6.2446774960e-1,2.9270790947e-7,-4.6566128731e-10,1.5044114754e3,-1.4235714055e-3,7.0176495832e0,4.9020634353e-1,4.9349802666e-2,6.0848006979e-4
38.887755,1.5122574545e3,-1.6670539610e-4,1.2198059637e2,6.5578077136e-1,1.8189894035e-12,4.6566128731e-10,1.5122574509e3,-1.7118464049e-4,3.1245149034e1,6.2467625379e-1,2.7060400498e-7,0.0000000000e0,1.5122538577e3,-1.3851237174e-3,7.0490190186e0,4.9093165679e-1,4.8581381037e-2,5.8969017118e-4
38.988776,1.5201245736e3,-1.6583536740e-4,1.2260996590e2,6.5583642097e-1,9.0949470177e-13,4.6566128731e-10,1.5201245701e3,-1.7026617900e-4,3.1402491417e1,6.2488324261e-1,2.5015106075e-7,4.6566128731e-10,1.5201210695e3,-1.3473176539e-3,7.0804877732e0,4.9165334061e-1,4.7822972132e-2,5.7143252343e-4
39.089796,1.5280121030e3,-1.6497215136e-4,1.2324096825e2,6.5589164669e-1,6.8212102633e-13,4.6566128731e-10,1.5280120995e3,-1.6935519021e-4,3.1560242006e1,6.2508873043e-1,2.3117968340e-7,0.0000000000e0,1.5280086894e3,-1.3105627481e-3,7.1120381625e0,4.9237101012e-1,4.7074481265e-2,5.5369501933e-4
39.190816,1.5359200426e3,-1.6411567686e-4,1.2387360342e2,6.5594645280e-1,1.1141310097e-11,4.6566128731e-10,1.5359200392e3,-1.6845159208e-4,3.1718400799e1,6.2529273147e-1,2.1359187485e-7,9.3132257462e-10,1.5359167176e3,-1.2748323380e-3,7.1436701867e0,4.9308469101e-1,4.6335813731e-2,5.3646462038e-4
39.291837,1.5438483925e3,-1.6326587367e-4,1.2450787141e2,6.5600084352e-1,1.8189894035e-12,0.0000000000e0,1.5438483891e3,-1.6755530371e-4,3.1876967797e1,6.2549525979e-1,1.9731555767e-7,0.0000000000e0,1.5438451535e3,-1.2401003844e-3,7.1753838440e0,4.9379440877e-1,4.5606875186e-2,5.1972689107e-4
39.392857,1.5517971526e3,-1.6242267248e-4,1.2514377222e2,6.5605482302e-1,6.8212102633e-12,0.0000000000e0,1.5517971492e3,-1.6666624532e-4,3.2035942999e1,6.2569632927e-1,1.8224454834e-7,0.0000000000e0,1.5517939986e3,-1.2063412619e-3,7.2071791399e0,4.9450018891e-1,4.4887571720e-2,5.0347018987e-4
39.493878,1.5597663229e3,-1.6158600489e-4,1.2578130585e2,6.5610839542e-1,5.4569682106e-12,0.0000000000e0,1.5597663196e3,-1.6578433824e-4,3.2195326407e1,6.2589595366e-1,1.6825447346e-7,0.0000000000e0,1.5597632516e3,-1.1735301365e-3,7.2390560695e0,4.9520205654e-1,4.4177809603e-2,4.8768147826e-4
39.594898,1.5677559035e3,-1.6075580338e-4,1.2642047229e2,6.5616156478e-1,6.5938365879e-12,4.6566128731e-10,1.5677559002e3,-1.6490950487e-4,3.2355118020e1,6.2609414651e-1,1.5533169062e-7,9.3132257462e-10,1.5677529127e3,-1.1416426075e-3,7.2710146330e0,4.9590003674e-1,4.3477495398e-2,4.7234864905e-4
39.695918,1.5757658943e3,-1.5993200130e-4,1.2706127156e2,6.5621433512e-1,2.2737367544e-12,0.0000000000e0,1.5757658911e3,-1.6404166870e-4,3.2515317837e1,6.2629092126e-1,1.4336751519e-7,4.6566128731e-10,1.5757648011e3,-1.1104989886e-3,7.3030621073e0,4.9659431149e-1,4.2786536090e-2,4.5746192336e-4
39.796939,1.5837962954e3,-1.5911453287e-4,1.2770370365e2,6.5626671042e-1,1.3642420527e-12,0.0000000000e0,1.5837962922e3,-1.6318075424e-4,3.2675925859e1,6.2648629115e-1,1.3230533114e-7,-4.6566128731e-10,1.5837934609e3,-1.0805432896e-3,7.3351766702e0,4.9728443456e-1,4.2104838926e-2,4.4300779700e-4
39.897959,1.5918471067e3,-1.5830333316e-4,1.2834776855e2,6.5631869458e-1,2.0463630790e-12,0.0000000000e0,1.5918471036e3,-1.6232668706e-4,3.2836942086e1,6.2668026930e-1,1.2208374756e-7,0.0000000000e0,1.5918443475e3,-1.0512854522e-3,7.3673801411e0,4.9797090149e-1,4.1432311695e-2,4.2897602543e-4
39.998980,1.5999183283e3,-1.5749833804e-4,1.2899346627e2,6.5637029147e-1,9.0949470177e-13,0.0000000000e0,1.5999183252e3,-1.6147939370e-4,3.2998366518e1,6.2687286868e-1,1.1262454791e-7,9.3132257462e-10,1.5999156426e3,-1.0228589286e-3,7.3996652481e0,4.9865357980e-1,4.0768862213e-2,4.1535170749e-4
40.100000,1.6080099601e3,-1.5669948423e-4,1.2964079682e2,6.5642150492e-1,2.2737367544e-13,0.0000000000e0,1.6080099571e3,-1.6063880175e-4,3.3160199155e1,6.2706410209e-1,1.0384792404e-7,4.6566128731e-10,1.6080073462e3,-9.9524195092e-4,7.4320319908e0,4.9933249379e-1,4.0114398950e-2,4.0212972090e-4
40.201020,1.6161220021e3,-1.5590670924e-4,1.3028976018e2,6.5647233871e-1,0.0000000000e0,0.0000000000e0,1.6161219992e3,-1.5980483974e-4,3.3322439997e1,6.2725398221e-1,9.5775703812e-8,0.0000000000e0,1.6161194583e3,-9.6841324155e-4,7.4644803695e0,5.0000766762e-1,3.9468830680e-2,3.8929516450e-4
40.302041,1.6242544544e3,-1.5511995140e-4,1.3094035636e2,6.5652279656e-1,0.0000000000e0,0.0000000000e0,1.6242544515e3,-1.5897743718e-4,3.3485089044e1,6.2744252156e-1,8.8277374743e-8,-4.6566128731e-10,1.6242519791e3,-9.4235200697e-4,7.4970103841e0,5.0067912530e-1,3.8832066395e-2,3.7683965638e-4
40.403061,1.6324073169e3,-1.5433914980e-4,1.3159258536e2,6.5657288215e-1,1.2732925825e-11,4.6566128731e-10,1.6324073141e3,-1.5815652453e-4,3.3648146295e1,6.2762973252e-1,8.1372490968e-8,-9.3132257462e-10,1.6324049085e3,-9.1703793724e-4,7.5296220349e0,5.0134689069e-1,3.8204015717e-2,3.6475341767e-4
40.504082,1.6405805896e3,-1.5356424430e-4,1.3224644717e2,6.5662259913e-1,5.2295945352e-12,-4.6566128731e-10,1.6405805869e3,-1.5734203318e-4,3.3811611752e1,6.2781562733e-1,7.5002390076e-8,-4.6566128731e-10,1.6405782465e3,-8.9245119071e-4,7.5623153218e0,5.0201098750e-1,3.7584588591e-2,3.5302620381e-4
40.605102,1.6487742726e3,-1.5279517552e-4,1.3290194181e2,6.5667195109e-1,2.0463630790e-12,0.0000000000e0,1.6487742700e3,-1.5653389543e-4,3.3975485413e1,6.2800021810e-1,6.9145926318e-8,4.6566128731e-10,1.6487719932e3,-8.6857238705e-4,7.5950902450e0,5.0267143929e-1,3.6973695373e-2,3.4164590761e-4
40.706122,1.6569883657e3,-1.5203188485e-4,1.3355906926e2,6.5672094158e-1,1.1368683772e-12,4.6566128731e-10,1.6569883633e3,-1.5573204450e-4,3.4139767279e1,6.2818351679e-1,6.3680545281e-8,0.0000000000e0,1.6569861486e3,-8.4538259751e-4,7.6279468046e0,5.0332826947e-1,3.6371246770e-2,3.3060694113e-4
40.807143,1.6652228691e3,-1.5127431439e-4,1.3421782953e2,6.5676957411e-1,3.8653524825e-12,4.6566128731e-10,1.6652228669e3,-1.5493641448e-4,3.4304457350e1,6.2836553524e-1,5.8604427977e-8,-4.6566128731e-10,1.6652207128e3,-8.2286333763e-4,7.6608850007e0,5.0398150129e-1,3.5777153918e-2,3.1989859417e-4
40.908163,1.6734777827e3,-1.5052240698e-4,1.3487822262e2,6.5681785215e-1,1.0004441720e-11,0.0000000000e0,1.6734777807e3,-1.5414694034e-4,3.4469555626e1,6.2854628515e-1,5.3994426708e-8,-4.6566128731e-10,1.6734756857e3,-8.0099656140e-4,7.6939048333e0,5.0463115788e-1,3.5191328531e-2,3.0951201916e-4
41.009184,1.6817531066e3,-1.4977610616e-4,1.3554024852e2,6.5686577912e-1,3.6379788071e-12,0.0000000000e0,1.6817531047e3,-1.5336355791e-4,3.4635062107e1,6.2872577809e-1,4.9692516768e-8,-4.6566128731e-10,1.6817510674e3,-7.7976464800e-4,7.7270063026e0,5.0527726220e-1,3.4613682629e-2,2.9943697155e-4
41.110204,1.6900488406e3,-1.4903535619e-4,1.3620390724e2,6.5691335841e-1,8.6401996668e-12,0.0000000000e0,1.6900488390e3,-1.5258620387e-4,3.4800976792e1,6.2890402550e-1,4.5727119868e-8,4.6566128731e-10,1.6900468580e3,-7.5915039720e-4,7.7601894086e0,5.0591983706e-1,3.4044128754e-2,2.8966646641e-4
41.211224,1.6983649848e3,-1.4830010201e-4,1.3686919877e2,6.5696059335e-1,1.4551915228e-11,-9.3132257462e-10,1.6983649835e3,-1.5181481573e-4,3.4967299683e1,6.2908103868e-1,4.2060491978e-8,0.0000000000e0,1.6983630574e3,-7.3913701855e-4,7.7934541515e0,5.0655890515e-1,3.3482579812e-2,2.8019212186e-4
41.312245,1.7067015392e3,-1.4757028925e-4,1.3753612312e2,6.5700748726e-1,5.4569682106e-12,-4.6566128731e-10,1.7067015383e3,-1.5104933182e-4,3.5134030778e1,6.2925682884e-1,3.8709458750e-8,-4.6566128731e-10,1.7066996657e3,-7.1970812838e-4,7.8268005312e0,5.0719448898e-1,3.2928949387e-2,2.7100509033e-4
41.413265,1.7150585037e3,-1.4684586421e-4,1.3820468027e2,6.5705404340e-1,2.9558577808e-12,0.0000000000e0,1.7150585033e3,-1.5028969127e-4,3.5301170079e1,6.2943140702e-1,3.5630591810e-8,-9.3132257462e-10,1.7150566829e3,-7.0084773235e-4,7.8602285480e0,5.0782661094e-1,3.2383151165e-2,2.6209838688e-4
41.514286,1.7234358784e3,-1.4612677385e-4,1.3887487024e2,6.5710026500e-1,5.6843418861e-12,0.0000000000e0,1.7234358786e3,-1.4953583400e-4,3.5468717584e1,6.2960478418e-1,3.2752723200e-8,4.6566128731e-10,1.7234341091e3,-6.8254022839e-4,7.8937382018e0,5.0845529327e-1,3.1845099592e-2,2.5346362963e-4
41.615306,1.7318336632e3,-1.4541296580e-4,1.3954669301e2,6.5714615525e-1,8.8675733423e-12,0.0000000000e0,1.7318336641e3,-1.4878770073e-4,3.5636673294e1,6.2977697112e-1,3.0111323213e-8,9.3132257462e-10,1.7318319443e3,-6.6477039385e-4,7.9273294928e0,5.0908055805e-1,3.1314709575e-2,2.4509243667e-4
41.716327,1.7402518580e3,-1.4470438831e-4,1.4022014859e2,6.5719171729e-1,8.4128259914e-12,0.0000000000e0,1.7402518599e3,-1.4804523292e-4,3.5805037209e1,6.2994797855e-1,2.7674559533e-8,-4.6566128731e-10,1.7402501884e3,-6.4752337586e-4,7.9610024210e0,5.0970242723e-1,3.0791896351e-2,2.3697875440e-4
41.817347,1.7486904630e3,-1.4400099027e-4,1.4089523697e2,6.5723695425e-1,4.0927261580e-12,0.0000000000e0,1.7486904659e3,-1.4730837281e-4,3.5973809329e1,6.3011781705e-1,2.5440840545e-8,4.6566128731e-10,1.7486888416e3,-6.3078468937e-4,7.9947569866e0,5.1032092263e-1,3.0276575848e-2,2.2911513224e-4
41.918367,1.7571494779e3,-1.4330272120e-4,1.4157195815e2,6.5728186920e-1,4.5474735089e-13,4.6566128731e-10,1.7571494821e3,-1.4657706338e-4,3.6142989653e1,6.3028649708e-1,2.3390157367e-8,-4.6566128731e-10,1.7571479038e3,-6.1454020305e-4,8.0285931895e0,5.1093606589e-1,2.9768664260e-2,2.2149458528e-4
42.019388,1.7656289028e3,-1.4260953123e-4,1.4225031212e2,6.5732646519e-1,2.5011104299e-12,0.0000000000e0,1.7656289086e3,-1.4585124833e-4,3.6312578183e1,6.3045402900e-1,2.1496816771e-8,4.6566128731e-10,1.7656273751e3,-5.9877613979e-4,8.0625110299e0,5.1154787855e-1,2.9268078562e-2,2.1410873160e-4
42.120408,1.7741287376e3,-1.4192137112e-4,1.4293029888e2,6.5737074523e-1,1.0913936421e-11,4.6566128731e-10,1.7741287453e3,-1.4513087210e-4,3.6482574917e1,6.3062042303e-1,1.9727849576e-8,-1.3969838619e-9,1.7741272555e3,-5.8347906284e-4,8.0965105079e0,5.1215638198e-1,2.8774736077e-2,2.0695338026e-4
42.221429,1.7826489822e3,-1.4123819218e-4,1.4361191842e2,6.5741471230e-1,4.7748471843e-12,4.6566128731e-10,1.7826489923e3,-1.4441587982e-4,3.6652979857e1,6.3078568931e-1,1.8135779101e-8,-4.6566128731e-10,1.7826475450e3,-5.6863586897e-4,8.1305916235e0,5.1276159742e-1,2.8288554490e-2,2.0002014935e-4
42.322449,1.7911896365e3,-1.4055994634e-4,1.4429517073e2,6.5745836933e-1,3.8653524825e-12,0.0000000000e0,1.7911896495e3,-1.4370621732e-4,3.6823793001e1,6.3094983786e-1,1.6638296074e-8,0.0000000000e0,1.7911882437e3,-5.5423378760e-4,8.1647543767e0,5.1336354598e-1,2.7809452272e-2,1.9330391660e-4
42.423469,1.7997507005e3,-1.3988658613e-4,1.4498005581e2,6.5750171925e-1,1.1368683772e-11,0.0000000000e0,1.7997507170e3,-1.4300183115e-4,3.6995014350e1,6.3111287856e-1,1.5271325537e-8,-9.3132257462e-10,1.7997493515e3,-5.4026036878e-4,8.1989987678e0,5.1396224860e-1,2.7337348346e-2,1.8679723144e-4
42.524490,1.8083321740e3,-1.3921806460e-4,1.4566657364e2,6.5754476492e-1,2.5011104299e-12,-4.6566128731e-10,1.8083321947e3,-1.4230266849e-4,3.7166643904e1,6.3127482123e-1,1.4012357497e-8,-4.6566128731e-10,1.8083308685e3,-5.2670347649e-4,8.2333247966e0,5.1455772612e-1,2.6872162080e-2,1.8049636856e-4
42.625510,1.8169340568e3,-1.3855433541e-4,1.4635472420e2,6.5758750921e-1,5.0022208598e-12,4.6566128731e-10,1.8169340826e3,-1.4160867723e-4,3.7338681663e1,6.3143567555e-1,1.2870941646e-8,-4.6566128731e-10,1.8169327948e3,-5.1355128360e-4,8.2677324634e0,5.1514999921e-1,2.6413813416e-2,1.7439154908e-4
42.726531,1.8255563488e3,-1.3789535275e-4,1.4704450749e2,6.5762995492e-1,6.3664629124e-12,0.0000000000e0,1.8255563808e3,-1.4091980589e-4,3.7511127627e1,6.3159545110e-1,1.1787051335e-8,0.0000000000e0,1.8255551303e3,-5.0079226469e-4,8.3022217682e0,5.1573908842e-1,2.5962222830e-2,1.6848044470e-4
42.827551,1.8341990498e3,-1.3724107138e-4,1.4773592347e2,6.5767210485e-1,1.3642420527e-12,-4.6566128731e-10,1.8341990893e3,-1.4023600364e-4,3.7683981796e1,6.3175415738e-1,1.0849362297e-8,4.6566128731e-10,1.8341978751e3,-4.8841518897e-4,8.3367927110e0,5.1632501416e-1,2.5517311294e-2,1.6275700182e-4
42.928571,1.8428621594e3,-1.3659144658e-4,1.4842897214e2,6.5771396177e-1,1.4779288904e-11,-4.6566128731e-10,1.8428622079e3,-1.3955722030e-4,3.7857244169e1,6.3191180376e-1,9.9282715382e-9,0.0000000000e0,1.8428610292e3,-4.7640911565e-4,8.3714452919e0,5.1690779671e-1,2.5079000415e-2,1.5721423551e-4
43.029592,1.8515456775e3,-1.3594643416e-4,1.4912365345e2,6.5775552839e-1,9.0949470177e-13,0.0000000000e0,1.8515457369e3,-1.3888340631e-4,3.8030914748e1,6.3206839952e-1,9.1235961008e-9,4.6566128731e-10,1.8515445925e3,-4.6476338566e-4,8.4061795110e0,5.1748745620e-1,2.4647212283e-2,1.5184795484e-4
43.130612,1.8602496035e3,-1.3530599049e-4,1.4981996739e2,6.5779680745e-1,3.1832314562e-12,4.6566128731e-10,1.8602496760e3,-1.3821451271e-4,3.8204993531e1,6.3222395385e-1,8.3612121671e-9,4.6566128731e-10,1.8602485652e3,-4.5346761578e-4,8.4409953683e0,5.1806401263e-1,2.4221869481e-2,1.4665303752e-4
43.231633,1.8689739372e3,-1.3467007241e-4,1.5051791390e2,6.5783780161e-1,1.3642420527e-12,-4.6566128731e-10,1.8689740255e3,-1.3755049119e-4,3.8379480519e1,6.3237847581e-1,7.6388460002e-9,0.0000000000e0,1.8689729473e3,-4.4251169490e-4,8.4758928639e0,5.1863748588e-1,2.3802895329e-2,1.4162436128e-4
43.332653,1.8777186779e3,-1.3403863731e-4,1.5121749294e2,6.5787851354e-1,2.7284841053e-12,0.0000000000e0,1.8777187851e3,-1.3689129400e-4,3.8554375712e1,6.3253197439e-1,7.0037913247e-9,4.6566128731e-10,1.8777177387e3,-4.3188577364e-4,8.5108719979e0,5.1920789568e-1,2.3390213472e-2,1.3675633818e-4
43.433673,1.8864838251e3,-1.3341164307e-4,1.5191870446e2,6.5791894588e-1,3.8653524825e-12,9.3132257462e-10,1.8864839550e3,-1.3623687400e-4,3.8729679110e1,6.3268445849e-1,6.4417235990e-9,0.0000000000e0,1.8864829395e3,-4.2158026206e-4,8.5459327703e0,5.1977526163e-1,2.2983748205e-2,1.3204570860e-4
43.534694,1.8952693781e3,-1.3278904806e-4,1.5262154839e2,6.5795910125e-1,2.2737367544e-13,-4.6566128731e-10,1.8952695352e3,-1.3558718462e-4,3.8905390713e1,6.3283593689e-1,5.8553268900e-9,9.3132257462e-10,1.8952685498e3,-4.1158582365e-4,8.5810751812e0,5.2033960321e-1,2.2583424461e-2,1.2748595327e-4
43.635714,1.9040753360e3,-1.3217081116e-4,1.5332602466e2,6.5799898225e-1,1.4779288904e-11,9.3132257462e-10,1.9040755256e3,-1.3494217987e-4,3.9081510521e1,6.3298641830e-1,5.3973963077e-9,-4.6566128731e-10,1.9040745694e3,-4.0189336771e-4,8.6162992306e0,5.2090093976e-1,2.2189167645e-2,1.2307520956e-4
43.736735,1.9129016978e3,-1.3155689172e-4,1.5403213317e2,6.5803859146e-1,7.5033312896e-12,0.0000000000e0,1.9129019262e3,-1.3430181433e-4,3.9258038533e1,6.3313591132e-1,4.9228674470e-9,0.0000000000e0,1.9129009986e3,-3.9249404484e-4,8.6516049186e0,5.2145929048e-1,2.1800903733e-2,1.1880649254e-4
43.837755,1.9217484624e3,-1.3094724957e-4,1.5473987383e2,6.5807793145e-1,3.4106051316e-12,9.3132257462e-10,1.9217487371e3,-1.3366604313e-4,3.9434974751e1,6.3328442446e-1,4.4926764531e-9,9.3132257462e-10,1.9217478371e3,-3.8337924191e-4,8.6869922453e0,5.2201467447e-1,2.1418559308e-2,1.1467514560e-4
43.938776,1.9306156283e3,-1.3034184502e-4,1.5544924651e2,6.5811700478e-1,1.2505552149e-11,4.6566128731e-10,1.9306159582e3,-1.3303482194e-4,3.9612319173e1,6.3343196616e-1,4.1341081669e-9,9.3132257462e-10,1.9306150852e3,-3.7454057530e-4,8.7224612107e0,5.2256711066e-1,2.1042061450e-2,1.1068023741e-4
44.039796,1.9395031941e3,-1.2974063883e-4,1.5616025106e2,6.5815581400e-1,1.0913936421e-11,0.0000000000e0,1.9395035896e3,-1.3240810697e-4,3.9790071801e1,6.3357854474e-1,3.7653080653e-9,9.3132257462e-10,1.9395027428e3,-3.6596988841e-4,8.7580118148e0,5.2311661789e-1,2.0671338001e-2,1.0681431741e-4
44.140816,1.9484111578e3,-1.2914359225e-4,1.5687288732e2,6.5819436163e-1,3.1832314562e-12,0.0000000000e0,1.9484116312e3,-1.3178585498e-4,3.9968232633e1,6.3372416846e-1,3.4362983570e-9,-4.6566128731e-10,1.9484108099e3,-3.5765923990e-4,8.7936440578e0,5.2366321484e-1,2.0306316932e-2,1.0307691991e-4
44.241837,1.9573395172e3,-1.2855066695e-4,1.5758715509e2,6.5823265022e-1,3.1832314562e-12,0.0000000000e0,1.9573400830e3,-1.3116802324e-4,4.0146801670e1,6.3386884549e-1,3.1707259041e-9,0.0000000000e0,1.9573392866e3,-3.4960090895e-4,8.8293579396e0,5.2420692009e-1,1.9946927354e-2,9.9458731711e-5
44.342857,1.9662882697e3,-1.2796182509e-4,1.5830305414e2,6.5827068231e-1,5.2295945352e-12,0.0000000000e0,1.9662889452e3,-1.3055456953e-4,4.0325778912e1,6.3401258388e-1,2.8869635571e-9,-4.6566128731e-10,1.9662881728e3,-3.4178738065e-4,8.8651534604e0,5.2474775208e-1,1.9593098591e-2,9.5963943750e-5
44.443878,1.9752574125e3,-1.2737702924e-4,1.5902058421e2,6.5830846041e-1,3.8653524825e-12,0.0000000000e0,1.9752582175e3,-1.2994545214e-4,4.0505164359e1,6.3415539164e-1,2.6379893825e-9,-4.6566128731e-10,1.9752574685e3,-3.3421134505e-4,8.9010306201e0,5.2528572913e-1,1.9244760565e-2,9.2580914497e-5
44.544898,1.9842469419e3,-1.2679624243e-4,1.5973974499e2,6.5834598708e-1,6.5938365879e-12,-4.6566128731e-10,1.9842479001e3,-1.2934062989e-4,4.0684958011e1,6.3429727668e-1,2.3997017706e-9,-9.3132257462e-10,1.9842471739e3,-3.2686569395e-4,8.9369894189e0,5.2582086943e-1,1.8901843964e-2,8.9312437922e-5
44.645918,1.9932568541e3,-1.2621942812e-4,1.6046053611e2,6.5838326487e-1,1.4324541553e-11,-4.6566128731e-10,1.9932579929e3,-1.2874006204e-4,4.0865159867e1,6.3443824682e-1,2.1941559680e-9,0.0000000000e0,1.9932572889e3,-3.1974351166e-4,8.9730298567e0,5.2635319105e-1,1.8564279792e-2,8.6151994765e-5
44.746939,2.0022871442e3,-1.2564655021e-4,1.6118295716e2,6.5842029635e-1,1.5006662579e-11,0.0000000000e0,2.0022884960e3,-1.2814370839e-4,4.1045769929e1,6.3457830979e-1,2.0227162167e-9,-9.3132257462e-10,2.0022878135e3,-3.1283807592e-4,9.0091519336e0,5.2688271192e-1,1.8231999944e-2,8.3093997091e-5
44.847959,2.0113378070e3,-1.2507757302e-4,1.6190700766e2,6.5845708410e-1,7.9580786405e-12,4.6566128731e-10,2.0113394093e3,-1.2755152919e-4,4.1226788195e1,6.3471747328e-1,1.7985257728e-9,-9.3132257462e-10,2.0113387477e3,-3.0614284794e-4,9.0453556497e0,5.2740944989e-1,1.7904936643e-2,8.0140307546e-5
44.948980,2.0204088361e3,-1.2451246129e-4,1.6263268705e2,6.5849363073e-1,5.2295945352e-12,-4.6566128731e-10,2.0204107329e3,-1.2696348517e-4,4.1408214667e1,6.3485574485e-1,1.6743797460e-9,4.6566128731e-10,2.0204100916e3,-2.9965147038e-4,9.0816410049e0,5.2793342263e-1,1.7583022698e-2,7.7283941209e-5
45.050000,2.0295002243e3,-1.2395118021e-4,1.6335999469e2,6.5852993890e-1,4.3200998334e-12,4.6566128731e-10,2.0295024667e3,-1.2637953751e-4,4.1590049343e1,6.3499313201e-1,1.5156729205e-9,-4.6566128731e-10,2.0295018452e3,-2.9335776378e-4,9.1180079995e0,5.2845464775e-1,1.7266191600e-2,7.4523966759e-5
45.151020,2.0386119633e3,-1.2339369536e-4,1.6408892984e2,6.5856601130e-1,6.5938365879e-12,-4.6566128731e-10,2.0386146108e3,-1.2579964788e-4,4.1772292224e1,6.3512964220e-1,1.3953922462e-9,-4.6566128731e-10,2.0386140084e3,-2.8725572214e-4,9.1544566333e0,5.2897314268e-1,1.6954377519e-2,7.1857124567e-5
45.252041,2.0477440435e3,-1.2283997274e-4,1.6481949164e2,6.5860185064e-1,1.0459189070e-11,0.0000000000e0,2.0477471651e3,-1.2522377839e-4,4.1954943310e1,6.3526528276e-1,1.2835243979e-9,-4.6566128731e-10,2.0477465814e3,-2.8133950563e-4,9.1909869065e0,5.2948892478e-1,1.6647514952e-2,6.9281086326e-5
45.353061,2.0568964539e3,-1.2228997879e-4,1.6555167913e2,6.5863745972e-1,8.1854523160e-12,0.0000000000e0,2.0569001296e3,-1.2465189157e-4,4.2138002601e1,6.3540006096e-1,1.1641532183e-9,0.0000000000e0,2.0568995640e3,-2.7560343979e-4,9.2275988190e0,5.3000201127e-1,1.6345539101e-2,6.6789798439e-5
45.454082,2.0660691817e3,-1.2174368032e-4,1.6628549118e2,6.5867284140e-1,1.1368683772e-11,-9.3132257462e-10,2.0660735044e3,-1.2408395043e-4,4.2321470097e1,6.3553398401e-1,1.1023075785e-9,0.0000000000e0,2.0660729564e3,-2.7004201147e-4,9.2642923710e0,5.3051241924e-1,1.6048385892e-2,6.4385123551e-5
45.555102,2.0752622126e3,-1.2120104460e-4,1.6702092651e2,6.5870799858e-1,1.1823431123e-11,1.8626451492e-9,2.0752672895e3,-1.2351991840e-4,4.2505345797e1,6.3566705903e-1,9.9453245639e-10,1.8626451492e-9,2.0752667585e3,-2.6464985999e-4,9.3010675624e0,5.3102016568e-1,1.5755991372e-2,6.2059611082e-5
45.656122,2.0844755298e3,-1.2066203928e-4,1.6775798365e2,6.5874293429e-1,1.4551915228e-11,-9.3132257462e-10,2.0844814847e3,-1.2295975931e-4,4.2689629703e1,6.3579929308e-1,9.1813490144e-10,9.3132257462e-10,2.0844809704e3,-2.5942178356e-4,9.3379243933e0,5.3152526746e-1,1.5468292998e-2,5.9813261032e-5
45.757143,2.0937091144e3,-1.2012663243e-4,1.6849666092e2,6.5877765161e-1,2.1827872843e-11,9.3132257462e-10,2.0937160903e3,-1.2240343745e-4,4.2874321813e1,6.3593069313e-1,8.1990947365e-10,1.8626451492e-9,2.0937155920e3,-2.5435272138e-4,9.3748628637e0,5.3202774133e-1,1.5185227860e-2,5.7644210756e-5
45.858163,2.1029629447e3,-1.1959479254e-4,1.6923695642e2,6.5881215375e-1,3.3196556615e-11,9.3132257462e-10,2.1029711060e3,-1.2185091751e-4,4.3059422129e1,6.3606126609e-1,7.5260686572e-10,-1.8626451492e-9,2.1029706234e3,-2.4943776187e-4,9.4118829737e0,5.3252760392e-1,1.4906734203e-2,5.5549666286e-5
45.959184,2.1122369960e3,-1.1906648851e-4,1.6997886797e2,6.5884644404e-1,1.7735146685e-11,-1.8626451492e-9,2.1122465321e3,-1.2130216459e-4,4.3244930649e1,6.3619101880e-1,6.4619598561e-10,0.0000000000e0,2.1122460646e3,-2.4467213390e-4,9.4489847234e0,5.3302487176e-1,1.4632750781e-2,5.3527764976e-5
46.060204,2.1215312404e3,-1.1854168966e-4,1.7072239310e2,6.5888052593e-1,3.1832314562e-11,0.0000000000e0,2.1215423683e3,-1.2075714418e-4,4.3430847374e1,6.3631995804e-1,6.2391336542e-10,0.0000000000e0,2.1215419156e3,-2.4005120318e-4,9.4861681126e0,5.3351956126e-1,1.4363216846e-2,5.1572918892e-5
46.161224,2.1308456458e3,-1.1802036571e-4,1.7146752901e2,6.5891440301e-1,3.5925040720e-11,0.0000000000e0,2.1308586148e3,-1.2021582219e-4,4.3617172304e1,6.3644809050e-1,5.2750692703e-10,0.0000000000e0,2.1308581764e3,-2.3557046822e-4,9.5234331416e0,5.3401168871e-1,1.4098072066e-2,4.9686990678e-5
46.262245,2.1401801761e3,-1.1750248682e-4,1.7221427253e2,6.5894807906e-1,4.2291503632e-11,-1.8626451492e-9,2.1401952716e3,-1.1967816491e-4,4.3803905439e1,6.3657542282e-1,4.7566572903e-10,0.0000000000e0,2.1401948470e3,-2.3122556099e-4,9.5607798102e0,5.3450127029e-1,1.3837257107e-2,4.7866255045e-5
46.363265,2.1495347904e3,-1.1698802359e-4,1.7296262005e2,6.5898155801e-1,5.6388671510e-11,0.0000000000e0,2.1495523386e3,-1.1914413902e-4,4.3991046779e1,6.3670196156e-1,4.5292836148e-10,0.0000000000e0,2.1495519275e3,-2.2701223723e-4,9.5982081187e0,5.3498832208e-1,1.3580712734e-2,4.6106986701e-5
46.464286,2.1589094424e3,-1.1647694702e-4,1.7371256753e2,6.5901484399e-1,5.9571902966e-11,0.0000000000e0,2.1589298158e3,-1.1861371158e-4,4.4178596324e1,6.3682771321e-1,3.8471625885e-10,0.0000000000e0,2.1589294178e3,-2.2292637968e-4,9.6357180668e0,5.3547286002e-1,1.3328380749e-2,4.4410116971e-5
46.565306,2.1683040798e3,-1.1596922857e-4,1.7446411038e2,6.5904794135e-1,5.1841198001e-11,0.0000000000e0,2.1683277033e3,-1.1808685003e-4,4.4366554073e1,6.3695268423e-1,4.1472958401e-10,1.8626451492e-9,2.1683273180e3,-2.1896398930e-4,9.6733096548e0,5.3595489998e-1,1.3080203178e-2,4.2770989239e-5
46.666327,2.1777186436e3,-1.1546484014e-4,1.7521724345e2,6.5908085468e-1,8.2309270510e-11,9.3132257462e-10,2.1777460010e3,-1.1756352218e-4,4.4554920028e1,6.3707688096e-1,3.7789504859e-10,0.0000000000e0,2.1777456280e3,-2.1512118488e-4,9.7109828827e0,5.3643445768e-1,1.2836122679e-2,4.1190534830e-5
46.767347,2.1871530676e3,-1.1496375408e-4,1.7597196094e2,6.5911358878e-1,8.9585228125e-11,0.0000000000e0,2.1871847090e3,-1.1704369621e-4,4.4743694187e1,6.3720030972e-1,3.3060132409e-10,-9.3132257462e-10,2.1871843479e3,-2.1139420116e-4,9.7487377504e0,5.3691154877e-1,1.2596082725e-2,3.9662234485e-5
46.868367,2.1966072773e3,-1.1446594320e-4,1.7672825635e2,6.5914614878e-1,9.4132701633e-11,-9.3132257462e-10,2.1966438272e3,-1.1652734064e-4,4.4932876551e1,6.3732297675e-1,2.7011992643e-10,9.3132257462e-10,2.1966434777e3,-2.0777938162e-4,9.7865742580e0,5.3738618876e-1,1.2360026958e-2,3.8191676140e-5
46.969388,2.2060811890e3,-1.1397138079e-4,1.7748612239e2,6.5917854006e-1,1.2096279534e-10,9.3132257462e-10,2.2061233557e3,-1.1601442437e-4,4.5122467120e1,6.3744488823e-1,2.7330315788e-10,-9.3132257462e-10,2.2061230174e3,-2.0427318024e-4,9.8244924056e0,5.3785839306e-1,1.2127899919e-2,3.6771409214e-5
47.070408,2.2155747092e3,-1.1348004063e-4,1.7824555089e2,6.5921076832e-1,1.2050804798e-10,0.0000000000e0,2.2156232944e3,-1.1550491666e-4,4.5312465895e1,6.3756605028e-1,2.6602720027e-10,0.0000000000e0,2.2156229670e3,-2.0087215568e-4,9.8624921931e0,5.3832817698e-1,1.1899646588e-2,3.5399571061e-5
47.171429,2.2250877331e3,-1.1299189697e-4,1.7900653274e2,6.5924283963e-1,1.3233147911e-10,1.8626451492e-9,2.2251436433e3,-1.1499878707e-4,4.5502872874e1,6.3768646894e-1,2.0463630790e-10,0.0000000000e0,2.2251433265e3,-1.9757296884e-4,9.9005736206e0,5.3879555574e-1,1.1675212437e-2,3.4077093005e-5
47.272449,2.2346201439e3,-1.1250692460e-4,1.7976905777e2,6.5927476037e-1,1.6007106751e-10,2.7939677238e-9,2.2346844025e3,-1.1449600555e-4,4.5693688057e1,6.3780615023e-1,1.7234924599e-10,0.0000000000e0,2.2346840959e3,-1.9437238174e-4,9.9387366881e0,5.3926054441e-1,1.1454543699e-2,3.2799318433e-5
47.373469,2.2441718112e3,-1.1202509880e-4,1.8053311465e2,6.5930653735e-1,1.9690560293e-10,-1.8626451492e-9,2.2442455720e3,-1.1399654236e-4,4.5884911446e1,6.3792510008e-1,1.5052137314e-10,-9.3132257462e-10,2.2442452753e3,-1.9126725270e-4,9.9769813957e0,5.3972315799e-1,1.1237587022e-2,3.1569041312e-5
47.474490,2.2537425901e3,-1.1154639542e-4,1.8129869079e2,6.5933817776e-1,2.2737367544e-10,0.0000000000e0,2.2538271517e3,-1.1350036811e-4,4.6076543040e1,6.3804332435e-1,1.5961632016e-10,0.0000000000e0,2.2538268646e3,-1.8825453468e-4,1.0015307743e1,5.4018341138e-1,1.1024289612e-2,3.0381605029e-5
47.575510,2.2633323193e3,-1.1107079086e-4,1.8206577220e2,6.5936968922e-1,2.4874680093e-10,9.3132257462e-10,2.2634291416e3,-1.1300745373e-4,4.6268582838e1,6.3816082888e-1,1.5916157281e-10,9.3132257462e-10,2.2634288639e3,-1.8533127283e-4,1.0053715731e1,5.4064131934e-1,1.0814599264e-2,2.9237009585e-5
47.676531,2.2729408201e3,-1.1059826208e-4,1.8283434340e2,6.5940107982e-1,2.8694557841e-10,-9.3132257462e-10,2.2730515418e3,-1.1251777046e-4,4.6461030842e1,6.3827761943e-1,1.1732481653e-10,-9.3132257462e-10,2.2730512731e3,-1.8249460144e-4,1.0092205359e1,5.4109689657e-1,1.0608464258e-2,2.8135254979e-5
47.777551,2.2825678946e3,-1.1012878664e-4,1.8360438724e2,6.5943235810e-1,3.1468516681e-10,0.0000000000e0,2.2826943522e3,-1.1203128987e-4,4.6653887050e1,6.3839370169e-1,9.7770680441e-11,-9.3132257462e-10,2.2826940923e3,-1.7974174355e-4,1.0130776627e1,5.4155015765e-1,1.0405833752e-2,2.7068890631e-5
47.878571,2.2922133239e3,-1.0966234273e-4,1.8437588478e2,6.5946353312e-1,3.6470737541e-10,-2.7939677238e-9,2.2923575728e3,-1.1154798386e-4,4.6847151464e1,6.3850908133e-1,1.0413714335e-10,0.0000000000e0,2.2923573214e3,-1.7707000387e-4,1.0169429535e1,5.4200111704e-1,1.0206656882e-2,2.6043504477e-5
47.979592,2.3018768664e3,-1.0919890915e-4,1.8514881514e2,6.5949461445e-1,4.1472958401e-10,-1.8626451492e-9,2.3020412038e3,-1.1106782462e-4,4.7040824082e1,6.3862376393e-1,1.0004441720e-10,0.0000000000e0,2.3020409606e3,-1.7447677184e-4,1.0208164083e1,5.4244978914e-1,1.0010883792e-2,2.5053508580e-5
48.080612,2.3115582561e3,-1.0873846539e-4,1.8592315533e2,6.5952561220e-1,4.8112269724e-10,-1.8626451492e-9,2.3117452449e3,-1.1059078465e-4,4.7234904905e1,6.3873775503e-1,7.6852302300e-11,9.3132257462e-10,2.3117450097e3,-1.7195951603e-4,1.0246980272e1,5.4289618820e-1,9.8184649978e-3,2.4098902941e-5
48.181633,2.3212572000e3,-1.0828099158e-4,1.8669888009e2,6.5955653702e-1,5.2568793762e-10,0.0000000000e0,2.3214696963e3,-1.1011683677e-4,4.7429393933e1,6.3885106012e-1,9.9134922493e-11,0.0000000000e0,2.3214694688e3,-1.6951578330e-4,1.0285878101e1,5.4334032843e-1,9.6293516608e-3,2.3181550205e-5
48.282653,2.3309733767e3,-1.0782646860e-4,1.8747596171e2,6.5958740014e-1,5.9890226112e-10,9.3132257462e-10,2.3312145580e3,-1.0964595407e-4,4.7624291165e1,6.3896368462e-1,4.1382008931e-11,9.3132257462e-10,2.3312143379e3,-1.6714319526e-4,1.0324857570e1,5.4378222388e-1,9.4434952930e-3,2.2293068469e-5
48.383673,2.3407064337e3,-1.0737487804e-4,1.8825436981e2,6.5961821339e-1,7.0076566772e-10,-9.3132257462e-10,2.3409798298e3,-1.0917810995e-4,4.7819596603e1,6.3907563392e-1,7.8671291703e-11,9.3132257462e-10,2.3409796171e3,-1.6483944742e-4,1.0363918679e1,5.4422188855e-1,9.2608480254e-3,2.1439976990e-5
48.484694,2.3504559854e3,-1.0692620224e-4,1.8903407122e2,6.5964898917e-1,7.7261574916e-10,-9.3132257462e-10,2.3507655120e3,-1.0871327810e-4,4.8015310246e1,6.3918691335e-1,7.0031092037e-11,-9.3132257462e-10,2.3507653062e3,-1.6260230785e-4,1.0403061429e1,5.4465933632e-1,9.0813627712e-3,2.0618550479e-5
48.585714,2.3602216106e3,-1.0648042433e-4,1.8981502972e2,6.5967974049e-1,8.7447915575e-10,-9.3132257462e-10,2.3605716044e3,-1.0825143250e-4,4.8211432093e1,6.3929752816e-1,6.8212102633e-11,0.0000000000e0,2.3605714054e3,-1.6042961227e-4,1.0442285819e1,5.4509458097e-1,8.9049925873e-3,1.9827857614e-5
48.686735,2.3700028499e3,-1.0603752826e-4,1.9059720584e2,6.5971048096e-1,9.8771124613e-10,-9.3132257462e-10,2.3703981070e3,-1.0779254741e-4,4.8407962146e1,6.3940748360e-1,5.6388671510e-11,0.0000000000e0,2.3703979146e3,-1.5831926470e-4,1.0481591849e1,5.4552763620e-1,8.7316912482e-3,1.9062310457e-5
48.787755,2.3797992033e3,-1.0559749880e-4,1.9138055668e2,6.5974122482e-1,1.0950316209e-9,0.0000000000e0,2.3802450199e3,-1.0733659736e-4,4.8604900403e1,6.3951678482e-1,4.8203219194e-11,0.0000000000e0,2.3802448338e3,-1.5626923496e-4,1.0520979520e1,5.4595851561e-1,8.5614131158e-3,1.8324702978e-5
48.888776,2.3896101278e3,-1.0516032158e-4,1.9216503567e2,6.5977198686e-1,1.2369127944e-9,2.7939677238e-9,2.3901123430e3,-1.0688355717e-4,4.8802246865e1,6.3962543696e-1,3.9108272176e-11,-9.3132257462e-10,2.3901121631e3,-1.5427755526e-4,1.0560448831e1,5.4638723269e-1,8.3941127873e-3,1.7615966499e-5
48.989796,2.3994350344e3,-1.0472598315e-4,1.9295059235e2,6.5980278252e-1,1.3642420527e-9,0.0000000000e0,2.4000000763e3,-1.0643340193e-4,4.9000001533e1,6.3973344507e-1,3.7744030124e-11,-9.3132257462e-10,2.3999999025e3,-1.5234232180e-4,1.0599999782e1,5.4681380085e-1,8.2297458803e-3,1.6932375729e-5
49.090816,2.4092732855e3,-1.0429447093e-4,1.9373717215e2,6.5983362778e-1,1.5302248357e-9,-9.3132257462e-10,2.4099082199e3,-1.0598610698e-4,4.9198164405e1,6.3984081420e-1,5.1386450650e-11,0.0000000000e0,2.4099080519e3,-1.5046168899e-4,1.0639632374e1,5.4723823341e-1,8.0682681082e-3,1.6274861991e-5
49.191837,2.4191241924e3,-1.0386577329e-4,1.9452471618e2,6.5986453918e-1,1.7039383238e-9,1.8626451492e-9,2.4198367738e3,-1.0554164795e-4,4.9396735481e1,6.3994754931e-1,4.4110493036e-11,-9.3132257462e-10,2.4198366113e3,-1.4863387022e-4,1.0679346606e1,5.4766054359e-1,7.9096358540e-3,1.5640631318e-5
49.292857,2.4289870126e3,-1.0343987958e-4,1.9531316097e2,6.5989553379e-1,1.9053914002e-9,9.3132257462e-10,2.4297857379e3,-1.0510000072e-4,4.9595714763e1,6.4005365533e-1,2.2737367544e-11,-1.8626451492e-9,2.4297855808e3,-1.4685713532e-4,1.0719142479e1,5.4808074452e-1,7.7538059659e-3,1.5031546354e-5
49.393878,2.4388609467e3,-1.0301678011e-4,1.9610243831e2,6.5992662919e-1,2.1254891180e-9,-2.7939677238e-9,2.4397551122e3,-1.0466114143e-4,4.9795102250e1,6.4015913714e-1,3.4560798667e-11,-1.8626451492e-9,2.4397549604e3,-1.4512980940e-4,1.0759019992e1,5.4849884924e-1,7.6007358880e-3,1.4442950487e-5
49.494898,2.4487451362e3,-1.0259646620e-4,1.9689247497e2,6.5995784340e-1,2.3746906663e-9,0.0000000000e0,2.4497448968e3,-1.0422504647e-4,4.9994897942e1,6.4026399957e-1,8.1854523160e-12,-1.8626451492e-9,2.4497447501e3,-1.4345027070e-4,1.0798979145e1,5.4891487069e-1,7.4503835058e-3,1.3875775039e-5
49.595918,2.4586386610e3,-1.0217893017e-4,1.9768319254e2,6.5998919488e-1,2.6343514037e-9,-9.3132257462e-10,2.4597550916e3,-1.0379169248e-4,5.0195101838e1,6.4036824742e-1,3.1832314562e-11,9.3132257462e-10,2.4597549498e3,-1.4181694876e-4,1.0839019939e1,5.4932882174e-1,7.3027070766e-3,1.3331882656e-5
49.696939,2.4685405365e3,-1.0176416540e-4,1.9847450721e2,6.6002070241e-1,2.9176590033e-9,0.0000000000e0,2.4697856967e3,-1.0336105636e-4,5.0395713940e1,6.4047188542e-1,5.4569682106e-12,0.0000000000e0,2.4697855596e3,-1.4022832422e-4,1.0879142374e1,5.4974071514e-1,7.1576655778e-3,1.2806616724e-5
49.797959,2.4784497115e3,-1.0135216629e-4,1.9926632956e2,6.6005238511e-1,3.2450770959e-9,-9.3132257462e-10,2.4798367120e3,-1.0293311524e-4,5.0596734246e1,6.4057491827e-1,2.7739588404e-11,9.3132257462e-10,2.4798365795e3,-1.3868292699e-4,1.0919346449e1,5.5015056358e-1,7.0152186231e-3,1.2303702533e-5
49.898980,2.4883650660e3,-1.0094292831e-4,2.0005856441e2,6.6008426232e-1,3.5997800296e-9,2.7939677238e-9,2.4899081376e3,-1.0250784652e-4,5.0798162757e1,6.4067735062e-1,3.4106051316e-11,-9.3132257462e-10,2.4899080095e3,-1.3717933196e-4,1.0959632165e1,5.5055837966e-1,6.8753256578e-3,1.1818483472e-5
50.000000,2.4982854090e3,-1.0053644795e-4,2.0085111066e2,6.6011635352e-1,3.9663063944e-9,-9.3132257462e-10,2.4999999734e3,-1.0208522779e-4,5.0999999473e1,6.4077918709e-1,2.5011104299e-11,-1.8626451492e-9,2.4999998497e3,-1.3571616294e-4,1.0999999521e1,5.5096417587e-1,6.7379474685e-3,1.1349096894e-5
