lambda,ntilde_eta50,sigmaz_eta50,x2_eta50,u4x_eta50,gap_eta50,cv_eta50,ntilde_eta200,sigmaz_eta200,x2_eta200,u4x_eta200,gap_eta200,cv_eta200,ntilde_eta1000,sigmaz_eta1000,x2_eta1000,u4x_eta1000,gap_eta1000,cv_eta1000
0.500000,2.4038463302e-1,-9.9043227259e-1,1.0194211833e0,2.3978331104e-4,9.9004595052e-1,3.3113620276e-5,2.4752474598e-1,-9.9752761038e-1,1.0049628403e0,1.6220979419e-5,9.9750306036e-1,2.9833701518e-5,2.4950099873e-1,-9.9950089597e-1,1.0009985027e0,6.6304268298e-7,9.9950012448e-1,2.9011310858e-5
0.601020,3.4739127080e-1,-9.8620398386e-1,1.0280652663e0,4.9236706890e-4,9.8564932852e-1,3.5212079325e-5,3.5765296560e-1,-9.9642968470e-1,1.0071708776e0,3.3717539648e-5,9.9639417170e-1,3.0300261017e-5,3.6050468352e-1,-9.9927902350e-1,1.0014427392e0,1.3830353773e-6,9.9927780912e-1,2.9101738846e-5
0.702041,4.7408055470e-1,-9.8122219431e-1,1.0382983757e0,8.9893565153e-4,9.8047117138e-1,3.7852797220e-5,4.8799319862e-1,-9.9513183171e-1,1.0097841440e0,6.2446405545e-5,9.9508339120e-1,3.0861085747e-5,4.9187802277e-1,-9.9901650023e-1,1.0019684949e0,2.5719963712e-6,9.9901476207e-1,2.9209094976e-5
0.803061,6.2047547666e-1,-9.7549807030e-1,1.0501218973e0,1.5052582994e-3,9.7452403561e-1,4.1128071871e-5,6.3854698639e-1,-9.9363482844e-1,1.0128026623e0,1.0628482989e-4,9.9357151920e-1,3.1520715993e-5,6.4362107306e-1,-9.9871335819e-1,1.0025757699e0,4.3983488951e-6,9.9871101551e-1,2.9333549435e-5
0.904082,7.8660228642e-1,-9.6904440598e-1,1.0635374136e0,2.3583873649e-3,9.6782228637e-1,4.5155742157e-5,8.0931616935e-1,-9.9193956968e-1,1.0162264606e0,1.6958547957e-4,9.9185947796e-1,3.2284538179e-5,8.1573398245e-1,-9.9836963416e-1,1.0032645647e0,7.0555302479e-6,9.9836660662e-1,2.9475299527e-5
1.005102,9.7249028192e-1,-9.6187558246e-1,1.0785466904e0,3.5048429021e-3,9.6038203938e-1,5.0085258181e-5,1.0003027657e0,-9.9004706832e-1,1.0200555689e0,2.5712616167e-4,9.8994831070e-1,3.3158850670e-5,1.0082167454e0,-9.9798537021e-1,1.0040348793e0,1.0761519985e-5,9.9798157752e-1,2.9634570637e-5
1.106122,1.1781717482e0,-9.5400751521e-1,1.0951516745e0,4.9889240017e-3,9.5222109604e-1,5.6105504655e-5,1.2115089903e0,-9.8795845416e-1,1.0242900204e0,3.7405539321e-4,9.8783918055e-1,3.4150939769e-5,1.2210694827e0,-9.9756061310e-1,1.0048867141e0,1.5758317638e-5,9.9755597532e-1,2.9811616514e-5
1.207143,1.4036816171e0,-9.4545760635e-1,1.1133544708e0,6.8512148788e-3,9.4335887214e-1,6.3454840415e-5,1.4429374149e0,-9.8567497114e-1,1.0289298540e0,5.2583473979e-4,9.8553336938e-1,3.5269170326e-5,1.4542923211e0,-9.9709541451e-1,1.0058200694e0,2.2311358918e-5,9.9708985206e-1,3.0006719953e-5
1.308163,1.6490574912e0,-9.3624467754e-1,1.1331573470e0,9.1273422658e-3,9.3381632062e-1,7.2433955893e-5,1.6945907740e0,-9.8319797805e-1,1.0339751109e0,7.1817850041e-4,9.8303227647e-1,3.6523088966e-5,1.7078853690e0,-9.9658983108e-1,1.0068349456e0,3.0708878082e-5,9.9658326472e-1,3.0220193139e-5
1.409184,1.9143391633e0,-9.2638891657e-1,1.1545626997e0,1.1847009920e-2,9.2361584872e-1,8.3422292846e-5,1.9664719084e0,-9.8052894775e-1,1.0394258332e0,9.5699180899e-4,9.8033741714e-1,3.7923542777e-5,1.9818484393e0,-9.9604392497e-1,1.0079313417e0,4.1261206739e-5,9.9603627518e-1,3.0452379860e-5
1.510204,2.1995687294e0,-9.1591179675e-1,1.1775730679e0,1.5033332958e-2,9.1278123009e-1,9.6899012760e-5,2.2585840354e0,-9.7766946296e-1,1.0452820696e0,1.2483083244e-3,9.7745042119e-1,3.9482815509e-5,2.2761825428e0,-9.9545776084e-1,1.0091092618e0,5.4300096438e-5,9.9544895030e-1,3.0703653920e-5
1.611224,2.5047899425e0,-9.0483601968e-1,1.2021910851e0,1.8702454902e-2,9.0133751226e-1,1.1346968722e-4,2.5709304752e0,-9.7462121746e-1,1.0515438697e0,1.5982276145e-3,9.7437303124e-1,4.1214784687e-5,2.5908868391e0,-9.9483141196e-1,1.0103687023e0,7.0177805224e-5,9.9482136177e-1,3.0974422316e-5
1.712245,2.8300485600e0,-8.9318541723e-1,1.2284195125e0,2.2863447596e-2,8.8931092003e-1,1.3390026470e-4,2.9035148452e0,-9.7138601245e-1,1.0582112882e0,2.0128539108e-3,9.7110710101e-1,4.3135097712e-5,2.9259619952e0,-9.9416495342e-1,1.0117096657e0,8.9266409730e-5,9.9415358621e-1,3.1265123653e-5
1.813265,3.1753913795e0,-8.8098489699e-1,1.2562611661e0,2.7518437675e-2,8.7672875527e-1,1.5916016991e-4,3.2563408963e0,-9.6796575637e-1,1.0652843812e0,2.4982362161e-3,9.6765459347e-1,4.5261372634e-5,3.2814080064e0,-9.9345846657e-1,1.0131321518e0,1.1195683412e-4,9.9344570508e-1,3.1576233141e-5
1.914286,3.5408665425e0,-8.6826033822e-1,1.2857189460e0,3.2662953487e-2,8.6361929374e-1,1.9047688147e-4,3.6294125761e0,-9.6436246238e-1,1.0727632080e0,3.0603110669e-3,9.6401757882e-1,4.7613430070e-5,3.6572251153e0,-9.9271203707e-1,1.0146361615e0,1.3865798243e-4,9.9269780472e-1,3.1908258279e-5
2.015306,3.9265232107e0,-8.5503850730e-1,1.3167958163e0,3.8286428694e-2,8.5001167935e-1,2.2940483268e-4,4.0227340724e0,-9.6057824598e-1,1.0806478316e0,3.7048483655e-3,9.6019823246e-1,5.0213543545e-5,4.0534134900e0,-9.9192575556e-1,1.0162216952e0,1.6979577109e-4,9.9190997628e-1,3.2261747947e-5
2.116327,4.3324109443e0,-8.4134697998e-1,1.3494947592e0,4.4372822916e-2,8.3593581653e-1,2.7791211960e-4,4.4363097313e0,-9.5661532368e-1,1.0889383173e0,4.4374006186e-3,9.5619883282e-1,5.3086751905e-5,4.4699733136e0,-9.9109971747e-1,1.0178887535e0,2.0581215098e-4,9.9108231577e-1,3.2637282857e-5
2.217347,4.7585799125e0,-8.2721403236e-1,1.3838187979e0,5.0901335975e-2,8.2142226122e-1,3.3848912062e-4,4.8701440102e0,-9.5247601127e-1,1.0976347318e0,5.2632562475e-3,9.5202175908e-1,5.6261169448e-5,4.9069047925e0,-9.9023402296e-1,1.0196373370e0,2.4716409500e-4,9.9021492393e-1,3.3035490560e-5
2.318367,5.2050802269e0,-8.1266855941e-1,1.4197709482e0,5.7847153720e-2,8.0650211105e-1,4.1428399709e-4,5.3242415929e0,-9.4816272044e-1,1.1067371455e0,6.1873976465e-3,9.4766948882e-1,5.9768375650e-5,5.3642081160e0,-9.8932877702e-1,1.0214674462e0,2.9432255356e-4,9.8930790634e-1,3.3457026802e-5
2.419388,5.6719619533e0,-7.9773996861e-1,1.4573542243e0,6.5182216129e-2,7.9120689518e-1,5.0927072516e-4,5.7986073563e0,-9.4367795674e-1,1.1162456317e0,7.2144637314e-3,9.4314459558e-1,6.3643841713e-5,5.8418835483e0,-9.8838408920e-1,1.0233790820e0,3.4777139945e-4,9.8836137331e-1,3.3902608266e-5
2.520408,6.1592748585e0,-7.8245808101e-1,1.4965716239e0,7.2875966612e-2,7.7556846447e-1,6.2845622415e-4,6.2932463289e0,-9.3902431755e-1,1.1261602660e0,8.3487173720e-3,9.3844974630e-1,6.7927403506e-5,6.3399312394e0,-9.8740007403e-1,1.0253722448e0,4.0800632138e-4,9.8737543987e-1,3.4372980735e-5
2.621429,6.6670678302e0,-7.6685304075e-1,1.5374260861e0,8.0896059822e-2,7.5961888240e-1,7.7813377902e-4,6.8081635116e0,-9.3420449116e-1,1.1364811229e0,9.5940174991e-3,9.3358769873e-1,7.2663806350e-5,6.8583514873e0,-9.8637685043e-1,1.0274469355e0,4.7553375041e-4,9.8635022578e-1,3.4868940929e-5
2.722449,7.1953892573e0,-7.5095519366e-1,1.5799205274e0,8.9209032418e-2,7.4339031732e-1,9.6619064789e-4,7.3433644739e0,-9.2922124863e-1,1.1472082874e0,1.0953798174e-2,9.2856129871e-1,7.7903332567e-5,7.3971446729e0,-9.8531454185e-1,1.0296031554e0,5.5086973939e-4,9.8528585551e-1,3.5391338315e-5
2.823469,7.7442859228e0,-7.3479501036e-1,1.6240577569e0,9.7780887230e-2,7.2691493643e-1,1.2024778880e-3,7.8988544123e0,-9.2407744988e-1,1.1583418362e0,1.2431048945e-2,9.2337347740e-1,8.3702481788e-5,7.9563105774e0,-9.8421327757e-1,1.0318409034e0,6.3453873264e-4,9.8418245810e-1,3.5941055103e-5
2.924490,8.3138038400e0,-7.1840294991e-1,1.6698405484e0,1.0657763830e-1,7.1022480208e-1,1.4992503166e-3,8.4746389069e0,-9.1877603386e-1,1.1698818535e0,1.4028304282e-2,9.1802724844e-1,9.0124751296e-5,8.5358499430e0,-9.8307318960e-1,1.0341601821e0,7.2707265579e-4,9.8304016735e-1,3.6519064452e-5
3.025510,8.9039870096e0,-7.0180938453e-1,1.7172715439e0,1.1556575087e-1,6.9335177079e-1,1.8716836421e-3,9.0707237970e0,-9.1332001690e-1,1.1818284276e0,1.5747635698e-2,9.1252570505e-1,9.7241510957e-5,9.1357630087e0,-9.8189441554e-1,1.0365609923e0,8.2900956648e-4,9.8185912157e-1,3.7126344978e-5
3.126531,9.5148779882e0,-6.8504447036e-1,1.7663533041e0,1.2471253732e-1,6.7632739535e-1,2.3384736742e-3,9.6871145835e0,-9.0771249528e-1,1.1941816399e0,1.7590646878e-2,9.0687201700e-1,1.0513306188e-4,9.7560496668e0,-9.8067709825e-1,1.0390433332e0,9.4089251457e-4,9.8063946371e-1,3.7763966247e-5
3.227551,1.0146517037e1,-6.6813805793e-1,1.8170882426e0,1.3398646163e-1,6.5918283053e-1,2.9225198232e-3,1.0323817336e1,-9.0195663399e-1,1.2069415823e0,1.9558477437e-2,9.0106942763e-1,1.1388966232e-4,1.0396710510e1,-9.7942138376e-1,1.0416072069e0,1.0632685874e-3,9.7938134118e-1,3.8433052396e-5
3.328571,1.0798943514e1,-6.5111954170e-1,1.8694787420e0,1.4335741146e-1,6.4194874260e-1,3.6516896216e-3,1.0980838162e1,-8.9605566854e-1,1.2201083472e0,2.1651806544e-2,8.9512125072e-1,1.2361285917e-4,1.1057746000e1,-9.7812742286e-1,1.0442526151e0,1.1966876383e-3,9.7808490606e-1,3.9134785766e-5
3.429592,1.1472193203e1,-6.3401781603e-1,1.9235269404e0,1.5279685075e-1,6.2465522319e-1,4.5596551790e-3,1.1658182796e1,-8.9001290559e-1,1.2336820192e0,2.3870860248e-2,8.8903086736e-1,1.3441690680e-4,1.1739156294e1,-9.7679537143e-1,1.0469795579e0,1.3417011119e-3,9.7675031479e-1,3.9870399632e-5
3.530612,1.2166300182e1,-6.1686110872e-1,1.9792348813e0,1.6227798557e-1,6.0733170759e-1,5.6867824242e-3,1.2355857471e1,-8.8383171192e-1,1.2476626923e0,2.6215426278e-2,8.8280172272e-1,1.4643031318e-4,1.2440941236e1,-9.7542539041e-1,1.0497880345e0,1.4988609073e-3,9.7537772830e-1,4.0641229134e-5
3.631633,1.2881296176e1,-5.9967688831e-1,2.0366044826e0,1.7177584098e-1,5.9000689795e-1,7.0810437319e-3,1.3073868663e1,-8.7751551366e-1,1.2620504650e0,2.8684868266e-2,8.7643732287e-1,1.5979776072e-4,1.3163101888e1,-9.7401764279e-1,1.0526780487e0,1.6687186231e-3,9.7396731200e-1,4.1448656702e-5
3.732653,1.3617210316e1,-5.8249174038e-1,2.0956374777e0,1.8126731368e-1,5.7270869147e-1,8.7989102540e-3,1.3812222217e1,-8.7106780071e-1,1.2768454230e0,3.1278140182e-2,8.6994123142e-1,1.7468201258e-4,1.3905638195e1,-9.7257229810e-1,1.0556496001e0,1.8518239474e-3,9.7251923564e-1,4.2294152081e-5
3.833673,1.4374069975e1,-5.6533124332e-1,2.1563355245e0,1.9073118940e-1,5.5546411383e-1,1.0906164112e-2,1.4570924749e1,-8.6449211116e-1,1.2920476673e0,3.3993810843e-2,8.6331706631e-1,1.9126624829e-4,1.4668550754e1,-9.7108952900e-1,1.0587026907e0,2.0487239903e-3,9.7103367335e-1,4.3179272325e-5
3.934694,1.5151898997e1,-5.4821988520e-1,2.2187000420e0,2.0014810856e-1,5.3829925812e-1,1.3478554007e-2,1.5349982589e1,-8.5779203725e-1,1.3076572926e0,3.6830081751e-2,8.5656849636e-1,2.0975661027e-4,1.5451839208e1,-9.6956951427e-1,1.0618373187e0,2.2599618295e-3,9.6951080357e-1,4.4105632696e-5
4.035714,1.5950719728e1,-5.3118090283e-1,2.2827323768e0,2.0950055197e-1,5.2123922922e-1,1.6602198826e-2,1.6149401960e1,-8.5097122046e-1,1.3236743916e0,3.9784810607e-2,8.4969923797e-1,2.3038504878e-4,1.6255504766e1,-9.6801243398e-1,1.0650534886e0,2.4860761511e-3,9.6795080904e-1,4.5074935770e-5
4.136735,1.6770551436e1,-5.1423620288e-1,2.3484336748e0,2.1877276360e-1,5.0430809389e-1,2.0373627252e-2,1.6969189553e1,-8.4403334317e-1,1.3400990661e0,4.2855537555e-2,8.4271305170e-1,2.5341258151e-4,1.7079547405e1,-9.6641847480e-1,1.0683511999e0,2.7275995048e-3,9.6635387674e-1,4.6089029638e-5
4.237755,1.7611411787e1,-4.9740622178e-1,2.4158049972e0,2.2795069531e-1,4.8752883657e-1,2.4899326090e-2,1.7809351566e1,-8.3698213351e-1,1.3569314080e0,4.6039506506e-2,8.3561373884e-1,2.7913272788e-4,1.7923967255e1,-9.6478782733e-1,1.0717304528e0,2.9850576870e-3,9.6472019791e-1,4.7149820602e-5
4.338776,1.8473316483e1,-4.8070983320e-1,2.4848472888e0,2.3702191862e-1,4.7092332086e-1,3.0294661585e-2,1.8669894351e1,-8.2982135635e-1,1.3741715122e0,4.9333692961e-2,8.2840513803e-1,3.0787578726e-4,1.8788765499e1,-9.6312068431e-1,1.0751912517e0,3.2589690990e-3,9.6304996793e-1,4.8259316827e-5
4.439796,1.9356278757e1,-4.6416426772e-1,2.5555613338e0,2.4597552866e-1,4.5451225684e-1,3.6682035192e-2,1.9550824740e1,-8.2255480730e-1,1.3918194832e0,5.2734830961e-2,8.2109112179e-1,3.4001296444e-4,1.9673941710e1,-9.6141724572e-1,1.0787335944e0,3.5498430042e-3,9.6134338626e-1,4.9419526476e-5
4.540816,2.0260310587e1,-4.4778501588e-1,2.6279478488e0,2.5480206113e-1,4.3831517401e-1,4.4188143802e-2,2.0452148891e1,-8.1518631872e-1,1.4098754122e0,5.6239434305e-2,8.1367559308e-1,3.7596159382e-4,2.0579496612e1,-9.5967771340e-1,1.0823574834e0,3.8581795110e-3,9.5960065658e-1,5.0632865168e-5
4.641837,2.1185422659e1,-4.3158577766e-1,2.7020074757e0,2.6349339312e-1,4.2235039991e-1,5.2940238587e-2,2.1373873134e1,-8.0771974926e-1,1.4283393937e0,5.9843825212e-2,8.0616248187e-1,4.1619062540e-4,2.1505430518e1,-9.5790229405e-1,1.0860629197e0,4.1844682370e-3,9.5782198657e-1,5.1901588449e-5
4.742857,2.2131623776e1,-4.1557844811e-1,2.7777407297e0,2.7204263863e-1,4.0663504430e-1,6.3061311317e-2,2.2316004044e1,-8.0015897983e-1,1.4472115275e0,6.3544159598e-2,7.9855574173e-1,4.6122659114e-4,2.2451743785e1,-9.5609119829e-1,1.0898499041e0,4.5291876433e-3,9.5600758787e-1,5.3228082834e-5
4.843878,2.3098922449e1,-3.9977310002e-1,2.8551481220e0,2.8044406546e-1,3.9118498872e-1,7.4664195185e-2,2.3278547890e1,-7.9250791457e-1,1.4664919072e0,6.7336449316e-2,7.9085934633e-1,5.1166079356e-4,2.3418437044e1,-9.5424464019e-1,1.0937184389e0,4.8928043545e-3,9.5415767618e-1,5.4615200497e-5
4.944898,2.4087326168e1,-3.8417804812e-1,2.9342300973e0,2.8869299231e-1,3.7601488136e-1,8.7844639143e-2,2.4261510970e1,-7.8477047457e-1,1.4861806273e0,7.1216587066e-2,7.8307728610e-1,5.6815621792e-4,2.4405510695e1,-9.5236283820e-1,1.0976685252e0,5.2757722431e-3,9.5227247111e-1,5.6065502577e-5
5.045918,2.5096841575e1,-3.6879994496e-1,3.0149870445e0,2.9678569786e-1,3.6113813706e-1,1.0267350532e-1,2.5264899688e1,-7.7695059386e-1,1.5062777848e0,7.5180369416e-2,7.7521356475e-1,6.3145661261e-4,2.5412964862e1,-9.5044601515e-1,1.1017001631e0,5.6785317023e-3,9.5035219613e-1,5.7581870351e-5
5.146939,2.6127475261e1,-3.5364392174e-1,3.0974193583e0,3.0471933844e-1,3.4656694221e-1,1.1918834489e-1,2.6288720162e1,-7.6905221893e-1,1.5267834709e0,7.9223516975e-2,7.6727219596e-1,7.0239524939e-4,2.6440800324e1,-9.4849439649e-1,1.1058133553e0,6.1015093645e-3,9.4839707858e-1,5.9167359723e-5
5.247959,2.7179233108e1,-3.3871380911e-1,3.1815273858e0,3.1249185819e-1,3.3231226431e-1,1.3738471924e-1,2.7332977967e1,-7.6107930705e-1,1.5476977666e0,8.3341694030e-2,7.5925719996e-1,7.8190470231e-4,2.7489017332e1,-9.4650821247e-1,1.1100081023e0,6.5451170188e-3,9.4640734958e-1,6.0825288529e-5
5.348980,2.8252120448e1,-3.2401240456e-1,3.2673114410e0,3.2010191099e-1,3.1838386610e-1,1.5720775188e-1,2.8397680184e1,-7.5303580723e-1,1.5690207833e0,8.7530536118e-2,7.5117260026e-1,8.7102851830e-4,2.8557616339e1,-9.4448769669e-1,1.1142844055e0,7.0097513294e-3,9.4438324405e-1,6.2558945501e-5
5.450000,2.9346141875e1,-3.0954180311e-1,3.3547717938e0,3.2754878474e-1,3.0479032383e-1,1.7854449851e-1,2.9482832239e1,-7.4492568077e-1,1.5907525997e0,9.1785655850e-2,7.4302242029e-1,9.7093291697e-4,2.9646597880e1,-9.4243308632e-1,1.1186422665e0,7.4957932611e-3,9.4232500053e-1,6.4371939516e-5
5.551020,3.0461297642e1,-2.9530382041e-1,3.4439083888e0,3.3483230908e-1,2.9153904954e-1,2.0121781077e-1,3.0588439781e1,-7.3675288336e-1,1.6128932994e0,9.6102667419e-2,7.3481068016e-1,1.0829202947e-3,3.0755962189e1,-9.4034462274e-1,1.1230816860e0,8.0036074159e-3,9.4023286130e-1,6.6267995862e-5
5.652041,3.1597595967e1,-2.8130027059e-1,3.5347218402e0,3.4195287117e-1,2.7863631704e-1,2.2498241207e-1,3.1714509243e1,-7.2852135756e-1,1.6354429820e0,1.0047720459e-1,7.2654139343e-1,1.2084431364e-3,3.1885710436e1,-9.3822254919e-1,1.1276026679e0,8.5335421581e-3,9.3810707224e-1,6.8250927143e-5
5.753061,3.2755037287e1,-2.6753360915e-1,3.6272121841e0,3.4891125221e-1,2.6608729130e-1,2.4952390371e-1,3.2861045642e1,-7.2023504552e-1,1.6584017194e0,1.0490492675e-1,7.1821856393e-1,1.3491200516e-3,3.3035841970e1,-9.3606711589e-1,1.1322052094e0,9.0859279180e-3,9.3594788276e-1,7.0325098932e-5
5.854082,3.3933611153e1,-2.5400740800e-1,3.7213786465e0,3.5570856381e-1,2.5389606098e-1,2.7446134033e-1,3.4028055348e1,-7.1189786526e-1,1.6817696113e0,1.0938154294e-1,7.0984618262e-1,1.5067523345e-3,3.4206357457e1,-9.3387857410e-1,1.1368893126e0,9.6610782853e-3,9.3375554583e-1,7.2495080531e-5
5.955102,3.5133313334e1,-2.4072661026e-1,3.8172210300e0,3.6234630145e-1,2.4206567375e-1,2.9935386853e-1,3.5215543844e1,-7.0351372345e-1,1.7055467398e0,1.1390281543e-1,7.0142822450e-1,1.6833418049e-3,3.5397259063e1,-9.3165717574e-1,1.1416549857e0,1.0259289853e-2,9.3153031783e-1,7.4764946476e-5
6.056122,3.6354133943e1,-2.2769805714e-1,3.9147387834e0,3.6882622763e-1,2.3059817422e-1,3.2371168077e-1,3.6423514770e1,-6.9508651825e-1,1.7297331510e0,1.1846456709e-1,6.9296864552e-1,1.8811112968e-3,3.6608545365e1,-9.2940318287e-1,1.1465022224e0,1.0880839374e-2,9.2927245864e-1,7.7139819041e-5
6.157143,3.7596049218e1,-2.1493087395e-1,4.0139303637e0,3.7515029338e-1,2.1949464409e-1,3.4701122652e-1,3.7651975306e1,-6.8662009827e-1,1.7543289623e0,1.2306271160e-1,6.8447137972e-1,2.1025243914e-3,3.7840217558e1,-9.2711685601e-1,1.1514310271e0,1.1525986612e-2,9.2698223142e-1,7.9625053331e-5
6.258163,3.8859037997e1,-2.0243652281e-1,4.1147945742e0,3.8132069113e-1,2.0875524424e-1,3.6871424259e-1,3.8900929297e1,-6.7811830705e-1,1.7793342252e0,1.2769323617e-1,6.7594033615e-1,2.3503076518e-3,3.9092276086e1,-9.2479846039e-1,1.1564414011e0,1.2194972459e-2,9.2465990269e-1,8.2225888036e-5
6.359184,4.0143068169e1,-1.9022900514e-1,4.2173294957e0,3.8733975279e-1,1.9837925846e-1,3.8828976016e-1,4.0170382805e1,-6.6958494117e-1,1.8047490361e0,1.3235223001e-1,6.6737939611e-1,2.6274744887e-3,4.0364721213e1,-9.2244826484e-1,1.1615333449e0,1.2888019045e-2,9.2230574227e-1,8.4947911091e-5
6.460204,4.1448100742e1,-1.7832474276e-1,4.3215328255e0,3.9320994467e-1,1.8836513861e-1,4.0523785650e-1,4.1460340834e1,-6.6102376938e-1,1.8305734710e0,1.3703587871e-1,6.5879241033e-1,2.9373496654e-3,4.1657553792e1,-9.2006654033e-1,1.1667068613e0,1.3605330037e-2,9.1992002309e-1,8.7797176093e-5
6.561224,4.2774081196e1,-1.6674239521e-1,4.4274011917e0,3.9893380668e-1,1.7871055081e-1,4.1911359585e-1,4.2770806850e1,-6.5243853175e-1,1.8568075755e0,1.4174046835e-1,6.5018319621e-1,3.2835942693e-3,4.2970774296e1,-9.1765356167e-1,1.1719619519e0,1.4347090024e-2,9.1750302133e-1,9.0779969469e-5
6.662245,4.4120954180e1,-1.5550233216e-1,4.5349313285e0,4.0451399787e-1,1.6941242247e-1,4.2954941036e-1,4.4101785975e1,-6.4383291518e-1,1.8834514296e0,1.4646240188e-1,6.4155553514e-1,3.6702339421e-3,4.4304382838e1,-9.1520960744e-1,1.1772986165e0,1.5113464463e-2,9.1505501628e-1,9.3903276138e-5
6.763265,4.5488651712e1,-1.4462615616e-1,4.6441191245e0,4.0995322615e-1,1.6046698986e-1,4.3627414457e-1,4.5453281202e1,-6.3521057453e-1,1.9105050709e0,1.5119818942e-1,6.3291316997e-1,4.1016851319e-3,4.5658380772e1,-9.1273495699e-1,1.1827168601e0,1.5904600581e-2,9.1257629020e-1,9.7173731774e-5
6.864286,4.6877097623e1,-1.3413597164e-1,4.7549599614e0,4.1525425286e-1,1.5186984601e-1,4.3912716326e-1,4.6825300809e1,-6.2657508211e-1,1.9379686442e0,1.5594447738e-1,6.2425980242e-1,4.5827842550e-3,4.7032767823e1,-9.1022989567e-1,1.1882166809e0,1.6720625745e-2,9.1006712840e-1,1.0059878696e-4
6.965306,4.8286219230e1,-1.2405353048e-1,4.8674496231e0,4.2041992130e-1,1.4361598857e-1,4.3806629290e-1,4.8217844817e1,-6.1793000973e-1,1.9658421290e0,1.6069800364e-1,6.1559909068e-1,5.1188152283e-3,4.8427544930e1,-9.0769470953e-1,1.1937980823e0,1.7561649152e-2,9.0752781914e-1,1.0418624151e-4
7.066327,4.9715928282e1,-1.1439952306e-1,4.9815827404e0,4.2545307106e-1,1.3569986761e-1,4.3316889356e-1,4.9630919274e1,-6.0927883512e-1,1.9941256268e0,1.6545564894e-1,6.0693464700e-1,5.7155402610e-3,4.9842712437e1,-9.0512968860e-1,1.1994610650e0,1.8427760866e-2,9.0495865358e-1,1.0794447735e-4
7.167347,5.1166131493e1,-1.0519268602e-1,5.0973535972e0,4.3035656903e-1,1.2811543293e-1,4.2462599592e-1,5.1064526867e1,-6.0062499715e-1,2.0228191725e0,1.7021440556e-1,5.9827003543e-1,6.3792261062e-3,5.1278271434e1,-9.0253512440e-1,1.2052056329e0,1.9319032734e-2,9.0235992564e-1,1.1188210919e-4
7.268367,5.2636748310e1,-9.6448952825e-2,5.2147575091e0,4.3513335586e-1,1.2085618081e-1,4.1273007775e-1,5.2518672544e1,-5.9197185785e-1,2.0519228468e0,1.7497139688e-1,5.8960876959e-1,7.1166729322e-3,5.2734220799e1,-8.9991131521e-1,1.2110317810e0,2.0235516691e-2,8.9973193214e-1,1.1600810103e-4
7.369388,5.4127689581e1,-8.8180919091e-2,5.3337890772e0,4.3978636104e-1,1.1391519994e-1,3.9785762527e-1,5.3993356606e1,-5.8332273999e-1,2.0814366385e0,1.7972385466e-1,5.8095431056e-1,7.9352412140e-3,5.4210562905e1,-8.9725855572e-1,1.2169395182e0,2.1177248510e-2,8.9707497246e-1,1.2033199891e-4
7.470408,5.5638871915e1,-8.0397258987e-2,5.4544432953e0,4.4431854089e-1,1.0728521644e-1,3.8044804835e-1,5.5488585621e1,-5.7468085921e-1,2.1113606624e0,1.8446915409e-1,5.7231006484e-1,8.8428745512e-3,5.5707297890e1,-8.9457714733e-1,1.2229288446e0,2.2144244408e-2,8.9438934879e-1,1.2486474589e-4
7.571429,5.7170217315e1,-7.3102393875e-2,5.5767154828e0,4.4873286555e-1,1.0095863769e-1,3.6098073563e-1,5.7004361465e1,-5.6604938499e-1,2.1416949403e0,1.8920477728e-1,5.6367938235e-1,9.8481252789e-3,5.7224425970e1,-8.9186739390e-1,1.2289997603e0,2.3136502715e-2,8.9167536586e-1,1.2961577158e-4
7.672449,5.8721654638e1,-6.6296333220e-2,5.7006013699e0,4.5303231270e-1,9.4927594927e-2,3.3995205292e-1,5.8540690339e1,-5.5743138520e-1,2.1724395814e0,1.9392834064e-1,5.5506555461e-1,1.0960169602e-2,5.8761947656e1,-8.8912960128e-1,1.2351522670e0,2.4154004263e-2,8.8893333095e-1,1.3459729962e-4
7.773469,6.0293121081e1,-5.9974695992e-2,5.8260971896e0,4.5721986155e-1,8.9183984421e-2,3.1785388279e-1,6.0097567738e1,-5.4882990657e-1,2.2035944811e0,1.9863754706e-1,5.4647181293e-1,1.2188826571e-2,6.0319864130e1,-8.8636407666e-1,1.2413863688e0,2.5196712927e-2,8.8616355383e-1,1.3982073870e-4
7.874490,6.1884556929e1,-5.4128921184e-2,5.9531992409e0,4.6129847006e-1,8.3719507178e-2,2.9515499377e-1,6.1675004234e1,-5.4024782815e-1,2.2351598379e0,2.0333026263e-1,5.3790132671e-1,1.3544565416e-2,6.1898174448e1,-8.8357113339e-1,1.2477020613e0,2.6264574044e-2,8.8336634673e-1,1.4529901091e-4
7.975510,6.3495935509e1,-4.8746500097e-2,6.0819062708e0,4.6527114137e-1,7.8525706990e-2,2.7228608064e-1,6.3272997477e1,-5.3168801250e-1,2.2671355918e0,2.0800442953e-1,5.2935720185e-1,1.5038512764e-2,6.3496880434e1,-8.8075108232e-1,1.2540993514e0,2.7357518008e-2,8.8054202421e-1,1.5104468912e-4
8.076531,6.5127205055e1,-4.3811618237e-2,6.2122148260e0,4.6914076903e-1,7.3594006814e-2,2.4962890567e-1,6.4891551223e1,-5.2315319784e-1,2.2995218061e0,2.1265812100e-1,5.2084247918e-1,1.6682449030e-2,6.5115983692e1,-8.7790423701e-1,1.2605782447e0,2.8475458634e-2,8.7769090322e-1,1.5707314014e-4
8.177551,6.6778346744e1,-3.9305479384e-2,6.3441238934e0,4.7291027565e-1,6.8915743382e-2,2.2750953957e-1,6.6530667920e1,-5.1464603538e-1,2.3323185187e0,2.1728951645e-1,5.1236013314e-1,1.8488799455e-2,6.6755481971e1,-8.7503092004e-1,1.2671387319e0,2.9618290953e-2,8.7481330285e-1,1.6339682043e-4
8.278571,6.8449345108e1,-3.5206969520e-2,6.4776325454e0,4.7658253181e-1,6.4482200002e-2,2.0619540592e-1,6.8190349319e1,-5.0616908254e-1,2.3655257539e0,2.2189690065e-1,5.0391307030e-1,2.0470615942e-2,6.8415378602e1,-8.7213144640e-1,1.2737808256e0,3.0785898118e-2,8.7190954451e-1,1.7003342509e-4
8.379592,7.0140193154e1,-3.1493214298e-2,6.6127403617e0,4.8016036353e-1,6.0284637475e-2,1.8589558429e-1,6.9870596430e1,-4.9772479989e-1,2.3991435222e0,2.2647866086e-1,4.9550412821e-1,2.2641548654e-2,7.0095671362e1,-8.6920614292e-1,1.2805045164e0,3.1978144036e-2,8.6897995167e-1,1.7699738964e-4
8.480612,7.1850891512e1,-2.8140141499e-2,6.7494473789e0,4.8364654574e-1,5.6314323160e-2,1.6676369566e-1,7.1571413758e1,-4.8931552728e-1,2.4331719045e0,2.3103329521e-1,4.8713607422e-1,2.5015806546e-2,7.1796363590e1,-8.6625532882e-1,1.2873098170e0,3.3194881574e-2,8.6602484994e-1,1.8430734053e-4
8.581633,7.3581447728e1,-2.5123006875e-2,6.8877540522e0,4.8704379702e-1,5.2562558108e-2,1.4890268072e-1,7.3292801049e1,-4.8094352219e-1,2.4676108871e0,2.3555938724e-1,4.7881160439e-1,2.7608106611e-2,7.3517454167e1,-8.6327933308e-1,1.2941967224e0,3.4435945880e-2,8.6304456686e-1,1.9198074006e-4
8.682653,7.5331874940e1,-2.2416869853e-2,7.0276611699e0,4.9035477413e-1,4.9020702286e-2,1.3237078348e-1,7.5034760396e1,-4.7261092172e-1,2.5024605040e0,2.4005562202e-1,4.7053334254e-1,3.0433608918e-2,7.5258944435e1,-8.6027848235e-1,1.3011652375e0,3.5701159723e-2,8.6003943198e-1,2.0003644750e-4
8.783673,7.7102190994e1,-1.9997006920e-2,7.1691698027e0,4.9358206834e-1,4.5680197920e-2,1.1718815356e-1,7.6797292517e1,-4.6431975862e-1,2.5377207620e0,2.4452077302e-1,4.6230383934e-1,3.3507840009e-2,7.7020835286e1,-8.5725310601e-1,1.3082153651e0,3.6990331847e-2,8.5700977679e-1,2.0849565044e-4
8.884694,7.8892424556e1,-1.7839247035e-2,7.3122818113e0,4.9672821468e-1,4.2532590933e-2,1.0334357596e-1,7.8580399703e1,-4.5607194533e-1,2.5733917001e0,2.4895370644e-1,4.5412557151e-1,3.6846594885e-2,7.8803125915e1,-8.5420353812e-1,1.3153471016e0,3.8303256482e-2,8.5395593453e-1,2.1737860516e-4
8.985714,8.0702578964e1,-1.5920313933e-2,7.4569969761e0,4.9979562882e-1,3.9569550523e-2,9.0800957987e-2,8.0384083019e1,-4.4786928549e-1,2.6094733331e0,2.5335337079e-1,4.4600094113e-1,4.0465834318e-2,8.0605817904e1,-8.5113011045e-1,1.3225604525e0,3.9639716780e-2,8.5087824028e-1,2.2670789622e-4
9.086735,8.2532701805e1,-1.4217921294e-2,7.6033185733e0,5.0278672757e-1,3.6782886926e-2,7.9505324131e-2,8.2208343634e1,-4.3971346637e-1,2.6459656784e0,2.5771879714e-1,4.3793227502e-1,4.4381554238e-2,8.2428909760e1,-8.4803316171e-1,1.3298554115e0,4.0999481243e-2,8.4777703082e-1,2.3650750518e-4
9.187755,8.4382813759e1,-1.2711053141e-2,7.7512477039e0,5.0570380642e-1,3.4164567374e-2,6.9388139527e-2,8.4053182547e1,-4.3160605927e-1,2.6828687505e0,2.6204909510e-1,4.2992182415e-1,4.8609644407e-2,8.4272406242e1,-8.4491302163e-1,1.3372319970e0,4.2382311124e-2,8.4465264452e-1,2.4680118077e-4
9.288776,8.6252943214e1,-1.1380008393e-2,7.9007860720e0,5.0854910051e-1,3.1706730339e-2,6.0371902771e-2,8.5918600940e1,-4.2354851764e-1,2.7201825676e0,2.6634345054e-1,4.2197176326e-1,5.3165728226e-2,8.6136304805e1,-8.4177003395e-1,1.3446901981e0,4.3787950772e-2,8.4150542144e-1,2.5761709549e-4
9.389796,8.8143118628e1,-1.0206473315e-2,8.0519353857e0,5.1132477288e-1,2.9401698079e-2,5.2373984596e-2,8.7804599627e1,-4.1554217965e-1,2.7579071412e0,2.7060112112e-1,4.1408419046e-1,5.8064987184e-2,8.8020607629e1,-8.3860453590e-1,1.3522300231e0,4.5216137086e-2,8.3833570315e-1,2.6898086071e-4
9.490816,9.0053368112e1,-9.1735434272e-3,8.2046973321e0,5.1403291555e-1,2.7241987578e-2,4.5309735229e-2,8.9711179474e1,-4.0758826709e-1,2.7960424840e0,2.7482143412e-1,4.0626112696e-1,6.3321966678e-2,8.9925313249e1,-8.3541687232e-1,1.3598514654e0,4.6666593685e-2,8.3514383262e-1,2.8092251159e-4
9.591837,9.1983719066e1,-8.2657143115e-3,8.3590735557e0,5.1667555075e-1,2.5220319918e-2,3.9094935637e-2,9.1638341810e1,-3.9968788528e-1,2.8345886183e0,2.7900378428e-1,3.9850451685e-1,6.8950362504e-2,9.1850424044e1,-8.3220738300e-1,1.3675545342e0,4.8139037053e-2,8.3193015436e-1,2.9347417876e-4
9.692857,9.3934197893e1,-7.4688478469e-3,8.5150656415e0,5.1925463257e-1,2.3329628148e-2,3.3647645265e-2,9.3586087005e1,-3.9184203088e-1,2.8735455473e0,2.8314762766e-1,3.9081622705e-1,7.4962800834e-2,9.3795940218e1,-8.2897641270e-1,1.3753392294e0,4.9633172440e-2,8.2869501405e-1,3.0666543171e-4
9.793878,9.5904829796e1,-6.7701197881e-3,8.6726751021e0,5.2177204871e-1,2.1563063798e-2,2.8889554553e-2,9.5554415633e1,-3.8405159003e-1,2.9129132785e0,2.8725248131e-1,3.8319804717e-1,8.1370593980e-2,9.5761861798e1,-8.2572430776e-1,1.3832055508e0,5.1148695834e-2,8.2543875879e-1,3.2053329051e-4
9.894898,9.7895638627e1,-6.1579538195e-3,8.8319033693e0,5.2422962249e-1,1.9914001977e-2,2.4746901821e-2,9.7543329296e1,-3.7631733902e-1,2.9526918402e0,2.9131792202e-1,3.7565168966e-1,8.8183491491e-2,9.7748189313e1,-8.2245141487e-1,1.3911534998e0,5.2685294954e-2,8.2216173689e-1,3.3511081710e-4
9.995918,9.9906646789e1,-5.6219464944e-3,8.9927517877e0,5.2662911482e-1,1.8376045256e-2,2.1151050925e-2,9.9552827954e1,-3.6863995908e-1,2.9928812279e0,2.9534357796e-1,3.6817878984e-1,9.5409417525e-2,9.9754925122e1,-8.1915807888e-1,1.3991830853e0,5.4242650752e-2,8.1886429776e-1,3.5043805838e-4
10.096939,1.0193787519e2,-5.1527866790e-3,9.1552216121e0,5.2897222634e-1,1.6943026347e-2,1.8038785551e-2,1.0158291254e2,-3.6102003180e-1,3.0334814569e0,2.9932913145e-1,3.6078090620e-1,1.0305420309e-1,1.0178206801e2,-8.1584465159e-1,1.4072943019e0,5.5820433682e-2,8.1554679198e-1,3.6655273288e-4
10.197959,1.0398934320e2,-4.7421724587e-3,9.3193140062e0,5.3126059952e-1,1.5609009693e-2,1.5352398157e-2,1.0363358373e2,-3.5345805015e-1,3.0744925373e0,3.0327431370e-1,3.5345952055e-1,1.1112131132e-1,1.0382961824e2,-8.1251148337e-1,1.4154871500e0,5.7418308072e-2,8.1220957113e-1,3.8349861279e-4
10.298980,1.0606106871e2,-4.3827278217e-3,9.4850300431e0,5.3349582075e-1,1.4368291970e-2,1.3039612677e-2,1.0570484200e2,-3.4595442561e-1,3.1159144752e0,3.0717890244e-1,3.4621603846e-1,1.1961156735e-1,1.0589757840e2,-8.0915892182e-1,1.4237616393e0,5.9035933239e-2,8.0885298775e-1,4.0132040158e-4
10.400000,1.0815306813e2,-4.0679209327e-3,9.6523707080e0,5.3567942246e-1,1.3215401733e-2,1.1053388473e-2,1.0779668832e2,-3.3850949391e-1,3.1577472870e0,3.1104272071e-1,3.3905178963e-1,1.2852288410e-1,1.0798594679e2,-8.0578732233e-1,1.4321177627e0,6.0672958792e-2,8.0547739534e-1,4.2006280273e-4
10.501020,1.1026535645e2,-3.7919852969e-3,9.8213369005e0,5.3781288512e-1,1.2145098091e-2,9.3516586348e-3,1.0990912290e2,-3.3112352861e-1,3.1999909739e0,3.1486563218e-1,3.3196802834e-1,1.3785000239e-1,1.1009472439e2,-8.0239703680e-1,1.4405555233e0,6.2329030498e-2,8.0208314824e-1,4.3977703899e-4
10.602041,1.1239794729e2,-3.5498447773e-3,9.9919294390e0,5.3989763925e-1,1.1152368626e-2,7.8969933093e-3,1.1204214660e2,-3.2379674640e-1,3.2426455502e0,3.1864754137e-1,3.2496593408e-1,1.4758424135e-1,1.1222391208e2,-7.9898841809e-1,1.4490749242e0,6.4003788542e-2,7.9867060159e-1,4.6051200479e-4
10.703061,1.1455085300e2,-3.3370430890e-3,1.0164149065e1,5.4193506734e-1,1.0232426608e-2,6.6562606953e-3,1.1419575966e2,-3.1652932242e-1,3.2857110183e0,3.2238838918e-1,3.1804661208e-1,1.5771327028e-1,1.1437351264e2,-7.9556181672e-1,1.4576759758e0,6.5696869562e-2,7.9524011122e-1,4.8232451081e-4
10.804082,1.1672408474e2,-3.1496781367e-3,1.0337996448e1,5.4392650568e-1,9.3807074820e-3,5.6002521887e-3,1.1636996294e2,-3.0932139803e-1,3.3291873928e0,3.2608815287e-1,3.1121109402e-1,1.6822089255e-1,1.1654352416e2,-7.9211759134e-1,1.4663586699e0,6.7407901860e-2,7.9179203371e-1,5.0527136773e-4
10.905102,1.1891765252e2,-2.9843413874e-3,1.0513472189e1,5.4587324617e-1,8.5928648910e-3,4.7033284791e-3,1.1856475658e2,-3.0217309787e-1,3.3730746744e0,3.2974684171e-1,3.0446033876e-1,1.7908687703e-1,1.1873394735e2,-7.8865609698e-1,1.4751230090e0,6.9136511573e-2,7.8832672616e-1,5.2941311151e-4
11.006122,1.2113156533e2,-2.8380622766e-3,1.0690576828e1,5.4777653805e-1,7.8647660240e-3,3.9430609904e-3,1.2078014065e2,-2.9508454084e-1,3.4173728630e0,3.3336449619e-1,2.9779523314e-1,1.9028680772e-1,1.2094478258e2,-7.8517768975e-1,1.4839689938e0,7.0882320736e-2,7.8484454629e-1,5.5481260642e-4
11.107143,1.2336583120e2,-2.7082575780e-3,1.0869310847e1,5.4963758948e-1,7.1924866711e-3,3.2999031246e-3,1.2301611582e2,-2.8805585225e-1,3.4620819706e0,3.3694118713e-1,2.9121659280e-1,2.0179198077e-1,1.2317603247e2,-7.8168272264e-1,1.4928966342e0,7.2644949757e-2,7.8134585226e-1,5.8153551072e-4
11.208163,1.2562045728e2,-2.5926855360e-3,1.1049674675e1,5.5145756918e-1,6.5723057532e-3,2.7568633668e-3,1.2527268217e2,-2.8108718166e-1,3.5072019983e0,3.4047701189e-1,2.8472516308e-1,2.1356935520e-1,1.2542769526e2,-7.7817155596e-1,1.5019059228e0,7.4424012548e-2,7.7783100272e-1,6.0965307057e-4
11.309184,1.2789544991e2,-2.4894045417e-3,1.1231668694e1,5.5323760789e-1,6.0006996364e-3,2.2992342710e-3,1.2754983942e2,-2.7417871674e-1,3.5527329406e0,3.4397209317e-1,2.7832162002e-1,2.2558153514e-1,1.2769977259e2,-7.7464454497e-1,1.5109968655e0,7.6219123047e-2,7.7430035663e-1,6.3924118876e-4
11.410204,1.3019081473e2,-2.3967360608e-3,1.1415293242e1,5.5497879980e-1,5.4743360481e-3,1.9142990932e-3,1.2984758761e2,-2.6733069616e-1,3.5986747990e0,3.4742657822e-1,2.7200657129e-1,2.3778683133e-1,1.2999226483e2,-7.7110204721e-1,1.5201694631e0,7.8029891917e-2,7.7075427329e-1,6.7037716508e-4
11.511224,1.3250655670e2,-2.3132315302e-3,1.1600548617e1,5.5668220397e-1,4.9900678943e-3,1.5911124647e-3,1.3216592604e2,-2.6054342715e-1,3.6450275614e0,3.5084063577e-1,2.6578055731e-1,2.5013937149e-1,1.3230517242e2,-7.6754442029e-1,1.5294237170e0,7.9855927963e-2,7.6719311220e-1,7.0314016193e-4
11.612245,1.3484268020e2,-2.2376429041e-3,1.1787435081e1,5.5834884559e-1,4.5449267971e-3,1.3202605769e-3,1.3450485508e2,-2.5381729510e-1,3.6917912377e0,3.5421445714e-1,2.5964405227e-1,2.6258926839e-1,1.3463849488e2,-7.6397202334e-1,1.5387596246e0,8.1696837704e-2,7.6361723311e-1,7.3761679232e-4
11.713265,1.3719918907e2,-2.1688965476e-3,1.1975952866e1,5.5997971725e-1,4.1361165382e-3,1.0936800390e-3,1.3686441496e2,-2.4715267928e-1,3.7389666370e0,3.5754830886e-1,2.5359746528e-1,2.7508287504e-1,1.3699223610e2,-7.6038520896e-1,1.5481772009e0,8.3552229863e-2,7.6002699587e-1,7.7390018851e-4
11.814286,1.3957608668e2,-2.1060701770e-3,1.2166102175e1,5.6157578013e-1,3.7610064497e-3,9.0447254479e-4,1.3924445784e2,-2.4055054290e-1,3.7865508076e0,3.6084221337e-1,2.4764114158e-1,2.8756309301e-1,1.3936639327e2,-7.5678433989e-1,1.5576764343e0,8.5421707030e-2,7.5642276038e-1,8.1208348274e-4
11.915306,1.4197337598e2,-2.0483725523e-3,1.2357883184e1,5.6313796515e-1,3.4171246885e-3,7.4675399810e-4,1.4164519800e2,-2.3401105855e-1,3.8345480421e0,3.6409671238e-1,2.4177536375e-1,2.9996974301e-1,1.4176096446e2,-7.5316977748e-1,1.5672573164e0,8.7304871898e-2,7.5280488662e-1,8.5226725787e-4
12.016327,1.4439105954e2,-1.9951256517e-3,1.2551296048e1,5.6466717408e-1,3.1021515449e-3,6.1551295221e-4,1.4406644823e2,-2.2753552859e-1,3.8829546050e0,3.6731181166e-1,2.3600035288e-1,3.1224003155e-1,1.4417596100e2,-7.4954186299e-1,1.5769198920e0,8.9201337349e-2,7.4917373443e-1,8.9455582201e-4
12.117347,1.4682913960e2,-1.9457490683e-3,1.2746340901e1,5.6616428055e-1,2.8139127897e-3,5.0650164485e-4,1.4650833001e2,-2.2112464175e-1,3.9317729362e0,3.7048794902e-1,2.3031626991e-1,3.2430903520e-1,1.4661137463e2,-7.4590096703e-1,1.5866641275e0,9.1110700909e-2,7.4552966365e-1,9.3905907124e-4
12.218367,1.4928761810e2,-1.8997463870e-3,1.2943017860e1,5.6763013107e-1,2.5503729532e-3,4.1610933840e-4,1.4897076727e2,-2.1477970746e-1,3.9810015267e0,3.7362531334e-1,2.2472321695e-1,3.3611031529e-1,1.4906720430e2,-7.4224744901e-1,1.5964900183e0,9.3032566141e-2,7.4187303379e-1,9.8589621484e-4
12.319388,1.5176649671e2,-1.8566933280e-3,1.3141327026e1,5.6906554599e-1,2.3096288350e-3,3.4128408879e-4,1.5145376686e2,-2.0850199098e-1,4.0306405281e0,3.7672421588e-1,2.1922123854e-1,3.4757650457e-1,1.5154345402e2,-7.3858166052e-1,1.6063975797e0,9.4966541184e-2,7.3820420433e-1,1.0351836681e-3
12.420408,1.5426577691e2,-1.8162274472e-3,1.3341268487e1,5.7047132041e-1,2.0899029882e-3,2.7945451438e-4,1.5395735884e2,-2.0229286798e-1,4.0806905585e0,3.7978500623e-1,2.1381032310e-1,3.5864001047e-1,1.5404012469e2,-7.3490395743e-1,1.6163868150e0,9.6912232660e-2,7.3452353436e-1,1.0870583355e-3
12.521429,1.5678545994e2,-1.7780392163e-3,1.3542842318e1,5.7184822510e-1,1.8895374381e-3,2.2844970226e-4,1.5648152105e2,-1.9615398953e-1,4.1311511939e0,3.8280797899e-1,2.0849040426e-1,3.6923371721e-1,1.5655721626e2,-7.3121469665e-1,1.6264577233e0,9.8869247571e-2,7.3083138263e-1,1.1416431516e-3
12.622449,1.5932554687e2,-1.7418643116e-3,1.3746048585e1,5.7319700726e-1,1.7069873891e-3,1.8644891679e-4,1.5902624899e2,-1.9008712485e-1,4.1820223660e0,3.8579346056e-1,2.0326136226e-1,3.7929172628e-1,1.5909472928e2,-7.2751423361e-1,1.6366103064e0,1.0083719485e-1,7.2712810754e-1,1.1990861967e-3
12.723469,1.6188603866e2,-1.7074769673e-3,1.3950887342e1,5.7451839143e-1,1.5408152320e-3,1.5192013234e-4,1.6159155511e2,-1.8409416381e-1,4.2333043483e0,3.8874180517e-1,1.9812302541e-1,3.8875012286e-1,1.6165266479e2,-7.2380292255e-1,1.6468445679e0,1.0281568545e-1,7.2341406702e-1,1.2595346197e-3
12.824490,1.6446693607e2,-1.6746842559e-3,1.4157358639e1,5.7581308021e-1,1.3896846102e-3,1.2358464301e-4,1.6417736897e2,-1.7817730787e-1,4.2849957592e0,3.9165328082e-1,1.9307517152e-1,3.9754772186e-1,1.6423102003e2,-7.2008112257e-1,1.6571604963e0,1.0480432925e-1,7.1968961852e-1,1.3231411576e-3
12.925510,1.6706823981e2,-1.6433211792e-3,1.4365462515e1,5.7708175500e-1,1.2523547682e-3,1.0036770254e-4,1.6678377646e2,-1.7233858982e-1,4.3370983455e0,3.9452833912e-1,1.8811752934e-1,4.0562683903e-1,1.6682980048e2,-7.1634918015e-1,1.6675581131e0,1.0680274467e-1,7.1595511884e-1,1.3900706545e-3
13.026531,1.6968995045e2,-1.6132464620e-3,1.4575199007e1,5.7832507679e-1,1.1276749701e-3,8.1378966570e-5,1.6941071368e2,-1.6658046230e-1,4.3896108624e0,3.9736726950e-1,1.8324978003e-1,4.1293399036e-1,1.6944900371e2,-7.1260745248e-1,1.6780374078e0,1.0881054628e-1,7.1221092427e-1,1.4604926109e-3
13.127551,1.7233206848e2,-1.5843389563e-3,1.4786568144e1,5.7954368675e-1,1.0145791641e-3,6.5877102315e-5,1.7205820234e2,-1.6090532634e-1,4.4425337786e0,4.0017046177e-1,1.7847155864e-1,4.1942058504e-1,1.7208863053e2,-7.0885629125e-1,1.6885983835e0,1.1082735374e-1,7.0845739043e-1,1.5345849097e-3
13.228571,1.7499459434e2,-1.5564945751e-3,1.4999569952e1,5.8073820698e-1,9.1208094216e-4,5.3236261010e-5,1.7472618875e2,-1.5531581526e-1,4.4958660586e0,4.0293823084e-1,1.7378245564e-1,4.2504357267e-1,1.7474868199e2,-7.0509604696e-1,1.6992410437e0,1.1285278957e-1,7.0469487207e-1,1.6125384718e-3
13.329592,1.7767752837e2,-1.5296236782e-3,1.5214204452e1,5.8190924112e-1,8.1926850621e-4,4.2954459786e-5,1.7741471104e2,-1.4981447480e-1,4.5496085049e0,4.0567099222e-1,1.6918201834e-1,4.2976599094e-1,1.7742915747e2,-7.0132707156e-1,1.7099653854e0,1.1488647794e-1,7.0092372332e-1,1.6945423558e-3
13.430612,1.8038087089e2,-1.5036488528e-3,1.5430471662e1,5.8305737495e-1,7.3530002453e-4,3.4599564970e-5,1.8012371124e2,-1.4440407291e-1,4.6037600013e0,4.0836906667e-1,1.6466975242e-1,4.3355744518e-1,1.8013005853e2,-6.9754971287e-1,1.7207714146e0,1.1692804777e-1,6.9714429741e-1,1.7808107659e-3
13.531633,1.8310462215e2,-1.4785030293e-3,1.5648371599e1,5.8418317702e-1,6.5939907748e-4,2.7827918530e-5,1.8285331605e2,-1.3908710460e-1,4.6583231264e0,4.1103296058e-1,1.6024512346e-1,4.3639454059e-1,1.8285138632e2,-6.9376431831e-1,1.7316591352e0,1.1897713090e-1,6.9335694667e-1,1.8715560436e-3
13.632653,1.8584878238e2,-1.4541278849e-3,1.5867904276e1,5.8528719918e-1,5.9085039007e-4,2.2340565920e-5,1.8560331254e2,-1.3386662701e-1,4.7132936694e0,4.1366285095e-1,1.5590755840e-1,4.3826112337e-1,1.8559313820e2,-6.8997123945e-1,1.7426285363e0,1.2103335971e-1,6.8956202256e-1,1.9670054317e-3
13.733673,1.8861335175e2,-1.4304724947e-3,1.6089069703e1,5.8636997716e-1,5.2899572350e-4,1.7907470465e-5,1.8837380486e2,-1.2874516272e-1,4.7686737619e0,4.1625922697e-1,1.5165644705e-1,4.3914853595e-1,1.8835531359e2,-6.8617082369e-1,1.7536796150e0,1.2309637173e-1,6.8575987542e-1,2.0673889667e-3
13.834694,1.9139833042e2,-1.4074921915e-3,1.6311867890e1,5.8743203110e-1,4.7322996542e-4,1.4331191778e-5,1.9116480254e2,-1.2372534976e-1,4.8244636457e0,4.1882248495e-1,1.4749114358e-1,4.3905565329e-1,1.9113792434e2,-6.8236340028e-1,1.7648124184e0,1.2516581740e-1,6.8195085468e-1,2.1729525179e-3
13.935714,1.9420371853e2,-1.3851476053e-3,1.6536298846e1,5.8847386605e-1,4.2299744234e-4,1.1449679732e-5,1.9397626436e2,-1.1880983205e-1,4.8806625485e0,4.2135297598e-1,1.4341096806e-1,4.3798888661e-1,1.9394095914e2,-6.7854932886e-1,1.7760269007e0,1.2724133375e-1,6.7813530861e-1,2.2839605808e-3
14.036735,1.9702951618e2,-1.3634038540e-3,1.6762362577e1,5.8949597246e-1,3.7778845885e-4,9.1325491667e-6,1.9680815585e2,-1.1400114229e-1,4.9372698344e0,4.2385106039e-1,1.3941520784e-1,4.3596201390e-1,1.9676442056e2,-6.7472894867e-1,1.7873230718e0,1.2932257209e-1,6.7431358433e-1,2.4006832391e-3
14.137755,1.9987572347e2,-1.3422298629e-3,1.6990059088e1,5.9049882667e-1,3.3713595406e-4,7.2736293077e-6,1.9966051104e2,-1.0930159406e-1,4.9942862379e0,4.2631715943e-1,1.3550311917e-1,4.3299596384e-1,1.9960831073e2,-6.7090259816e-1,1.7987009397e0,1.3140918745e-1,6.7048602780e-1,2.5234017521e-3
14.238776,2.0274234048e2,-1.3215977932e-3,1.7219388385e1,5.9148289137e-1,3.0061240608e-4,5.7853758335e-6,2.0253328560e2,-1.0471346405e-1,5.0517109278e0,4.2875162587e-1,1.3167392851e-1,4.2911846749e-1,2.0247263321e2,-6.6707061246e-1,1.8101605183e0,1.3350084006e-1,6.6665298375e-1,2.6524048299e-3
14.339796,2.0562936727e2,-1.3014825616e-3,1.7450350471e1,5.9244861602e-1,2.6782688735e-4,4.5951455832e-6,2.0542647971e2,-1.0023879617e-1,5.1095439623e0,4.3115485130e-1,1.2792683413e-1,4.2436360195e-1,2.0535737899e2,-6.6323334185e-1,1.8217017712e0,1.3559718523e-1,6.6281479548e-1,2.7880053967e-3
14.440816,2.0853680390e2,-1.2818614380e-3,1.7682945350e1,5.9339643729e-1,2.3842230360e-4,3.6340206861e-6,2.0834008227e2,-9.5879457647e-2,5.1677851741e0,4.3352721717e-1,1.2426100746e-1,4.1877129115e-1,2.0826255728e2,-6.5939111079e-1,1.8333247346e0,1.3769789592e-1,6.5897180517e-1,2.9305294156e-3
14.541837,2.1146465042e2,-1.2627137078e-3,1.7917173026e1,5.9432677950e-1,2.1207281651e-4,2.8796494007e-6,2.1127408232e2,-9.1637103434e-2,5.2264343989e0,4.3586910443e-1,1.2067559454e-1,4.1238669492e-1,2.1118816912e2,-6.5554425294e-1,1.8450294123e0,1.3980264355e-1,6.5512435339e-1,3.0803009868e-3
14.642857,2.1441290686e2,-1.2440203890e-3,1.8153033499e1,5.9524005496e-1,1.8848143628e-4,2.2761523724e-6,2.1422846933e2,-8.7513158596e-2,5.2854914791e0,4.3818089347e-1,1.1716971746e-1,4.0525958501e-1,2.1413420293e2,-6.5169311673e-1,1.8568157577e0,1.4191109503e-1,6.5127277947e-1,3.2376758754e-3
14.743878,2.1738157327e2,-1.2257639951e-3,1.8390526773e1,5.9613666438e-1,1.6737770241e-4,1.7918646336e-6,2.1720323257e2,-8.3508804176e-2,5.3449562533e0,4.4046296338e-1,1.1374247573e-1,3.9744364657e-1,2.1710067436e2,-6.4783801317e-1,1.8686838330e0,1.4402294139e-1,6.4741742111e-1,3.4030172974e-3
14.844898,2.2037064966e2,-1.2079283359e-3,1.8629652849e1,5.9701699728e-1,1.4851560192e-4,1.4137476683e-6,2.2019836186e2,-7.9624964359e-2,5.4048285685e0,4.4271569224e-1,1.1039294768e-1,3.8899574615e-1,2.2008757657e2,-6.4397928083e-1,1.8806336102e0,1.4613786217e-1,6.4355861451e-1,3.5767108202e-3
14.945918,2.2338013607e2,-1.1904983509e-3,1.8870411729e1,5.9788143228e-1,1.3167154921e-4,1.1082738638e-6,2.2321384790e2,-7.5862296859e-2,5.4651082883e0,4.4493945716e-1,1.0712019182e-1,3.7997522019e-1,2.2309490968e2,-6.4011724718e-1,1.8926650897e0,1.4825554667e-1,6.3969669435e-1,3.7591457367e-3
15.046939,2.2641003251e2,-1.1734599695e-3,1.9112803414e1,5.9873033749e-1,1.1664263698e-4,8.7171792984e-7,2.2624964375e2,-7.2221226882e-2,5.5257945217e0,4.4713460640e-1,1.0392324813e-1,3.7044313364e-1,2.2612267175e2,-6.3625224035e-1,1.9047782632e0,1.5037568748e-1,6.3583199364e-1,3.9507411420e-3
15.147959,2.2946033901e2,-1.1567999923e-3,1.9356827905e1,5.9956407081e-1,1.0324477250e-4,6.8359076977e-7,2.2930585075e2,-6.8701749876e-2,5.5868893404e0,4.4930159241e-1,1.0080113948e-1,3.6046156287e-1,2.2917087057e2,-6.3238457408e-1,1.9169731614e0,1.5249798882e-1,6.3196484374e-1,4.1519198567e-3
15.248980,2.3253105557e2,-1.1405059925e-3,1.9602485204e1,6.0038298029e-1,9.1311244034e-5,5.3085386753e-7,2.3238235005e2,-6.5303815105e-2,5.6483904106e0,4.5144070761e-1,9.7752872824e-2,3.5009290092e-1,2.3223950078e2,-6.2851457671e-1,1.9292497627e0,1.5462215053e-1,6.2809557431e-1,4.3631382287e-3
15.350000,2.3562218220e2,-1.1245662322e-3,1.9849775310e1,6.0118740440e-1,8.0691156626e-5,4.1350722313e-7,2.3547917026e2,-6.2026944708e-2,5.7102983447e0,4.5355234764e-1,9.4777440548e-2,3.3939921111e-1,2.3532858315e2,-6.2464254161e-1,1.9416081496e0,1.5674789542e-1,6.2422451321e-1,4.5848544687e-3
15.451020,2.3873371893e2,-1.1089695906e-3,2.0098698225e1,6.0197767238e-1,7.1248050176e-5,3.2782554626e-7,2.3859630449e2,-5.8870429364e-2,5.7726130427e0,4.5563688001e-1,9.1873821680e-2,3.2844160683e-1,2.3843805678e2,-6.2076886190e-1,1.9540480783e0,1.5887489511e-1,6.2035198654e-1,4.8175547272e-3
15.552041,2.4186566577e2,-1.0937055044e-3,2.0349253949e1,6.0275410447e-1,6.2858729365e-5,2.5331974030e-7,2.4173374460e2,-5.5833299685e-2,5.8353343767e0,4.5769466864e-1,8.9040983133e-2,3.1727970019e-1,2.4156799205e2,-6.1689376462e-1,1.9665698299e0,1.6100291620e-1,6.1647831859e-1,5.0617456436e-3
15.653061,2.4501802271e2,-1.0787639162e-3,2.0601442483e1,6.0351701222e-1,5.5411956595e-5,1.9744038582e-7,2.4489148510e2,-5.2914332159e-2,5.8984622682e0,4.5972607628e-1,8.6277880925e-2,3.0597111955e-1,2.4471835721e2,-6.1301760179e-1,1.9791732770e0,1.6313166028e-1,6.1260383174e-1,5.3179450333e-3
15.754082,2.4819078976e2,-1.0641352302e-3,2.0855263827e1,6.0426669876e-1,4.8807531641e-5,1.4714896679e-7,2.4806952021e2,-5.0112063412e-2,5.9619966307e0,4.6173146242e-1,8.3583461312e-2,2.9457102902e-1,2.4788915701e2,-6.0914067751e-1,1.9918584383e0,1.6526085887e-1,6.0872884641e-1,5.5866967887e-3
15.855102,2.5138396694e2,-1.0498102747e-3,2.1110717982e1,6.0500345908e-1,4.2955199916e-5,1.1548399925e-7,2.5126784429e2,-4.7424803099e-2,6.0259373769e0,4.6371118343e-1,8.0956661971e-2,2.8313181549e-1,2.5108039227e2,-6.0526329836e-1,2.0046253168e0,1.6739024579e-1,6.0485368120e-1,5.8685652912e-3
15.956122,2.5459755425e2,-1.0357802688e-3,2.1367804948e1,6.0572758024e-1,3.7773739990e-5,9.1269612312e-8,2.5448645362e2,-4.4850647159e-2,6.0902844551e0,4.6566559360e-1,7.8396413101e-2,2.7170275897e-1,2.5429206311e2,-6.0138576919e-1,2.0174739127e0,1.6951955937e-1,6.0097865250e-1,6.1641447246e-3
16.057143,2.5783155170e2,-1.0220367944e-3,2.1626524726e1,6.0643934162e-1,3.3190190891e-5,6.3329935074e-8,2.5772534347e2,-4.2387496200e-2,6.1550377902e0,4.6759504315e-1,7.5901638536e-2,2.6032979786e-1,2.5752416721e2,-5.9750839517e-1,2.0304042162e0,1.7164854133e-1,5.9710407486e-1,6.4740255475e-3
16.158163,2.6108595928e2,-1.0085717706e-3,2.1886877316e1,6.0713901519e-1,2.9139017272e-5,6.3329935074e-8,2.6098451071e2,-4.0033070246e-2,6.2201973365e0,4.6949987980e-1,7.3471256802e-2,2.4905531481e-1,2.6077671221e2,-5.9363146689e-1,2.0434162577e0,1.7377694494e-1,5.9323026059e-1,6.7988336086e-3
16.259184,2.6436077701e2,-9.9537743228e-4,2.2148862718e1,6.0782686571e-1,2.5561450457e-5,5.2154064178e-8,2.6426395328e2,-3.7784926787e-2,6.2857630658e0,4.7138044823e-1,7.1104182136e-2,2.3791812360e-1,2.6404968707e2,-5.8975529445e-1,2.0565099926e0,1.7590451618e-1,5.8935752008e-1,7.1392469108e-3
16.360204,2.6765600489e2,-9.8244631029e-4,2.2412480933e1,6.0850315095e-1,2.2404829451e-5,3.7252902985e-8,2.6756366815e2,-3.5640480166e-2,6.3517349286e0,4.7323708891e-1,6.8799325533e-2,2.2695330158e-1,2.6734308941e2,-5.8588017467e-1,2.0696854112e0,1.7803101180e-1,5.8548616133e-1,7.4959099293e-3
16.461224,2.7097164292e2,-9.6977121406e-4,2.2677731960e1,6.0916812191e-1,1.9621982858e-5,3.3527612686e-8,2.7088365421e2,-3.3597017587e-2,6.4181129103e0,4.7507013963e-1,6.6555595712e-2,2.1619222686e-1,2.7065695157e2,-5.8200636105e-1,2.0829426426e0,1.8015621573e-1,5.8161649037e-1,7.8695304692e-3
16.562245,2.7430769110e2,-9.5734521608e-4,2.2944615800e1,6.0982202301e-1,1.7170771002e-5,1.1175870895e-8,2.7422391052e2,-3.1651718414e-2,6.4848969976e0,4.7687993445e-1,6.4371900022e-2,2.0566261932e-1,2.7399123645e2,-5.7813418538e-1,2.0962815380e0,1.8227987218e-1,5.7774881088e-1,8.2608349621e-3
16.663265,2.7766414944e2,-9.4516163771e-4,2.3213132454e1,6.1046509232e-1,1.5013509255e-5,1.8626451492e-8,2.7758443668e2,-2.9801671736e-2,6.5520871852e0,4.7866680385e-1,6.2247145455e-2,1.9538861886e-1,2.7734596518e2,-5.7426390850e-1,2.1097021816e0,1.8440176767e-1,5.7388342433e-1,8.6705684662e-3
16.764286,2.8104101795e2,-9.3321403638e-4,2.3483281921e1,6.1109756170e-1,1.3116564389e-5,7.4505805969e-9,2.8096523194e2,-2.8043894210e-2,6.6196834585e0,4.8043107418e-1,6.0180239434e-2,1.8539088592e-1,2.8072112833e2,-5.7039582369e-1,2.1232045356e0,1.8652167410e-1,5.7002062992e-1,9.0994834900e-3
16.865306,2.8443829662e2,-9.2149619388e-4,2.3755064202e1,6.1171965704e-1,1.1449945987e-5,1.1175870895e-8,2.8436629685e2,-2.6375345808e-2,6.6876858268e0,4.8217306854e-1,5.8170090748e-2,1.7568675429e-1,2.8411672945e2,-5.6653020611e-1,2.1367886137e0,1.8863937646e-1,5.6616072442e-1,9.5483921468e-3
16.966327,2.8785598545e2,-9.1000210559e-4,2.4028479296e1,6.1233159842e-1,9.9869238852e-6,7.4505805969e-9,2.8778732397e2,-2.4793120561e-2,6.7560881385e0,4.8389295251e-1,5.6215610351e-2,1.6629036888e-1,2.8753277277e2,-5.6266732710e-1,2.1504544327e0,1.9075466498e-1,5.6230400237e-1,1.0018125176e-2
17.067347,2.9129408446e2,-8.9872597056e-4,2.4303527204e1,6.1293360024e-1,8.7037383878e-6,7.4505805969e-9,2.9122930595e2,-2.3293555196e-2,6.8249102358e0,4.8559153504e-1,5.4315712175e-2,1.5721290931e-1,2.9096924720e2,-5.5880747201e-1,2.1642019479e0,1.9286732518e-1,5.5845075588e-1,1.0509498417e-2
17.168367,2.9475259364e2,-8.8766218227e-4,2.4580207927e1,6.1352587146e-1,7.5792457892e-6,1.4901161194e-8,2.9469112058e2,-2.1874165025e-2,6.8941296725e0,4.8726856931e-1,5.2469313898e-2,1.4846276119e-1,2.9442616104e2,-5.5495090101e-1,2.1780311924e0,1.9497715942e-1,5.5460127462e-1,1.1023405939e-2
17.269388,2.9823151299e2,-8.7680532005e-4,2.4858521464e1,6.1410861570e-1,6.5946372843e-6,1.1175870895e-8,2.9817351293e2,-2.0531434918e-2,6.9637613370e0,4.8892472521e-1,5.0675337666e-2,1.4004573971e-1,2.9790351838e2,-5.5109787587e-1,2.1919421821e0,1.9708397204e-1,5.5075584583e-1,1.1560726911e-2
17.370408,3.0173084252e2,-8.6615014108e-4,2.5138467816e1,6.1468203145e-1,5.7332513848e-6,3.7252902985e-9,3.0167559336e2,-1.9262721936e-2,7.0337874303e0,4.9055988566e-1,4.8932710864e-2,1.3196527585e-1,3.0140131023e2,-5.4724866931e-1,2.2059348810e0,1.9918756422e-1,5.4691475424e-1,1.2122411281e-2
17.471429,3.0525058223e2,-8.5569157288e-4,2.5420046982e1,6.1524631217e-1,4.9803181241e-6,0.0000000000e0,3.0519856726e2,-1.8064354043e-2,7.1042320421e0,4.9217491223e-1,4.7240366721e-2,1.2422262505e-1,3.0491954702e2,-5.4340352923e-1,2.2200093304e0,2.0128775348e-1,5.4307828209e-1,1.2709379196e-2
17.572449,3.0879073212e2,-8.4542470624e-4,2.5703258963e1,6.1580164646e-1,4.3227286710e-6,3.7252902985e-9,3.0874141846e2,-1.6933794807e-2,7.1750748407e0,4.9376963053e-1,4.5597245023e-2,1.1681713164e-1,3.0845822070e2,-5.3956272023e-1,2.2341654980e0,2.0338435089e-1,5.3924670912e-1,1.3322610408e-2
17.673469,3.1235129219e2,-8.3534478854e-4,2.5988103759e1,6.1634821821e-1,3.7489041347e-6,0.0000000000e0,3.1230469919e2,-1.5867793429e-2,7.2463268541e0,4.9534458304e-1,4.4002292701e-2,1.0974637792e-1,3.1201733438e2,-5.3572649114e-1,2.2484033960e0,2.0547717875e-1,5.3542031243e-1,1.3963129371e-2
17.774490,3.1593226244e2,-8.2544721749e-4,2.6274581369e1,6.1688620672e-1,3.2486074133e-6,0.0000000000e0,3.1588826823e2,-1.4863484399e-2,7.3179852432e0,4.9689999195e-1,4.2454464451e-2,1.0300641879e-1,3.1559688323e2,-5.3189509560e-1,2.2627230049e0,2.0756605925e-1,5.3159936660e-1,1.4631953090e-2
17.875510,3.1953364289e2,-8.1572753516e-4,2.6562691796e1,6.1741578685e-1,2.8127795986e-6,-1.1175870895e-8,3.1949212864e2,-1.3917995076e-2,7.3900500532e0,4.9843614100e-1,4.0952723311e-2,9.6591945738e-2,3.1919688186e2,-5.2806876297e-1,2.2771243828e0,2.0965083032e-1,5.2778414351e-1,1.5330132097e-2
17.976531,3.2315543352e2,-8.0618142235e-4,2.6852435037e1,6.1793712913e-1,2.4334298132e-6,-3.7252902985e-9,3.2311628380e2,-1.3028520196e-2,7.4625213358e0,4.9995331003e-1,3.9496041141e-2,9.0496480465e-2,3.2281731485e2,-5.2424775065e-1,2.2916074679e0,2.1173131692e-1,5.2397491249e-1,1.6058761626e-2
18.077551,3.2679763433e2,-7.9680469320e-4,2.7143811094e1,6.1845039990e-1,2.1035182840e-6,0.0000000000e0,3.2676073708e2,-1.2192327322e-2,7.5353991410e0,5.0145177485e-1,3.8083399191e-2,8.4712576121e-2,3.2645819144e2,-5.2043228613e-1,2.3061722970e0,2.1380736264e-1,5.2017194012e-1,1.6818918288e-2
18.178571,3.3046024534e2,-7.8759329016e-4,2.7436819966e1,6.1895576140e-1,1.8168468046e-6,-7.4505805969e-9,3.3042549193e2,-1.1406761182e-2,7.6086835208e0,5.0293180736e-1,3.6713788595e-2,7.9231929034e-2,3.3011950748e2,-5.1662260712e-1,2.3208188532e0,2.1587880770e-1,5.1637549036e-1,1.7611749470e-2
18.279592,3.3414326655e2,-7.7854327907e-4,2.7731461654e1,6.1945337193e-1,1.5679702301e-6,1.1175870895e-8,3.3411055189e2,-1.0669247243e-2,7.6823745280e0,5.0439367549e-1,3.5386210729e-2,7.4045550078e-2,3.3380126459e2,-5.1281894135e-1,2.3355471430e0,2.1794549991e-1,5.1258582434e-1,1.8438424915e-2
18.380612,3.3784669794e2,-7.6965084457e-4,2.8027736158e1,6.1994338594e-1,1.3520883044e-6,3.7252902985e-9,3.3781592050e2,-9.9772945736e-3,7.7564722161e0,5.0583764327e-1,3.4099677790e-2,6.9143939763e-2,3.3750346096e2,-5.0902151606e-1,2.3503571587e0,2.2000728938e-1,5.0880320061e-1,1.9300110638e-2
18.481633,3.4157053954e2,-7.6091228570e-4,2.8325643478e1,6.2042595413e-1,1.1649750604e-6,-3.7252902985e-9,3.4154160134e2,-9.3284979363e-3,7.8309766386e0,5.0726397086e-1,3.2853213095e-2,6.4517110586e-2,3.4122610276e2,-5.0523054636e-1,2.3652489250e0,2.2206403479e-1,5.0502787479e-1,2.0198013633e-2
18.582653,3.4531479132e2,-7.5232401171e-4,2.8625183614e1,6.2090122357e-1,1.0029348232e-6,3.7252902985e-9,3.4528759800e2,-8.7205392467e-3,7.9058878493e0,5.0867291452e-1,3.1645851430e-2,6.0154825449e-2,3.4496918347e2,-5.0144625614e-1,2.3802224157e0,2.2411559193e-1,5.0126009988e-1,2.1133370697e-2
18.683673,3.4907945331e2,-7.4388253797e-4,2.8926356565e1,6.2136933779e-1,8.6272052613e-7,-7.4505805969e-9,3.4905391405e2,-8.1511884744e-3,7.9812059017e0,5.1006472671e-1,3.0476639505e-2,5.6046612561e-2,3.4873270756e2,-4.9766885401e-1,2.3952776483e0,2.2616182669e-1,4.9750012596e-1,2.2107426077e-2
18.784694,3.5286452550e2,-7.3558448224e-4,2.9229162333e1,6.2183043689e-1,7.4151836316e-7,3.7252902985e-9,3.5284055302e2,-7.6183039808e-3,8.0569308491e0,5.1143965610e-1,2.9344636275e-2,5.2181892097e-2,3.5251667241e2,-4.9389855152e-1,2.4104146123e0,2.2820260511e-1,4.9374820032e-1,2.3121457547e-2
18.885714,3.5667000788e2,-7.2742656090e-4,2.9533600917e1,6.2228465764e-1,6.3681000029e-7,7.4505805969e-9,3.5664751843e2,-7.1198323451e-3,8.1330627438e0,5.1279794756e-1,2.8248913091e-2,4.8550024629e-2,3.5632108194e2,-4.9013554944e-1,2.4256333232e0,2.3023780070e-1,4.9000456741e-1,2.4176750332e-2
18.986735,3.6049590047e2,-7.1940558551e-4,2.9839672318e1,6.2273213355e-1,5.4644249303e-7,-7.4505805969e-9,3.6047481432e2,-6.6538076709e-3,8.2096016499e0,5.1413984248e-1,2.7188554180e-2,4.5140430331e-2,3.6014592781e2,-4.8638005634e-1,2.4409337474e0,2.3226728430e-1,4.8626946885e-1,2.5274634361e-2
19.087755,3.6434220326e2,-7.1151845941e-4,3.0147376535e1,6.2317299499e-1,4.6853045887e-7,0.0000000000e0,3.6432244237e2,-6.2183514175e-3,8.2865475834e0,5.1546557773e-1,2.6162656760e-2,4.1942641139e-2,3.6399122023e2,-4.8263225824e-1,2.4563159258e0,2.3429094046e-1,4.8254314331e-1,2.6416420937e-2
19.188776,3.6820891626e2,-7.0376217449e-4,3.0456713568e1,6.2360736923e-1,4.0138507984e-7,7.4505805969e-9,3.6819040765e2,-5.8116695468e-3,8.3639006292e0,5.1677538775e-1,2.5170331366e-2,3.8946315646e-2,3.6785695510e2,-4.7889235081e-1,2.4717798417e0,2.3630864990e-1,4.7882582670e-1,2.7603484690e-2
19.289796,3.7209603946e2,-6.9613380815e-4,3.0767683418e1,6.2403538060e-1,3.4358646417e-7,1.4901161194e-8,3.7207871285e2,-5.4320525227e-3,8.4416608249e0,5.1806950259e-1,2.4210701973e-2,3.6141283810e-2,3.7174313084e2,-4.7516052276e-1,2.4873254886e0,2.3832029843e-1,4.7511775179e-1,2.8837159276e-2
19.390816,3.7600357286e2,-6.8863052030e-4,3.1080286085e1,6.2445715049e-1,2.9386217193e-7,7.4505805969e-9,3.7598736117e2,-5.0778727300e-3,8.5198282183e0,5.1934814890e-1,2.3282906253e-2,3.3517621458e-2,3.7564975178e2,-4.7143695271e-1,2.5029528839e0,2.4032577855e-1,4.7141914866e-1,3.0118852854e-2
19.491837,3.7993151647e2,-6.8124955056e-4,3.1394521568e1,6.2487279748e-1,2.5114144364e-7,0.0000000000e0,3.7991635573e2,-4.7475826118e-3,8.5984028563e0,5.2061154986e-1,2.2386095727e-2,3.1065717340e-2,3.7957681493e2,-4.6772182178e-1,2.5186620153e0,2.4232498259e-1,4.6773024434e-1,3.1449958682e-2
19.592857,3.8387987029e2,-6.7398821552e-4,3.1710389868e1,6.2528243739e-1,2.1444981257e-7,-7.4505805969e-9,3.8386569954e2,-4.4397124854e-3,8.6773847842e0,5.2185992515e-1,2.1519435907e-2,2.8776206076e-2,3.8352431892e2,-4.6401530492e-1,2.5344528774e0,2.4431780728e-1,4.6405126288e-1,3.2831870019e-2
19.693878,3.8784863432e2,-6.6684390611e-4,3.2027890985e1,6.2568618340e-1,1.8296515236e-7,0.0000000000e0,3.8783539556e2,-4.1528682197e-3,8.7567740462e0,5.2309349102e-1,2.0682106427e-2,2.6639997959e-2,3.8749226850e2,-4.6031756687e-1,2.5503254888e0,2.4630415591e-1,4.6038242545e-1,3.4266024828e-2
19.794898,3.9183780856e2,-6.5981408516e-4,3.2347024919e1,6.2608414606e-1,1.5597947822e-7,0.0000000000e0,3.9182544664e2,-3.8857288019e-3,8.8365706850e0,5.2431246035e-1,1.9873301139e-2,2.4648390710e-2,3.9148066106e2,-4.5662877459e-1,2.5662798392e0,2.4828393148e-1,4.5672395017e-1,3.5753816366e-2
19.895918,3.9584739301e2,-6.5289628493e-4,3.2667791670e1,6.2647643339e-1,1.3287268530e-7,-7.4505805969e-9,3.9583585551e2,-3.6370438324e-3,8.9167747418e0,5.2551704269e-1,1.9092228238e-2,2.2792972624e-2,3.9548949643e2,-4.5294908816e-1,2.5823159278e0,2.5025704159e-1,4.5307605212e-1,3.7296675146e-2
19.996939,3.9987738767e2,-6.4608810485e-4,3.2990191237e1,6.2686315095e-1,1.1309032288e-7,0.0000000000e0,3.9986662486e2,-3.4056309501e-3,8.9973862567e0,5.2670744428e-1,1.8338110316e-2,2.1065674722e-2,3.9951877549e2,-4.4927866206e-1,2.5984337578e0,2.5222339765e-1,4.4943894354e-1,3.8896068931e-2
20.097959,4.0392779254e2,-6.3938720925e-4,3.3314223622e1,6.2724440191e-1,9.6175881481e-8,-7.4505805969e-9,4.0391775723e2,-3.1903732273e-3,9.0784052680e0,5.2788386815e-1,1.7610184412e-2,1.9458815455e-2,4.0356849807e2,-4.4561764707e-1,2.6146333286e0,2.5418291383e-1,4.4581283354e-1,4.0553376079e-2
20.198980,4.0799860763e2,-6.3279132529e-4,3.3639888825e1,6.2762028711e-1,8.1722021150e-8,0.0000000000e0,4.0798925510e2,-2.9902165466e-3,9.1598318129e0,5.2904651409e-1,1.6907702051e-2,1.7965003848e-2,4.0763866477e2,-4.4196618858e-1,2.6309146424e0,2.5613550783e-1,4.4219792815e-1,4.2270079255e-2
20.300000,4.1208983292e2,-6.2629824087e-4,3.3967186844e1,6.2799090510e-1,6.9389386681e-8,0.0000000000e0,4.1208112084e2,-2.8041669775e-3,9.2416659268e0,5.3019557878e-1,1.6229929260e-2,1.6577243805e-2,4.1172927451e2,-4.3832442880e-1,2.6472776949e0,2.5808109968e-1,4.3859443051e-1,4.4047579169e-2
20.401020,4.1620146844e2,-6.1990580266e-4,3.4296117681e1,6.2835635222e-1,5.8868408814e-8,7.4505805969e-9,4.1619335674e2,-2.6312881792e-3,9.3239076441e0,5.3133125579e-1,1.5576146660e-2,1.5288814902e-2,4.1584032829e2,-4.3469250337e-1,2.6637224899e0,2.6001961349e-1,4.3500254059e-1,4.5887276530e-2
20.502041,4.2033351417e2,-6.1361191425e-4,3.4626681335e1,6.2871672268e-1,4.9900279464e-8,-7.4505805969e-9,4.2032596497e2,-2.4706988001e-3,9.4065569975e0,5.3245373562e-1,1.4945649313e-2,1.4093391597e-2,4.1997182604e2,-4.3107054421e-1,2.6802490271e0,2.6195097587e-1,4.3142245540e-1,4.7790624201e-2
20.603061,4.2448597011e2,-6.0741453426e-4,3.4958877806e1,6.2907210856e-1,4.2262172428e-8,0.0000000000e0,4.2447894763e2,-2.3215699497e-3,9.4896140184e0,5.3356320577e-1,1.4337746811e-2,1.2984953821e-2,4.2412072715e2,-4.2746128007e-1,2.6968451416e0,2.6387371347e-1,4.2785436890e-1,4.9758993089e-2
20.704082,4.2865883627e2,-6.0131167465e-4,3.5292707095e1,6.2942259991e-1,3.5765197026e-8,7.4505805969e-9,4.2865230673e2,-2.1831226992e-3,9.5730787368e0,5.3465985077e-1,1.3751763213e-2,1.1957786977e-2,4.2829615436e2,-4.2385702776e-1,2.7135473311e0,2.6579196800e-1,4.2429847183e-1,5.1793746650e-2
20.805102,4.3285211265e2,-5.9530139899e-4,3.5628169201e1,6.2976828481e-1,3.0241096738e-8,0.0000000000e0,4.3284604417e2,-2.0546256393e-3,9.6569511814e0,5.3574385225e-1,1.3187036973e-2,1.1006511748e-2,4.3248898458e2,-4.2026571093e-1,2.7303190965e0,2.6770146544e-1,4.2075495208e-1,5.3896270692e-2
20.906122,4.3706579925e2,-5.8938182085e-4,3.5965264125e1,6.3010924937e-1,2.5550491500e-8,-7.4505805969e-9,4.3706016178e2,-1.9353925056e-3,9.7412313797e0,5.3681538895e-1,1.2642920908e-2,1.0126039386e-2,4.3670225968e2,-4.1668484001e-1,2.7471726073e0,2.6960354742e-1,4.1722399433e-1,5.6067898870e-2
21.007143,4.4129989606e2,-5.8355110225e-4,3.6303991866e1,6.3044557783e-1,2.1567586828e-8,7.4505805969e-9,4.4129466130e2,-1.8247798650e-3,9.8259193577e0,5.3787463678e-1,1.2118782109e-2,9.3115493655e-3,4.4093597830e2,-4.1311452452e-1,2.7641078581e0,2.7149815419e-1,4.1370578021e-1,5.8309949934e-2
21.108163,4.4555440310e2,-5.7780745214e-4,3.6644352425e1,6.3077735259e-1,1.8193929918e-8,-7.4505805969e-9,4.4554954439e2,-1.7221848827e-3,9.9110151403e0,5.3892176889e-1,1.1614001916e-2,8.5585415363e-3,4.4519014219e2,-4.0955486679e-1,2.7811248557e0,2.7338523007e-1,4.1020048826e-1,6.0623690486e-2
21.209184,4.4982932035e2,-5.7214912494e-4,3.6986345802e1,6.3110465424e-1,1.5333853298e-8,0.0000000000e0,4.4982481263e2,-1.6270431444e-3,9.9965187512e0,5.3995695567e-1,1.1127975697e-2,7.8627690673e-3,4.4946475016e2,-4.0600596700e-1,2.7982235954e0,2.7526472070e-1,4.0670829402e-1,6.3010364771e-2
21.310204,4.5412464782e2,-5.6657441916e-4,3.7329971997e1,6.3142756165e-1,1.2910561509e-8,7.4505805969e-9,4.5412046752e2,-1.5388265806e-3,1.0082430213e1,5.4098036482e-1,1.0660112874e-2,7.2201937437e-3,4.5375980264e2,-4.0246791940e-1,2.8154040787e0,2.7713657499e-1,4.0322936979e-1,6.5471187234e-2
21.411224,4.5844038552e2,-5.6108167603e-4,3.7675231009e1,6.3174615197e-1,1.0859196209e-8,7.4505805969e-9,4.5843651048e2,-1.4570414498e-3,1.0168749547e1,5.4199216140e-1,1.0209836730e-2,6.6271051764e-3,4.5807530000e2,-3.9894081378e-1,2.8326663072e0,2.7900074437e-1,3.9976388492e-1,6.8007305264e-2
21.512245,4.6277653344e2,-5.5566927825e-4,3.8022122839e1,6.3206050069e-1,9.1350784714e-9,-7.4505805969e-9,4.6277294286e2,-1.3812264118e-3,1.0255476773e1,5.4299250785e-1,9.7765843347e-3,6.0799568892e-3,4.6241124171e2,-3.9542473618e-1,2.8500102785e0,2.8085718230e-1,3.9631200553e-1,7.0619873703e-2
21.613265,4.6713309157e2,-5.5033564867e-4,3.8370647487e1,6.3237068169e-1,7.6748847277e-9,0.0000000000e0,4.6712976595e2,-1.3109506723e-3,1.0342611911e1,5.4398156405e-1,9.3598063509e-3,5.5754706264e-3,4.6676762911e2,-3.9191976674e-1,2.8674359980e0,2.8270584547e-1,3.9287389482e-1,7.3309935629e-2
21.714286,4.7151005993e2,-5.4507924912e-4,3.8720804952e1,6.3267676728e-1,6.4497385210e-9,-7.4505805969e-9,4.7150698096e2,-1.2458122176e-3,1.0430154979e1,5.4495948734e-1,8.9589669714e-3,5.1105469465e-3,4.7114446075e2,-3.8842598344e-1,2.8849434598e0,2.8454669175e-1,3.8944971274e-1,7.6078526676e-2
21.815306,4.7590743852e2,-5.3989857927e-4,3.9072595236e1,6.3297882821e-1,5.4116640058e-9,0.0000000000e0,4.7590458904e2,-1.1854361189e-3,1.0518105994e1,5.4592643260e-1,8.5735437385e-3,4.6823024750e-3,4.7554173783e2,-3.8494345786e-1,2.9025326687e0,2.8637968242e-1,3.8603961630e-1,7.8926563263e-2
21.916327,4.8032522732e2,-5.3479217544e-4,3.9426018337e1,6.3327693375e-1,4.5226329348e-9,0.0000000000e0,4.8032259127e2,-1.1294729133e-3,1.0606464972e1,5.4688255225e-1,8.2030273190e-3,4.2880475521e-3,4.7995945964e2,-3.8147225888e-1,2.9202036217e0,2.8820478022e-1,3.8264375928e-1,8.1854954362e-2
22.017347,4.8476342636e2,-5.2975860956e-4,3.9781074257e1,6.3357115170e-1,3.7929908103e-9,-7.4505805969e-9,4.8476098869e2,-1.0775970757e-3,1.0695231929e1,5.4782799632e-1,7.8469214935e-3,3.9252638817e-3,4.8439762657e2,-3.7801245038e-1,2.9379563204e0,2.9002195055e-1,3.7926229243e-1,8.4864541888e-2
22.118367,4.8922203561e2,-5.2479648814e-4,4.0137762995e1,6.3386154845e-1,3.1806166589e-9,0.0000000000e0,4.8921978226e2,-1.0295055478e-3,1.0784406880e1,5.4876291247e-1,7.5047428851e-3,3.5915970802e-3,4.8885623867e2,-3.7456409244e-1,2.9557907649e0,2.9183116084e-1,3.7589536347e-1,8.7956026196e-2
22.219388,4.9370105509e2,-5.1990445119e-4,4.0496084550e1,6.3414818898e-1,2.6557813726e-9,7.4505805969e-9,4.9369897290e2,-9.8491634628e-4,1.0873989838e1,5.4968744603e-1,7.1760207532e-3,3.2848715782e-3,4.9333529596e2,-3.7112724123e-1,2.9737069552e0,2.9363238058e-1,3.7254311698e-1,9.1130107641e-2
22.320408,4.9820048479e2,-5.1508117134e-4,4.0856038924e1,6.3443113692e-1,2.2092194740e-9,1.4901161194e-8,4.9819856146e2,-9.4356725050e-4,1.0963980816e1,5.5060174005e-1,6.8602969344e-3,3.0030161142e-3,4.9783479849e2,-3.6770194899e-1,2.9917048914e0,2.9542558137e-1,3.6920569444e-1,9.4387352467e-2
22.421429,5.0272032473e2,-5.1032535279e-4,4.1217626116e1,6.3471045458e-1,1.8457058104e-9,-1.4901161194e-8,5.0271854877e2,-9.0521454832e-4,1.1054379826e1,5.5150593534e-1,6.5571256028e-3,2.7441754937e-3,5.0235666660e2,-3.6428685913e-1,3.0097922558e0,2.9721149176e-1,3.6588323434e-1,9.7728304565e-2
22.522449,5.0726057488e2,-5.0563573050e-4,4.1580846125e1,6.3498620298e-1,1.5443220036e-9,0.0000000000e0,5.0725893559e2,-8.6963184822e-4,1.1145186879e1,5.5240017048e-1,6.2660730047e-3,2.5065764785e-3,5.0689513922e2,-3.6088623217e-1,3.0279460012e0,2.9898782234e-1,3.6257587202e-1,1.0115328431e-1
22.623469,5.1182123526e2,-5.0101106923e-4,4.1945698954e1,6.3525844189e-1,1.2840928321e-9,1.4901161194e-8,5.1181972264e2,-8.3660896557e-4,1.1236401988e1,5.5328458190e-1,5.9867173734e-3,2.2885799408e-3,5.1145597837e2,-3.5749589326e-1,3.0461891785e0,3.0075681588e-1,3.5928373984e-1,1.0466266423e-1
22.724490,5.1640230587e2,-4.9645016276e-4,4.2312184600e1,6.3552722984e-1,1.0676330930e-9,1.4901161194e-8,5.1640091059e2,-8.0595086571e-4,1.1328025161e1,5.5415930387e-1,5.7186487578e-3,2.0886212587e-3,5.1603866720e2,-3.5411628638e-1,3.0645197199e0,3.0251823370e-1,3.5600696700e-1,1.0825663805e-1
22.825510,5.2100378671e2,-4.9195183301e-4,4.2680303064e1,6.3579262415e-1,8.8186880021e-10,0.0000000000e0,5.2100250007e2,-7.7747665917e-4,1.1420056408e1,5.5502446856e-1,5.4614686881e-3,1.9053220749e-3,5.2063671434e2,-3.5075205335e-1,3.0829116570e0,3.0426958123e-1,3.5274567977e-1,1.1193527281e-1
22.926531,5.2562567778e2,-4.8751492927e-4,4.3050054347e1,6.3605468100e-1,7.4317085819e-10,1.4901161194e-8,5.2562449170e2,-7.5101866676e-4,1.1512495738e1,5.5588020610e-1,5.2147901032e-3,1.7374008894e-3,5.2526116767e2,-3.4739540440e-1,3.1014091861e0,3.0601504471e-1,3.4950000129e-1,1.1569850147e-1
23.027551,5.3026797907e2,-4.8313832743e-4,4.3421438448e1,6.3631345541e-1,6.1652372096e-10,1.4901161194e-8,5.3026688602e2,-7.2642153002e-4,1.1605343160e1,5.5672664455e-1,4.9782370851e-3,1.5835911036e-3,5.2990378878e2,-3.4405218952e-1,3.1199793500e0,3.0775148043e-1,3.4627005167e-1,1.1954633892e-1
23.128571,5.3493069059e2,-4.7882092925e-4,4.3794455368e1,6.3656900129e-1,5.0977178034e-10,2.9802322388e-8,5.3492968357e2,-7.0354137946e-4,1.1698598681e1,5.5756391000e-1,4.7514447155e-3,1.4428049326e-3,5.3456685586e2,-3.4072082757e-1,3.1386312622e0,3.0947973852e-1,3.4305594809e-1,1.2347841263e-1
23.229592,5.3961381234e2,-4.7456166162e-4,4.4169105106e1,6.3682137145e-1,4.3075942813e-10,0.0000000000e0,5.3961288483e2,-6.8224504532e-4,1.1792262310e1,5.5839212655e-1,4.5340587508e-3,1.3139694929e-3,5.3925036804e2,-3.3740134257e-1,3.1573649194e0,3.1119980668e-1,3.3985780459e-1,1.2749435008e-1
23.330612,5.4431734432e2,-4.7035947588e-4,4.4545387662e1,6.3707061767e-1,3.4947333916e-10,0.0000000000e0,5.4431649026e2,-6.6240932586e-4,1.1886334052e1,5.5921141638e-1,4.3257355494e-3,1.1961311102e-3,5.4395432574e2,-3.3409375529e-1,3.1761803230e0,3.1291167472e-1,3.3667573228e-1,1.3159365952e-1
23.431633,5.4904128652e2,-4.6621334714e-4,4.4923303036e1,6.3731679066e-1,2.8308022593e-10,0.0000000000e0,5.4904050030e2,-6.4392029235e-4,1.1980813914e1,5.6002189978e-1,4.1261417852e-3,1.0884255171e-3,5.4867872972e2,-3.3079808401e-1,3.1950774762e0,3.1461533412e-1,3.3350983920e-1,1.3577568531e-1
23.532653,5.5378563896e2,-4.6212227365e-4,4.5302851229e1,6.3755994013e-1,2.3578650143e-10,1.4901161194e-8,5.5378491535e2,-6.2667264048e-4,1.2075701902e1,5.6082369515e-1,3.9349542446e-3,9.9003314972e-4,5.5342358042e2,-3.2751434520e-1,3.2140563806e0,3.1631077780e-1,3.3036023056e-1,1.4003959298e-1
23.633673,5.5855040163e2,-4.5808527611e-4,4.5684032240e1,6.3780011481e-1,1.9053914002e-10,0.0000000000e0,5.5854973579e2,-6.1056908506e-4,1.2170998023e1,5.6161691907e-1,3.7518597144e-3,9.0010464191e-4,5.5818887803e2,-3.2424255369e-1,3.2331170368e0,3.1799800003e-1,3.2722700843e-1,1.4438445866e-1
23.734694,5.6333557453e2,-4.5410139716e-4,4.6066846070e1,6.3803736245e-1,1.7337242753e-10,0.0000000000e0,5.6333496196e2,-5.9551978240e-4,1.2266702280e1,5.6240168629e-1,3.5765545134e-3,8.1801414490e-4,5.6297461881e2,-3.2098272518e-1,3.2522594301e0,3.1967699521e-1,3.2411027199e-1,1.4880926907e-1
23.835714,5.6814115765e2,-4.5016970068e-4,4.6451292719e1,6.3827172987e-1,1.3767476048e-10,0.0000000000e0,5.6814059420e2,-5.8144180822e-4,1.2362814680e1,5.6317810982e-1,3.4087446464e-3,7.4309110641e-4,5.6778080700e2,-3.1773486878e-1,3.2714835772e0,3.2134776192e-1,3.2101011742e-1,1.5331266820e-1
23.936735,5.7296715101e2,-4.4628927132e-4,4.6837372185e1,6.3850326296e-1,1.1812062439e-10,1.4901161194e-8,5.7296663281e2,-5.6825865030e-4,1.2459335226e1,5.6394630090e-1,3.2481453045e-3,6.7478418350e-4,5.7260892137e2,-3.1449805487e-1,3.2907953936e0,3.2301080566e-1,3.1792663804e-1,1.5789337456e-1
24.037755,5.7781355460e2,-4.4245921385e-4,4.7225084471e1,6.3873200672e-1,8.9016793936e-11,-1.4901161194e-8,5.7781307809e2,-5.5589974608e-4,1.2556263924e1,5.6470636904e-1,3.0944807733e-3,6.1248242855e-4,5.7745452137e2,-3.1127511674e-1,3.3101771158e0,3.2466460377e-1,3.1485992416e-1,1.6254976392e-1
24.138776,5.8268036842e2,-4.3867865272e-4,4.7614429575e1,6.3895800527e-1,6.7188921093e-11,1.4901161194e-8,5.8267993028e2,-5.4430004672e-4,1.2653600776e1,5.6545842209e-1,2.9474841920e-3,5.5572390556e-4,5.8232204821e2,-3.0806323932e-1,3.3296465099e0,3.2631068008e-1,3.1181006326e-1,1.6728022695e-1
24.239796,5.8756759247e2,-4.3494673146e-4,4.8005407497e1,6.3918130185e-1,5.4114934755e-11,0.0000000000e0,5.8756718966e2,-5.3339961276e-4,1.2751345788e1,5.6620256622e-1,2.8068974235e-3,5.0398707390e-4,5.8721002057e2,-3.0486337295e-1,3.3491976500e0,3.2794852912e-1,3.0877713986e-1,1.7208273709e-1
24.340816,5.9247522676e2,-4.3126261222e-4,4.8398018238e1,6.3940193890e-1,5.1386450650e-11,0.0000000000e0,5.9247485643e2,-5.2314323279e-4,1.2849498961e1,5.6693890597e-1,2.6724707363e-3,4.5686960220e-4,5.9211843956e2,-3.0167552510e-1,3.3688305408e0,3.2957815490e-1,3.0576123559e-1,1.7695532739e-1
24.441837,5.9740327128e2,-4.2762547528e-4,4.8792261798e1,6.3961995801e-1,3.9676706365e-11,-1.4901161194e-8,5.9740293083e2,-5.1348007199e-4,1.2948060300e1,5.6766754428e-1,2.5439626636e-3,4.1401386261e-4,5.9704730467e2,-2.9849970426e-1,3.3885451801e0,3.3119956207e-1,3.0276242931e-1,1.8189576268e-1
24.542857,6.0235172602e2,-4.2403451856e-4,4.9188138176e1,6.3983539999e-1,3.2059688237e-11,0.0000000000e0,6.0235141305e2,-5.0436334410e-4,1.3047029808e1,5.6838858252e-1,2.4211398357e-3,3.7503242493e-4,6.0199661575e2,-2.9533591889e-1,3.4083415672e0,3.3281275659e-1,2.9978079682e-1,1.8690174818e-1
24.643878,6.0732059101e2,-4.2048895717e-4,4.9585647373e1,6.4004830484e-1,3.0922819860e-11,0.0000000000e0,6.0732030327e2,-4.9575000237e-4,1.3146407486e1,5.6910212048e-1,2.3037766274e-3,3.3955276012e-4,6.0696637394e2,-2.9218417718e-1,3.4282197066e0,3.3441774596e-1,2.9681641130e-1,1.9197060168e-1
24.744898,6.1230986622e2,-4.1698802297e-4,4.9984789388e1,6.4025871182e-1,2.6830093702e-11,2.9802322388e-8,6.1230960167e2,-4.8760045894e-4,1.3246193339e1,5.6980825645e-1,2.1916551556e-3,3.0732154846e-4,6.1195657790e2,-2.8904448956e-1,3.4481795931e0,3.3601453799e-1,2.9386934301e-1,1.9709958136e-1
24.845918,6.1731955167e2,-4.1353096414e-4,5.0385564223e1,6.4046665944e-1,2.9103830457e-11,-1.4901161194e-8,6.1731930840e2,-4.7987831744e-4,1.3346387367e1,5.7050708721e-1,2.0845649433e-3,2.7798116207e-4,6.1696722819e2,-2.8591686632e-1,3.4682212289e0,3.3760314215e-1,2.9093965943e-1,2.0228591561e-1
24.946939,6.2234964735e2,-4.1011704475e-4,5.0787971876e1,6.4067218546e-1,2.0008883439e-11,0.0000000000e0,6.2234942362e2,-4.7255012924e-4,1.3446989574e1,5.7119870807e-1,1.9823028397e-3,2.5144219398e-4,6.2199832488e2,-2.8280131932e-1,3.4883446142e0,3.3918356883e-1,2.8802742518e-1,2.0752643049e-1
25.047959,6.2740015326e2,-4.0674554438e-4,5.1192012347e1,6.4087532695e-1,8.9812601800e-12,2.9802322388e-8,6.2739994747e2,-4.6558516278e-4,1.3547999962e1,5.7188321286e-1,1.8846726854e-3,2.2730231285e-4,6.2704986799e2,-2.7969786198e-1,3.5085497491e0,3.4075582936e-1,2.8513270217e-1,2.1281792223e-1
25.148980,6.3247106941e2,-4.0341575769e-4,5.1597685638e1,6.4107612027e-1,7.0485839387e-12,0.0000000000e0,6.3247088006e2,-4.5895519347e-4,1.3649418532e1,5.7256069403e-1,1.7914852202e-3,2.0541250706e-4,6.3212366366e2,-2.7660548988e-1,3.5288438584e0,3.4232049048e-1,2.8225554955e-1,2.1815688908e-1
25.250000,6.3756239579e2,-4.0012699406e-4,5.2004991747e1,6.4127460110e-1,1.3756107364e-11,-1.4901161194e-8,6.3756222153e2,-4.5263430670e-4,1.3751245286e1,5.7323124260e-1,1.7025578636e-3,1.8548965454e-4,6.3721429424e2,-2.7352727891e-1,3.5492052708e0,3.4387590252e-1,2.7939602377e-1,2.2353978455e-1
25.351020,6.4267413241e2,-3.9687857723e-4,5.2413930675e1,6.4147080445e-1,1.0459189070e-11,0.0000000000e0,6.4267397197e2,-4.4659871598e-4,1.3853480226e1,5.7389494820e-1,1.6177145377e-3,1.6744434834e-4,6.4232862529e2,-2.7045938921e-1,3.5696614495e0,3.4542417889e-1,2.7655417846e-1,2.2896276414e-1
25.452041,6.4780627926e2,-3.9366984493e-4,5.2824502422e1,6.4166476466e-1,9.3223206932e-12,0.0000000000e0,6.4780613149e2,-4.4082659485e-4,1.3956123354e1,5.7455189913e-1,1.5367855333e-3,1.5114247799e-4,6.4746050312e2,-2.6740526757e-1,3.5901877788e0,3.4696347029e-1,2.7373006463e-1,2.3442198336e-1
25.553061,6.5295883635e2,-3.9050014852e-4,5.3236706987e1,6.4185651548e-1,7.1622707765e-12,1.4901161194e-8,6.5295870018e2,-4.3529791886e-4,1.4059174670e1,5.7520218233e-1,1.4596071825e-3,1.3631582260e-4,6.5261427754e2,-2.6436253293e-1,3.6108016588e0,3.4849510337e-1,2.7092373062e-1,2.3991332948e-1
25.654082,6.5813180367e2,-3.8736885266e-4,5.3650544371e1,6.4204608997e-1,5.5706550484e-12,-2.9802322388e-8,6.5813167814e2,-4.2999432346e-4,1.4162634176e1,5.7584588346e-1,1.3860218628e-3,1.2293457985e-4,6.5778963318e2,-2.6133140708e-1,3.6315018278e0,3.5001899053e-1,2.6813522204e-1,2.4543255568e-1
25.755102,6.6332518122e2,-3.8427533499e-4,5.4066014574e1,6.4223352065e-1,2.1600499167e-12,1.4901161194e-8,6.6332506543e2,-4.2489896888e-4,1.4266501873e1,5.7648308686e-1,1.3158777060e-3,1.1080503464e-4,6.6298316547e2,-2.5831374759e-1,3.6522746672e0,3.5153415156e-1,2.6536458192e-1,2.5097513199e-1
25.856122,6.6853896901e2,-3.8121898581e-4,5.4483117596e1,6.4241883937e-1,2.5011104299e-12,0.0000000000e0,6.6853886213e2,-4.1999641718e-4,1.4370777763e1,5.7711387561e-1,1.2490284622e-3,9.9793076515e-5,6.6819827783e2,-2.5530776432e-1,3.6731337913e0,3.5304160233e-1,2.6261185067e-1,2.5653652847e-1
25.957143,6.7377316704e2,-3.7819920775e-4,5.4901853437e1,6.4260207746e-1,2.5011104299e-12,0.0000000000e0,6.7377306832e2,-4.1527251824e-4,1.4475461846e1,5.7773833155e-1,1.1853333436e-3,8.9898705482e-5,6.7343505200e2,-2.5231347260e-1,3.6940795269e0,3.5454137618e-1,2.5987706601e-1,2.6211202145e-1
26.058163,6.7902777530e2,-3.7521541550e-4,5.5322222097e1,6.4278326563e-1,7.2759576142e-12,0.0000000000e0,6.7902768404e2,-4.1071430441e-4,1.4580554124e1,5.7835653529e-1,1.1246568507e-3,8.0958008766e-5,6.7868984153e2,-2.4933281114e-1,3.7150972881e0,3.5603245355e-1,2.5716026325e-1,2.6769670844e-1
26.159184,6.8430279379e2,-3.7226703547e-4,5.5744223575e1,6.4296243406e-1,1.5916157281e-12,0.0000000000e0,6.8430270937e2,-4.0630989284e-4,1.4686054596e1,5.7896856623e-1,1.0668685554e-3,7.2851777077e-5,6.8396734818e2,-2.4636339489e-1,3.7362058823e0,3.5751618979e-1,2.5446147497e-1,2.7328562737e-1
26.260204,6.8959822253e2,-3.6935350558e-4,5.6167857873e1,6.4313961237e-1,3.1832314562e-12,-1.4901161194e-8,6.8959814435e2,-4.0204839696e-4,1.4791963265e1,5.7957450259e-1,1.0118430575e-3,6.5535306931e-5,6.8926318868e2,-2.4340752017e-1,3.7573877762e0,3.5899137324e-1,2.5178073129e-1,2.7887353301e-1
26.361224,6.9491406149e2,-3.6647427490e-4,5.6593124989e1,6.4331482965e-1,5.6843418861e-13,-1.4901161194e-8,6.9491398904e2,-3.9791984340e-4,1.4898280130e1,5.8017442141e-1,9.5945978421e-4,5.8919191360e-5,6.9458053037e2,-2.4046363177e-1,3.7786556397e0,3.6045891217e-1,2.4911805987e-1,2.8445528448e-1
26.462245,7.0025031070e2,-3.6362880344e-4,5.7020024925e1,6.4348811446e-1,4.4337866711e-12,1.4901161194e-8,7.0025024347e2,-3.9391509494e-4,1.5005005193e1,5.8076839860e-1,9.0960270916e-4,5.2943825722e-5,6.9991831844e2,-2.3753232852e-1,3.8000052534e0,3.6191853399e-1,2.4647348571e-1,2.9002538323e-1
26.563265,7.0560697014e2,-3.6081656188e-4,5.7448557679e1,6.4365949485e-1,2.9558577808e-12,4.4703483582e-8,7.0560690769e2,-3.9002578202e-4,1.5112138454e1,5.8135650893e-1,8.6216039642e-4,4.7534704208e-5,7.0527655085e2,-2.3461367858e-1,3.8214366093e0,3.6337026135e-1,2.4384703160e-1,2.9557836056e-1
26.664286,7.1098403982e2,-3.5803703128e-4,5.7878723252e1,6.4382899837e-1,5.6843418861e-12,0.0000000000e0,7.1098398174e2,-3.8624423744e-4,1.5219679913e1,5.8193882606e-1,8.1702575733e-4,4.2721629143e-5,7.1065522900e2,-2.3170775373e-1,3.8429497132e0,3.6481411843e-1,2.4123871760e-1,3.0110856891e-1
26.765306,7.1638151973e2,-3.5528970290e-4,5.8310521644e1,6.4399665207e-1,2.2737367544e-12,1.4901161194e-8,7.1638146566e2,-3.8256343742e-4,1.5327629572e1,5.8251542257e-1,7.7409595076e-4,3.8355588913e-5,7.1605435257e2,-2.2881463223e-1,3.8645445640e0,3.6625012952e-1,2.3864856152e-1,3.0661037564e-1
26.866327,7.2179940988e2,-3.5257407789e-4,5.8743952855e1,6.4416248253e-1,8.0717654782e-12,-2.9802322388e-8,7.2179935946e2,-3.7897694649e-4,1.5435987430e1,5.8308636995e-1,7.3327216330e-4,3.4421682358e-5,7.2147392071e2,-2.2593439826e-1,3.8862211585e0,3.6767831932e-1,2.3607657875e-1,3.1207798421e-1
26.967347,7.2723771027e2,-3.4988966710e-4,5.9179016885e1,6.4432651585e-1,8.2991391537e-12,0.0000000000e0,7.2723766320e2,-3.7547886792e-4,1.5544753488e1,5.8365173865e-1,6.9445953750e-4,3.0905008316e-5,7.2691393299e2,-2.2306714167e-1,3.9079794951e0,3.6909871319e-1,2.3352278224e-1,3.1750553846e-1
27.068367,7.3269642089e2,-3.4723599084e-4,5.9615713734e1,6.4448877768e-1,2.6147972676e-12,-2.9802322388e-8,7.3269637688e2,-3.7206379787e-4,1.5653927747e1,5.8421159808e-1,6.5756708091e-4,2.7716159821e-5,7.3237439011e2,-2.2021295777e-1,3.9298195768e0,3.7051133730e-1,2.3098718260e-1,3.2288709283e-1
27.169388,7.3817554176e2,-3.4461257866e-4,6.0054043402e1,6.4464929320e-1,3.1832314562e-12,5.9604644775e-8,7.3817550054e2,-3.6872678263e-4,1.5763510206e1,5.8476601661e-1,6.2250743940e-4,2.4825334549e-5,7.3785529143e2,-2.1737194861e-1,3.9517414014e0,3.7191621796e-1,2.2846978821e-1,3.2821670175e-1
27.270408,7.4367507286e2,-3.4201896915e-4,6.0494005889e1,6.4480808716e-1,1.5916157281e-12,-5.9604644775e-8,7.4367503420e2,-3.6546328014e-4,1.5873500867e1,5.8531506163e-1,5.8919682363e-4,2.2262334824e-5,7.4335663695e2,-2.1454422215e-1,3.9737449690e0,3.7331338212e-1,2.2597060501e-1,3.3348840475e-1
27.371429,7.4919501419e2,-3.3945470970e-4,6.0935601195e1,6.4496518389e-1,1.5916157281e-12,-2.9802322388e-8,7.4919497788e2,-3.6226912432e-4,1.5983899729e1,5.8585879953e-1,5.5755483925e-4,1.9848346710e-5,7.4887842579e2,-2.1172989305e-1,3.9958302764e0,3.7470285698e-1,2.2348963665e-1,3.3869606256e-1
27.472449,7.5473536577e2,-3.3691935634e-4,6.1378829320e1,6.4512060727e-1,1.8189894035e-12,0.0000000000e0,7.5473533160e2,-3.5914049288e-4,1.6094706793e1,5.8639729572e-1,5.2750446287e-4,1.7791986465e-5,7.5442065872e2,-2.0892908159e-1,4.0179973270e0,3.7608467059e-1,2.2102688471e-1,3.4383371472e-1
27.573469,7.6029612758e2,-3.3441247349e-4,6.1823690264e1,6.4527438079e-1,1.5916157281e-12,0.0000000000e0,7.6029609538e2,-3.5607387732e-4,1.6205922059e1,5.8693061467e-1,4.9897189626e-4,1.5944242477e-5,7.5998333418e2,-2.0614191547e-1,4.0402461148e0,3.7745885083e-1,2.1858234830e-1,3.4889531136e-1
27.674490,7.6587729963e2,-3.3193363381e-4,6.2270184027e1,6.4542652750e-1,8.1854523160e-12,5.9604644775e-8,7.6587726923e2,-3.5306605501e-4,1.6317545527e1,5.8745881991e-1,4.7188629230e-4,1.4245510101e-5,7.6556645256e2,-2.0336852796e-1,4.0625766417e0,3.7882542650e-1,2.1615602444e-1,3.5387483239e-1
27.775510,7.7147888192e2,-3.2948241801e-4,6.2718310610e1,6.4557707009e-1,9.0949470177e-13,0.0000000000e0,7.7147885317e2,-3.5011406513e-4,1.6429577197e1,5.8798197403e-1,4.4617988556e-4,1.2785196304e-5,7.7117036150e2,-2.0060891030e-1,4.0849902987e0,3.8018451058e-1,2.1374790795e-1,3.5876607895e-1
27.876531,7.7710087444e2,-3.2705841464e-4,6.3168070011e1,6.4572603083e-1,3.5242919694e-12,2.9802322388e-8,7.7710084721e2,-3.4721518539e-4,1.6542017071e1,5.8850013872e-1,4.2178779552e-4,1.1414289474e-5,7.7679401692e2,-1.9786365527e-1,4.1074829096e0,3.8153588047e-1,2.1135799153e-1,3.6356329918e-1
27.977551,7.8274327721e2,-3.2466121995e-4,6.3619462231e1,6.4587343163e-1,4.8885340220e-12,0.0000000000e0,7.8274325136e2,-3.4436691067e-4,1.6654865147e1,5.8901337478e-1,3.9864777705e-4,1.0162591934e-5,7.8243846153e2,-1.9513246971e-1,4.1300586458e0,3.8287981769e-1,2.0898626568e-1,3.6826038361e-1
28.078571,7.8840609021e2,-3.2229043767e-4,6.4072487271e1,6.4601929401e-1,4.2064129957e-12,5.9604644775e-8,7.8840606564e2,-3.4156693473e-4,1.6768121426e1,5.8952174212e-1,3.7670037705e-4,9.0301036835e-6,7.8810334782e2,-1.9241566126e-1,4.1527161176e0,3.8421626851e-1,2.0663271883e-1,3.7285155058e-1
28.179592,7.9408931345e2,-3.1994567889e-4,6.4527145129e1,6.4616363913e-1,5.6843418861e-12,0.0000000000e0,7.9408929006e2,-3.3881313203e-4,1.6881785909e1,5.9002529979e-1,3.5588862204e-4,8.1062316895e-6,7.9378945294e2,-1.8971307762e-1,4.1754584340e0,3.8554544421e-1,2.0429733727e-1,3.7733092904e-1
28.280612,7.9979294693e2,-3.1762656187e-4,6.4983435807e1,6.4630648779e-1,2.8421709430e-12,-2.9802322388e-8,7.9979292461e2,-3.3610354233e-4,1.6995858595e1,5.9052410599e-1,3.3615810003e-4,7.2717666626e-6,7.9949444231e2,-1.8702584440e-1,4.1982762573e0,3.8686683237e-1,2.0198010532e-1,3.8169294596e-1
28.381633,8.0551699065e2,-3.1533271190e-4,6.5441359303e1,6.4644786044e-1,3.5242919694e-12,0.0000000000e0,8.0551696932e2,-3.3343635531e-4,1.7110339484e1,5.9101821807e-1,3.1745657691e-4,6.4373016357e-6,8.0522132218e2,-1.8435291670e-1,4.2211816127e0,3.8818116071e-1,1.9968100520e-1,3.8593187928e-1
28.482653,8.1126144461e2,-3.1306376111e-4,6.5900915619e1,6.4658777717e-1,7.2759576142e-12,0.0000000000e0,8.1126142420e2,-3.3080989847e-4,1.7225228577e1,5.9150769258e-1,2.9973434914e-4,5.8114528656e-6,8.1096762948e2,-1.8169547056e-1,4.2441646486e0,3.8948789394e-1,1.9740001715e-1,3.9004227519e-1
28.583673,8.1702630881e2,-3.1081934835e-4,6.6362104754e1,6.4672625776e-1,9.0949470177e-13,0.0000000000e0,8.1702628923e2,-3.2822262376e-4,1.7340525874e1,5.9199258522e-1,2.8294367701e-4,5.0961971283e-6,8.1673567524e2,-1.7905277919e-1,4.2672346093e0,3.9078758833e-1,1.9513711944e-1,3.9401879907e-1
28.684694,8.2281158324e2,-3.0859911904e-4,6.6824926708e1,6.4686332163e-1,3.2969182939e-12,2.9802322388e-8,8.2281156445e2,-3.2567309760e-4,1.7456231375e1,5.9247295094e-1,2.6703914739e-4,4.5895576477e-6,8.2252190923e2,-1.7642642487e-1,4.2903772949e0,3.9207947876e-1,1.9289228838e-1,3.9785617590e-1
28.785714,8.2861726791e2,-3.0640272501e-4,6.7289381482e1,6.4699898789e-1,7.9580786405e-13,-2.9802322388e-8,8.2861724984e2,-3.2315998983e-4,1.7572345079e1,5.9294884387e-1,2.5197714319e-4,4.0531158447e-6,8.2832987233e2,-1.7381522691e-1,4.3136068692e0,3.9336439087e-1,1.9066549831e-1,4.0154939890e-1
28.886735,8.3444336283e2,-3.0422982437e-4,6.7755469074e1,6.4713327534e-1,5.6843418861e-13,-2.9802322388e-8,8.3444334542e2,-3.2068206537e-4,1.7688866987e1,5.9342031737e-1,2.3771616588e-4,3.5762786865e-6,8.3415827181e2,-1.7121989522e-1,4.3369181617e0,3.9464206706e-1,1.8845672179e-1,4.0509352088e-1
28.987755,8.4028986798e2,-3.0208008138e-4,6.8223189486e1,6.4726620244e-1,2.5011104299e-12,0.0000000000e0,8.4028985119e2,-3.1823817542e-4,1.7805797100e1,5.9388742407e-1,2.2421654364e-4,3.2484531403e-6,8.4000710877e2,-1.6864063944e-1,4.3603111776e0,3.9591254017e-1,1.8626592929e-1,4.0848401189e-1
29.088776,8.4615678337e2,-2.9995316631e-4,6.8692542716e1,6.4739778738e-1,3.7516656448e-12,2.9802322388e-8,8.4615676716e2,-3.1582724998e-4,1.7923135416e1,5.9435021581e-1,2.1144043023e-4,2.8312206268e-6,8.4587638295e2,-1.6607767446e-1,4.3837859165e0,3.9717584291e-1,1.8409308960e-1,4.1171616316e-1
29.189796,8.5204410901e2,-2.9784875530e-4,6.9163528766e1,6.4752804801e-1,4.3200998334e-12,0.0000000000e0,8.5204409332e2,-3.1344829065e-4,1.8040881937e1,5.9480874374e-1,1.9935157115e-4,2.5629997253e-6,8.5176608960e2,-1.6353122109e-1,4.4073423599e0,3.9843200724e-1,1.8193816974e-1,4.1478583217e-1
29.290816,8.5795184488e2,-2.9576653026e-4,6.9636147635e1,6.4765700192e-1,8.0717654782e-12,0.0000000000e0,8.5795182969e2,-3.1110036486e-4,1.8159036662e1,5.9526305823e-1,1.8791551975e-4,2.2649765015e-6,8.5767623452e2,-1.6100150030e-1,4.4309805316e0,3.9968106755e-1,1.7980113476e-1,4.1768881679e-1
29.391837,8.6387999099e2,-2.9370617873e-4,7.0110399324e1,6.4778466640e-1,2.2737367544e-13,2.9802322388e-8,8.6387997626e2,-3.0878259979e-4,1.8277599591e1,5.9571320900e-1,1.7709941881e-4,2.0265579224e-6,8.6360681304e2,-1.5848874056e-1,4.4547004139e0,4.0092305619e-1,1.7768194808e-1,4.2042121291e-1
29.492857,8.6982854734e2,-2.9166739376e-4,7.0586283831e1,6.4791105844e-1,3.7516656448e-12,0.0000000000e0,8.6982853304e2,-3.0649417702e-4,1.8396570725e1,5.9615924503e-1,1.6687176924e-4,1.7881393433e-6,8.6955782427e2,-1.5599317233e-1,4.4785020036e0,4.0215800646e-1,1.7558057126e-1,4.2297956347e-1
29.593878,8.7579751393e2,-2.8964987378e-4,7.1063801158e1,6.4803619479e-1,8.7538865046e-12,0.0000000000e0,8.7579750004e2,-3.0423432815e-4,1.8515950063e1,5.9660121461e-1,1.5720265856e-4,1.5795230865e-6,8.7552961793e2,-1.5351490733e-1,4.5023867004e0,4.0338602359e-1,1.7349696427e-1,4.2536029220e-1
29.694898,8.8178689076e2,-2.8765332253e-4,7.1542951304e1,6.4816009189e-1,9.8907548818e-12,2.9802322388e-8,8.8178687725e2,-3.0200233040e-4,1.8635737605e1,5.9703916537e-1,1.4806362219e-4,1.4305114746e-6,8.8152114492e2,-1.5105454545e-1,4.5263503088e0,4.0460692660e-1,1.7143108533e-1,4.2756053805e-1
29.795918,8.8779667783e2,-2.8567744890e-4,7.2023734269e1,6.4828276594e-1,1.4779288904e-12,0.0000000000e0,8.8779666467e2,-2.9979750253e-4,1.8755933352e1,5.9747314427e-1,1.3942742476e-4,1.2516975403e-6,8.8753456374e2,-1.4861158456e-1,4.5504014632e0,4.0582118715e-1,1.6938289093e-1,4.2957726121e-1
29.896939,8.9382687514e2,-2.8372196685e-4,7.2506150053e1,6.4840423287e-1,4.4337866711e-12,2.9802322388e-8,8.9382686232e2,-2.9761920137e-4,1.8876537304e1,5.9790319760e-1,1.3126812405e-4,1.1622905731e-6,8.9356619131e2,-1.4618751543e-1,4.5745254325e0,4.0702809764e-1,1.6735233607e-1,4.3140801787e-1
29.997959,8.9987748269e2,-2.8178659529e-4,7.2990198656e1,6.4852450834e-1,4.5474735089e-13,2.9802322388e-8,8.9987747018e2,-2.9546681881e-4,1.8997549459e1,5.9832937102e-1,1.2356114075e-4,9.5367431641e-7,8.9961935889e2,-1.4378145031e-1,4.5987355423e0,4.0822836183e-1,1.6533937405e-1,4.3305027485e-1
30.098980,9.0594850049e2,-2.7987105798e-4,7.3475880079e1,6.4864360777e-1,5.6843418861e-13,2.9802322388e-8,9.0594848827e2,-2.9333977847e-4,1.9118969820e1,5.9875170953e-1,1.1628289042e-4,8.9406967163e-7,9.0569295644e2,-1.4139400751e-1,4.6230273532e0,4.0942179083e-1,1.6334395657e-1,4.3450236320e-1
30.200000,9.1203992852e2,-2.7797508344e-4,7.3963194321e1,6.4876154635e-1,3.8653524825e-12,-2.9802322388e-8,9.1203991658e2,-2.9123753344e-4,1.9240798385e1,5.9917025752e-1,1.0941104927e-4,7.4505805969e-7,9.1178698166e2,-1.3902543044e-1,4.6474008569e0,4.1060841850e-1,1.6136603386e-1,4.3576222658e-1
30.301020,9.1815176679e2,-2.7609840484e-4,7.4452141382e1,6.4887833899e-1,2.2737367544e-12,5.9604644775e-8,9.1815175512e2,-2.8915956353e-4,1.9363035154e1,5.9958505878e-1,1.0292422485e-4,6.8545341492e-7,9.1790045586e2,-1.3667627394e-1,4.6718521397e0,4.1178809127e-1,1.5940555455e-1,4.3682855368e-1
30.402041,9.2428401530e2,-2.7424075991e-4,7.4942721263e1,6.4899400041e-1,1.1368683772e-13,0.0000000000e0,9.2428400389e2,-2.8710537347e-4,1.9485680128e1,5.9999615646e-1,9.6802312669e-5,6.5565109253e-7,9.2403631334e2,-1.3434584450e-1,4.6963929391e0,4.1296140728e-1,1.5746246578e-1,4.3770036101e-1
30.503061,9.3043667406e2,-2.7240189085e-4,7.5434933963e1,6.4910854504e-1,4.8885340220e-12,2.9802322388e-8,9.3043666288e2,-2.8507449047e-4,1.9608733307e1,6.0040359314e-1,9.1025926736e-5,5.0663948059e-7,9.3019161740e2,-1.3203532019e-1,4.7210115096e0,4.1412783697e-1,1.5553671327e-1,4.3837660551e-1
30.604082,9.3660974305e2,-2.7058154420e-4,7.5928779482e1,6.4922198714e-1,5.6843418861e-12,-2.9802322388e-8,9.3660973210e2,-2.8306646277e-4,1.9732194691e1,6.0080741079e-1,8.5576753804e-5,4.1723251343e-7,9.3636734642e2,-1.2974462913e-1,4.7457117656e0,4.1528760289e-1,1.5362824125e-1,4.3885672092e-1
30.705102,9.4280322229e2,-2.6877947083e-4,7.6424257820e1,6.4933434070e-1,6.7075234256e-12,0.0000000000e0,9.4280321155e2,-2.8108085787e-4,1.9856064279e1,6.0120765082e-1,8.0437371480e-5,4.1723251343e-7,9.4256290349e2,-1.2747419086e-1,4.7704913204e0,4.1644062911e-1,1.5173699250e-1,4.3914079666e-1
30.806122,9.4901711176e2,-2.6699542577e-4,7.6921368977e1,6.4944561951e-1,3.0695446185e-12,-5.9604644775e-8,9.4901710124e2,-2.7911726102e-4,1.9980342071e1,6.0160435407e-1,7.5591195923e-5,3.5762786865e-7,9.4878007575e2,-1.2522369892e-1,4.7953573231e0,4.1758728145e-1,1.4986290850e-1,4.3922856450e-1
30.907143,9.5525141148e2,-2.6522916818e-4,7.7420112954e1,6.4955583715e-1,3.6379788071e-12,-2.9802322388e-8,9.5525140115e2,-2.7717527394e-4,2.0105028069e1,6.0199756081e-1,7.1022493898e-5,2.9802322388e-7,9.5501687289e2,-1.2299398937e-1,4.8203018138e0,4.1872722655e-1,1.4800592926e-1,4.3912059069e-1
31.008163,9.6150612143e2,-2.6348046125e-4,7.7920489750e1,6.4966500697e-1,8.2991391537e-12,-2.9802322388e-8,9.6150611130e2,-2.7525451359e-4,2.0230122271e1,6.0238731076e-1,6.6716332299e-5,2.9802322388e-7,9.6127394521e2,-1.2078509323e-1,4.8453273946e0,4.1986062040e-1,1.4616599350e-1,4.3881750107e-1
31.109184,9.6778124163e2,-2.6174907211e-4,7.8422499366e1,6.4977314212e-1,5.1159076975e-12,2.9802322388e-8,9.6778123169e2,-2.7335461095e-4,2.0355624678e1,6.0277364310e-1,6.2658448769e-5,2.6822090149e-7,9.6755233011e2,-1.1859693572e-1,4.8704382157e0,4.2098768386e-1,1.4434303859e-1,4.3832018971e-1
31.210204,9.7407677207e2,-2.6003477175e-4,7.8926141800e1,6.4988025556e-1,8.9812601800e-12,-2.9802322388e-8,9.7407676230e2,-2.7147521018e-4,2.0481535289e1,6.0315659649e-1,5.8835384039e-5,2.3841857910e-7,9.7385065406e2,-1.1643014053e-1,4.8956287843e0,4.2210820418e-1,1.4253700074e-1,4.3763017654e-1
31.311224,9.8039271275e2,-2.5833733496e-4,7.9431417054e1,6.4998636002e-1,4.4337866711e-12,-2.9802322388e-8,9.8039270315e2,-2.6961596758e-4,2.0607854106e1,6.0353620904e-1,5.5234312185e-5,1.7881393433e-7,9.8016926355e2,-1.1428482242e-1,4.9209004872e0,4.2322227930e-1,1.4074781471e-1,4.3674874306e-1
31.412245,9.8672906367e2,-2.5665654026e-4,7.9938325128e1,6.5009146806e-1,6.3664629124e-12,-5.9604644775e-8,9.8672905424e2,-2.6777655078e-4,2.0734581127e1,6.0391251835e-1,5.1843019719e-5,1.4901161194e-7,9.8650835661e2,-1.1216113743e-1,4.9462541175e0,4.2432997910e-1,1.3897541414e-1,4.3567776680e-1
31.513265,9.9308582484e2,-2.5499216980e-4,8.0446866020e1,6.5019559204e-1,3.7516656448e-12,0.0000000000e0,9.9308581556e2,-2.6595663804e-4,2.0861716352e1,6.0428556152e-1,4.8650028589e-5,2.0861625671e-7,9.9286786557e2,-1.1005931182e-1,4.9716894055e0,4.2543132642e-1,1.3721973148e-1,4.3441945314e-1
31.614286,9.9946299624e2,-2.5334400928e-4,8.0957039732e1,6.5029874411e-1,1.1368683772e-12,0.0000000000e0,9.9946298712e2,-2.6415591752e-4,2.0989259783e1,6.0465537514e-1,4.5644387569e-5,1.4901161194e-7,9.9924613721e2,-1.0797999473e-1,4.9971997395e0,4.2652607357e-1,1.3548069795e-1,4.3297609687e-1
31.715306,1.0058605779e3,-2.5171184793e-4,8.1468846263e1,6.5040093627e-1,2.1600499167e-12,-5.9604644775e-8,1.0058605689e3,-2.6237408662e-4,2.1117211418e1,6.0502199531e-1,4.2815691813e-5,1.4901161194e-7,1.0056481280e3,-1.0592203715e-1,5.0228049455e0,4.2761510225e-1,1.3375824360e-1,4.3135049939e-1
31.816327,1.0122785698e3,-2.5009547839e-4,8.1982285614e1,6.5050218031e-1,8.0717654782e-12,5.9604644775e-8,1.0122785609e3,-2.6061085146e-4,2.1245571258e1,6.0538545763e-1,4.0154137878e-5,1.4901161194e-7,1.0120688801e3,-1.0388697079e-1,5.0484851944e0,4.2869760009e-1,1.3205229735e-1,4.2954534292e-1
31.917347,1.0187169719e3,-2.4849469669e-4,8.2497357784e1,6.5060248784e-1,8.7538865046e-12,-5.9604644775e-8,1.0187169632e3,-2.5886592634e-4,2.1374339303e1,6.0574579725e-1,3.7650319655e-5,1.1920928955e-7,1.0185100439e3,-1.0187452885e-1,5.0742470879e0,4.2977388382e-1,1.3036278710e-1,4.2756405473e-1
32.018367,1.0251757843e3,-2.4690930213e-4,8.3014062773e1,6.5070187031e-1,6.5938365879e-12,5.9604644775e-8,1.0251757757e3,-2.5713903326e-4,2.1503515552e1,6.0610304883e-1,3.5295392081e-5,1.1920928955e-7,1.0249716192e3,-9.9884884349e-2,5.1000906263e0,4.3084398811e-1,1.2868963957e-1,4.2540973425e-1
32.119388,1.0316550069e3,-2.4533909725e-4,8.3532400582e1,6.5080033899e-1,3.1832314562e-12,1.1920928955e-7,1.0316549985e3,-2.5542990154e-4,2.1633100006e1,6.0645724655e-1,3.3081094443e-5,0.0000000000e0,1.0314536043e3,-9.7918202683e-2,5.1260158041e0,4.3190794736e-1,1.2703278049e-1,4.2308622599e-1
32.220408,1.0381546397e3,-2.4378388778e-4,8.4052371209e1,6.5089790498e-1,2.9558577808e-12,1.1920928955e-7,1.0381546314e3,-2.5373826728e-4,2.1763092666e1,6.0680842417e-1,3.0999292221e-5,1.1920928955e-7,1.0379559993e3,-9.5974640540e-2,5.1520226220e0,4.3296579618e-1,1.2539213453e-1,4.2059707642e-1
32.321429,1.0446746828e3,-2.4224348254e-4,8.4573974657e1,6.5099457921e-1,2.2737367544e-13,5.9604644775e-8,1.0446746747e3,-2.5206387321e-4,2.1893493529e1,6.0715661498e-1,2.9042605092e-5,-5.9604644775e-8,1.0444798057e3,-9.4054097877e-2,5.1781150878e0,4.3401772998e-1,1.2376762541e-1,4.1794669628e-1
32.422449,1.0512151362e3,-2.4071769342e-4,8.5097210923e1,6.5109037244e-1,5.0022208598e-12,0.0000000000e0,1.0512151281e3,-2.5040646818e-4,2.2024302598e1,6.0750185182e-1,2.7203895115e-5,5.9604644775e-8,1.0510220130e3,-9.2157459357e-2,5.2042811602e0,4.3506329993e-1,1.2215917579e-1,4.1513901949e-1
32.523469,1.0577759997e3,-2.3920633527e-4,8.5622080009e1,6.5118529529e-1,3.4106051316e-12,5.9604644775e-8,1.0577759918e3,-2.4876580691e-4,2.2155519871e1,6.0784416710e-1,2.5476369274e-5,0.0000000000e0,1.0575856296e3,-9.0284109714e-2,5.2305328732e0,4.3610302348e-1,1.2056670744e-1,4.1217851639e-1
32.624490,1.0643572736e3,-2.3770922590e-4,8.6148581914e1,6.5127935821e-1,1.1823431123e-11,-1.1920928955e-7,1.0643572658e3,-2.4714164977e-4,2.2287145350e1,6.0818359280e-1,2.3853668381e-5,1.1920928955e-7,1.0641696521e3,-8.8434417685e-2,5.2568662150e0,4.3713677397e-1,1.1899014120e-1,4.0906977654e-1
32.725510,1.0709589576e3,-2.3622618600e-4,8.6676716639e1,6.5137257147e-1,5.2295945352e-12,5.9604644775e-8,1.0709589499e3,-2.4553376244e-4,2.2419179033e1,6.0852016050e-1,2.2329774538e-5,5.9604644775e-8,1.0707730467e3,-8.6608736678e-2,5.2832770508e0,4.3816442554e-1,1.1742939693e-1,4.0581762791e-1
32.826531,1.0775810519e3,-2.3475703908e-4,8.7206484183e1,6.5146494524e-1,8.8675733423e-12,5.9604644775e-8,1.0775810443e3,-2.4394191572e-4,2.2551620920e1,6.0885390132e-1,2.0898989078e-5,0.0000000000e0,1.0773989089e3,-8.4806439781e-2,5.3097777638e0,4.3918649211e-1,1.1588439378e-1,4.0242666006e-1
32.927551,1.0842235565e3,-2.3330161141e-4,8.7737884546e1,6.5155648950e-1,5.2295945352e-12,-5.9604644775e-8,1.0842235490e3,-2.4236588529e-4,2.2684471013e1,6.0918484600e-1,1.9555886638e-5,-5.9604644775e-8,1.0840441421e3,-8.3028344898e-2,5.3363559682e0,4.4020252805e-1,1.1435504993e-1,3.9890217781e-1
33.028571,1.0908864713e3,-2.3185973200e-4,8.8270917729e1,6.5164721408e-1,2.2737367544e-12,0.0000000000e0,1.0908864639e3,-2.4080545152e-4,2.2817729311e1,6.0951302487e-1,1.8295314931e-5,-5.9604644775e-8,1.0907058612e3,-8.1275173832e-2,5.3630001257e0,4.4121213636e-1,1.1284128272e-1,3.9524918795e-1
33.129592,1.0975697963e3,-2.3043123250e-4,8.8805583731e1,6.5173712870e-1,2.9558577808e-12,0.0000000000e0,1.0975697890e3,-2.3926039932e-4,2.2951395813e1,6.0983846786e-1,1.7112547539e-5,5.9604644775e-8,1.0973958122e3,-7.9544343551e-2,5.3897572184e0,4.4221712343e-1,1.1134300867e-1,3.9147299528e-1
33.230612,1.1042735316e3,-2.2901594719e-4,8.9341882553e1,6.5182624291e-1,2.5011104299e-12,5.9604644775e-8,1.1042735244e3,-2.3773051788e-4,2.3085470520e1,6.1016120452e-1,1.6002991742e-5,0.0000000000e0,1.1041022467e3,-7.7838565487e-2,5.4165802566e0,4.4321575050e-1,1.0986014373e-1,3.8757860661e-1
33.331633,1.1109976771e3,-2.2761371294e-4,8.9879814194e1,6.5191456612e-1,4.0927261580e-12,-1.1920928955e-7,1.1109976700e3,-2.3621560058e-4,2.3219953432e1,6.1048126398e-1,1.4962312889e-5,-5.9604644775e-8,1.1108290815e3,-7.6157002910e-2,5.4434849069e0,4.4420864244e-1,1.0839260277e-1,3.8357168436e-1
33.432653,1.1177422328e3,-2.2622436911e-4,9.0419378654e1,6.5200210762e-1,2.5011104299e-12,5.9604644775e-8,1.1177422259e3,-2.3471544484e-4,2.3354844548e1,6.1079867504e-1,1.3986435079e-5,-1.1920928955e-7,1.1175763145e3,-7.4499693152e-2,5.4704711619e0,4.4519583271e-1,1.0694030018e-1,3.7945765257e-1
33.533673,1.1245071988e3,-2.2484775754e-4,9.0960575934e1,6.5208887655e-1,3.1832314562e-12,5.9604644775e-8,1.1245071920e3,-2.3322985194e-4,2.3490143870e1,6.1111346608e-1,1.3071575040e-5,1.7881393433e-7,1.1243439442e3,-7.2866662358e-2,5.4975390168e0,4.4617735480e-1,1.0550314952e-1,3.7524199486e-1
33.634694,1.1312925751e3,-2.2348372251e-4,9.1503406033e1,6.5217488192e-1,7.5033312896e-12,0.0000000000e0,1.1312925683e3,-2.3175862691e-4,2.3625851396e1,6.1142566513e-1,1.2214038861e-5,5.9604644775e-8,1.1311319711e3,-7.1257925310e-2,5.5246884740e0,4.4715324234e-1,1.0408106381e-1,3.7093019485e-1
33.735714,1.1380983616e3,-2.2213211068e-4,9.2047868951e1,6.5226013262e-1,6.3664629124e-12,0.0000000000e0,1.1380983549e3,-2.3030157844e-4,2.3761967127e1,6.1173529986e-1,1.1410411162e-5,0.0000000000e0,1.1379405530e3,-6.9673453303e-2,5.5519201659e0,4.4812355123e-1,1.0267395515e-1,3.6652785540e-1
33.836735,1.1449245583e3,-2.2079277104e-4,9.2593964689e1,6.5234463739e-1,4.5474735089e-13,5.9604644775e-8,1.1449245517e3,-2.2885851873e-4,2.3898491063e1,6.1204239759e-1,1.0657511666e-5,5.9604644775e-8,1.1447692106e3,-6.8113337620e-2,5.5792321759e0,4.4908824682e-1,1.0128173525e-1,3.6204057932e-1
33.937755,1.1517711653e3,-2.1946555488e-4,9.3141693246e1,6.5242840487e-1,1.5916157281e-12,5.9604644775e-8,1.1517711588e3,-2.2742926336e-4,2.4035423204e1,6.1234698527e-1,9.9522703749e-6,0.0000000000e0,1.1516184177e3,-6.6577462623e-2,5.6066263997e0,4.5004742963e-1,9.9904315116e-2,3.5747414827e-1
34.038776,1.1586381825e3,-2.1815031576e-4,9.3691054623e1,6.5251144357e-1,4.7748471843e-12,0.0000000000e0,1.1586381761e3,-2.2601363126e-4,2.4172763550e1,6.1264908950e-1,9.2917821348e-6,5.9604644775e-8,1.1584880272e3,-6.5065829345e-2,5.6341022498e0,4.5100111193e-1,9.8541605113e-2,3.5283350945e-1
34.139796,1.1655256099e3,-2.1684690943e-4,9.4242048819e1,6.5259376186e-1,1.3642420527e-11,0.0000000000e0,1.1655256036e3,-2.2461144456e-4,2.4310512100e1,6.1294873656e-1,8.6733248281e-6,0.0000000000e0,1.1653780232e3,-6.3578400805e-2,5.6616596639e0,4.5194932457e-1,9.7193515119e-2,3.4812510014e-1
34.240816,1.1724334476e3,-2.1555519383e-4,9.4794675834e1,6.5267536801e-1,8.1854523160e-12,-5.9604644775e-8,1.1724334414e3,-2.2322252853e-4,2.4448668855e1,6.1324595238e-1,8.0944594174e-6,1.1920928955e-7,1.1722884167e3,-6.2115123922e-2,5.6892986857e0,4.5289210198e-1,9.5859954432e-2,3.4335386753e-1
34.341837,1.1793616956e3,-2.1427502902e-4,9.5348935669e1,6.5275627016e-1,8.4128259914e-12,-5.9604644775e-8,1.1793616894e3,-2.2184671146e-4,2.4587233815e1,6.1354076256e-1,7.5526056662e-6,0.0000000000e0,1.1792191961e3,-6.0675939246e-2,5.7170192702e0,4.5382947543e-1,9.4540831805e-2,3.3852529526e-1
34.442857,1.1863103538e3,-2.1300627717e-4,9.5904828323e1,6.5283647635e-1,2.5011104299e-12,1.1920928955e-7,1.1863103477e3,-2.2048382463e-4,2.4726206980e1,6.1383319236e-1,7.0456094363e-6,1.1920928955e-7,1.1861703684e3,-5.9260773210e-2,5.7448214455e0,4.5476147855e-1,9.3236055532e-2,3.3364492655e-1
34.543878,1.1932794222e3,-2.1174880251e-4,9.6462353797e1,6.5291599449e-1,2.5011104299e-12,-1.1920928955e-7,1.1932794162e3,-2.1913370218e-4,2.4865588350e1,6.1412326674e-1,6.5713431923e-6,0.0000000000e0,1.1931419304e3,-5.7869543690e-2,5.7727052000e0,4.5568814351e-1,9.1945533343e-2,3.2871818542e-1
34.644898,1.2002689008e3,-2.1050247127e-4,9.7021512090e1,6.5299483239e-1,7.2759576142e-12,0.0000000000e0,1.2002688949e3,-2.1779618108e-4,2.5005377924e1,6.1441101034e-1,6.1277601162e-6,5.9604644775e-8,1.2001279516e3,-5.6503233900e-2,5.8006468134e0,4.5660872460e-1,9.0669172660e-2,3.2375031710e-1
34.745918,1.2072787898e3,-2.0926715169e-4,9.7582303203e1,6.5307299774e-1,1.3642420527e-12,0.0000000000e0,1.2072787839e3,-2.1647110104e-4,2.5145575704e1,6.1469644746e-1,5.7128524986e-6,-5.9604644775e-8,1.2071447479e3,-5.5158776470e-2,5.8287115461e0,4.5752539671e-1,8.9406880318e-2,3.1874674559e-1
34.846939,1.2143090889e3,-2.0804271394e-4,9.8144727135e1,6.5315049813e-1,2.0463630790e-12,5.9604644775e-8,1.2143090831e3,-2.1515830445e-4,2.5286181688e1,6.1497960213e-1,5.3250498695e-6,-5.9604644775e-8,1.2141789511e3,-5.3838495346e-2,5.8568459293e0,4.5843643296e-1,8.8158562831e-2,3.1371212006e-1
34.947959,1.2213597983e3,-2.0682903011e-4,9.8708783886e1,6.5322734104e-1,7.0485839387e-12,0.0000000000e0,1.2213597926e3,-2.1385763631e-4,2.5427195877e1,6.1526049805e-1,4.9625107295e-6,0.0000000000e0,1.2212320681e3,-5.2541983332e-2,5.8850559900e0,4.5934206811e-1,8.6924126252e-2,3.0865174532e-1
35.048980,1.2284309179e3,-2.0562597417e-4,9.9274473457e1,6.5330353386e-1,1.0004441720e-11,-1.7881393433e-7,1.2284309123e3,-2.1256894417e-4,2.5568618271e1,6.1553915863e-1,4.6237294100e-6,5.9604644775e-8,1.2283055717e3,-5.1268844783e-2,5.9133476204e0,4.6024252574e-1,8.5703476281e-2,3.0357074738e-1
35.150000,1.2355224478e3,-2.0443342196e-4,9.9841795847e1,6.5337908385e-1,5.9117155615e-12,-1.1920928955e-7,1.2355224423e3,-2.1129207809e-4,2.5710448870e1,6.1581560699e-1,4.3071938762e-6,1.1920928955e-7,1.2353994625e3,-5.0018938310e-2,5.9417208229e0,4.6113783772e-1,8.4496518225e-2,2.9847353697e-1
35.251020,1.2426343879e3,-2.0325125109e-4,1.0041075106e2,6.5345399818e-1,4.0927261580e-12,1.1920928955e-7,1.2426343825e3,-2.1002689055e-4,2.5852687673e1,6.1608986595e-1,4.0114916828e-6,-1.1920928955e-7,1.2425137328e3,-4.8792115003e-2,5.9701755675e0,4.6202803478e-1,8.3303157249e-2,2.9336512089e-1
35.352041,1.2497667383e3,-2.0207934100e-4,1.0098133909e2,6.5352828394e-1,2.2737367544e-13,0.0000000000e0,1.2497667329e3,-2.0877323643e-4,2.5995334682e1,6.1636195805e-1,3.7353572679e-6,0.0000000000e0,1.2496484022e3,-4.7588212586e-2,5.9987119325e0,4.6291315090e-1,8.2123297908e-2,2.8824990988e-1
35.453061,1.2569194989e3,-2.0091757285e-4,1.0155355993e2,6.5360194810e-1,4.3200998334e-12,-5.9604644775e-8,1.2569194936e3,-2.0753097295e-4,2.6138389895e1,6.1663190555e-1,3.4775077893e-6,5.9604644775e-8,1.2568025468e3,-4.6407213490e-2,6.0273262232e0,4.6379310429e-1,8.0956844678e-2,2.8313267231e-1
35.554082,1.2640926698e3,-1.9976582954e-4,1.0212741360e2,6.5367499754e-1,1.3642420527e-12,-5.9604644775e-8,1.2640926645e3,-2.0629995959e-4,2.6281853313e1,6.1689973041e-1,3.2368393477e-6,5.9604644775e-8,1.2639772609e3,-4.5248761077e-2,6.0560228173e0,4.6466806196e-1,7.9803701656e-2,2.7801716328e-1
35.655102,1.2712862509e3,-1.9862399565e-4,1.0270290009e2,6.5374743904e-1,8.1854523160e-12,5.9604644775e-8,1.2712862457e3,-2.0508005808e-4,2.6425724936e1,6.1716545436e-1,3.0121320833e-6,0.0000000000e0,1.2711730907e3,-4.4112587375e-2,6.0848038993e0,4.6553812019e-1,7.8663772819e-2,2.7290827036e-1
35.756122,1.2785002422e3,-1.9749195742e-4,1.0328001940e2,6.5381927930e-1,5.0022208598e-12,0.0000000000e0,1.2785002371e3,-2.0387113234e-4,2.6570004764e1,6.1742909882e-1,2.8024692256e-6,-5.9604644775e-8,1.2783925214e3,-4.2998120690e-2,6.1136794105e0,4.6640360443e-1,7.7536961674e-2,2.6780962944e-1
35.857143,1.2857346438e3,-1.9636960275e-4,1.0385877152e2,6.5389052492e-1,4.5474735089e-13,-5.9604644775e-8,1.2857346387e3,-2.0267304843e-4,2.6714692797e1,6.1769068496e-1,2.6069021715e-6,0.0000000000e0,1.2856274934e3,-4.1906417168e-2,6.1426171137e0,4.6726358168e-1,7.6423171746e-2,2.6272517443e-1
35.958163,1.2929894556e3,-1.9525682110e-4,1.0443915647e2,6.5396118242e-1,0.0000000000e0,0.0000000000e0,1.2929894506e3,-2.0148567452e-4,2.6859789034e1,6.1795023369e-1,2.4244561700e-6,-1.1920928955e-7,1.2928844622e3,-4.0836266241e-2,6.1716428302e0,4.6811885500e-1,7.5322306271e-2,2.5765866041e-1
36.059184,1.3002646777e3,-1.9415350355e-4,1.0502117424e2,6.5403125822e-1,3.8653524825e-12,1.1920928955e-7,1.3002646727e3,-2.0030888081e-4,2.7005293477e1,6.1820776566e-1,2.2543576961e-6,-1.1920928955e-7,1.3001583895e3,-3.9788215365e-2,6.2007364082e0,4.6896886376e-1,7.4234268273e-2,2.5261396170e-1
36.160204,1.3075603100e3,-1.9305954270e-4,1.0560482482e2,6.5410075864e-1,3.8653524825e-12,5.9604644775e-8,1.3075603051e3,-1.9914253954e-4,2.7151206124e1,6.1846330125e-1,2.0957213565e-6,-1.1920928955e-7,1.3074595545e3,-3.8760519211e-2,6.2299389626e0,4.6981483461e-1,7.3158960578e-2,2.4759411812e-1
36.261224,1.3148763526e3,-1.9197483270e-4,1.0619010822e2,6.5416968995e-1,1.5916157281e-12,-5.9604644775e-8,1.3148763477e3,-1.9798652492e-4,2.7297526976e1,6.1871686062e-1,1.9478982267e-6,-5.9604644775e-8,1.3147762031e3,-3.7754693895e-2,6.2592034792e0,4.7065543278e-1,7.2096286075e-2,2.4260288477e-1
36.362245,1.3222128054e3,-1.9089926918e-4,1.0677702445e2,6.5423805832e-1,1.8189894035e-12,0.0000000000e0,1.3222128006e3,-1.9684071308e-4,2.7444256033e1,6.1896846366e-1,1.8100881789e-6,5.9604644775e-8,1.3221181395e3,-3.6769084341e-2,6.2885691739e0,4.7149181502e-1,7.1046147285e-2,2.3764330149e-1
36.463265,1.3295696684e3,-1.8983274925e-4,1.0736557349e2,6.5430586982e-1,6.8212102633e-13,-5.9604644775e-8,1.3295696637e3,-1.9570498209e-4,2.7591393294e1,6.1921813001e-1,1.6817252799e-6,5.9604644775e-8,1.3294798331e3,-3.5804261161e-2,6.3180139249e0,4.7232337498e-1,7.0008446744e-2,2.3271864653e-1
36.564286,1.3369469417e3,-1.8877517147e-4,1.0795575535e2,6.5437313045e-1,1.3642420527e-12,5.9604644775e-8,1.3369469370e3,-1.9457921184e-4,2.7738938761e1,6.1946587910e-1,1.5621417333e-6,-5.9604644775e-8,1.3368543325e3,-3.4860939960e-2,6.3475099283e0,4.7314936894e-1,6.8983086885e-2,2.2783118486e-1
36.665306,1.3443446252e3,-1.8772643581e-4,1.0854757004e2,6.5443984615e-1,3.1832314562e-12,-2.3841857910e-7,1.3443446206e3,-1.9346328407e-4,2.7886892433e1,6.1971173008e-1,1.4507379547e-6,5.9604644775e-8,1.3442539840e3,-3.3937150066e-2,6.3771065670e0,4.7397121358e-1,6.7969970057e-2,2.2298419476e-1
36.766327,1.3517627190e3,-1.8668644365e-4,1.0914101754e2,6.5450602275e-1,7.2759576142e-12,1.1920928955e-7,1.3517627144e3,-1.9235708229e-4,2.8035254309e1,6.1995570192e-1,1.3470034901e-6,0.0000000000e0,1.3516755149e3,-3.3033110035e-2,6.4067907508e0,4.7478856605e-1,6.6968998553e-2,2.1818017960e-1
36.867347,1.3592012230e3,-1.8565509776e-4,1.0973609786e2,6.5457166601e-1,8.6401996668e-12,0.0000000000e0,1.3592012185e3,-1.9126049179e-4,2.8184024390e1,6.2019781330e-1,1.2504781353e-6,0.0000000000e0,1.3591183765e3,-3.2148648040e-2,6.4365602852e0,4.7560139190e-1,6.5980074630e-2,2.1342146397e-1
36.968367,1.3666601373e3,-1.8463230222e-4,1.1033281100e2,6.5463678163e-1,5.2295945352e-12,5.9604644775e-8,1.3666601328e3,-1.9017339959e-4,2.8333202676e1,6.2043808272e-1,1.1605852706e-6,5.9604644775e-8,1.3665752295e3,-3.1284467529e-2,6.4663858151e0,4.7640892622e-1,6.5003100543e-2,2.0871031284e-1
37.069388,1.3741394618e3,-1.8361796249e-4,1.1093115696e2,6.5470137523e-1,6.8212102633e-13,5.9604644775e-8,1.3741394574e3,-1.8909569436e-4,2.8482789167e1,6.2067652844e-1,1.0769238088e-6,-5.9604644775e-8,1.3740564094e3,-3.0438946238e-2,6.4963086793e0,4.7721232081e-1,6.4037978494e-2,2.0404922962e-1
37.170408,1.3816391965e3,-1.8261198531e-4,1.1153113574e2,6.5476545233e-1,3.6379788071e-12,0.0000000000e0,1.3816391922e3,-1.8802726648e-4,2.8632783863e1,6.2091316850e-1,9.9911608231e-7,1.1920928955e-7,1.3815579706e3,-2.9612341785e-2,6.5263130974e0,4.7801117545e-1,6.3084610750e-2,1.9943982363e-1
37.271429,1.3891593415e3,-1.8161427871e-4,1.1213274734e2,6.5482901841e-1,1.3642420527e-12,5.9604644775e-8,1.3891593372e3,-1.8696800794e-4,2.8783186763e1,6.2114802071e-1,9.2678715191e-7,5.9604644775e-8,1.3890814140e3,-2.8804201256e-2,6.5564050719e0,4.7880567674e-1,6.2142899513e-2,1.9488424063e-1
37.372449,1.3966998967e3,-1.8062475198e-4,1.1273599176e2,6.5489207886e-1,1.8189894035e-12,0.0000000000e0,1.3966998925e3,-1.8591781231e-4,2.8933997869e1,6.2138110268e-1,8.5943111117e-7,-5.9604644775e-8,1.3966222413e3,-2.8014815475e-2,6.5865666107e0,4.7959538015e-1,6.1212747125e-2,1.9038432837e-1
37.473469,1.4042608622e3,-1.7964331566e-4,1.1334086899e2,6.5495463900e-1,9.0949470177e-13,1.1920928955e-7,1.4042608580e3,-1.8487657477e-4,2.9085217179e1,6.2161243181e-1,7.9683013610e-7,-5.9604644775e-8,1.4041803559e3,-2.7243908530e-2,6.6167973280e0,4.8038031199e-1,6.0294055927e-2,1.8594110012e-1
37.574490,1.4118422379e3,-1.7866988153e-4,1.1394737905e2,6.5501670410e-1,1.4097167877e-11,-5.9604644775e-8,1.4118422338e3,-1.8384419201e-4,2.9236844694e1,6.2184202528e-1,7.3867840911e-7,1.1920928955e-7,1.4117680387e3,-2.6489731030e-2,6.6471463440e0,4.8116176816e-1,5.9386728376e-2,1.8155658245e-1
37.675510,1.4194440239e3,-1.7770436255e-4,1.1455552193e2,6.5507827933e-1,5.0022208598e-12,0.0000000000e0,1.4194440198e3,-1.8282056224e-4,2.9388880414e1,6.2206990008e-1,6.8458007263e-7,2.9802322388e-7,1.4193715110e3,-2.5753671426e-2,6.6775585467e0,4.8193835162e-1,5.8490666956e-2,1.7723238468e-1
37.776531,1.4270662201e3,-1.7674667286e-4,1.1516529763e2,6.5513936981e-1,1.4324541553e-11,1.1920928955e-7,1.4270662161e3,-1.8180558518e-4,2.9541324339e1,6.2229607299e-1,6.3434322328e-7,-5.9604644775e-8,1.4269953655e3,-2.5034899624e-2,6.7080523066e0,4.8271056538e-1,5.7605774284e-2,1.7296886444e-1
37.877551,1.4347088266e3,-1.7579672779e-4,1.1577670614e2,6.5519998060e-1,6.8212102633e-12,0.0000000000e0,1.4347088226e3,-1.8079916197e-4,2.9694176469e1,6.2252056057e-1,5.8767568589e-7,-1.1920928955e-7,1.4346396024e3,-2.4333138757e-2,6.7386276238e0,4.8347843728e-1,5.6731953111e-2,1.6876786947e-1
37.978571,1.4423718433e3,-1.7485444380e-4,1.1638974748e2,6.5526011668e-1,2.0463630790e-12,-1.1920928955e-7,1.4423718393e3,-1.7980119522e-4,2.9847436804e1,6.2274337922e-1,5.4432734942e-7,0.0000000000e0,1.4423042221e3,-2.3648111069e-2,6.7692845000e0,4.8424199501e-1,5.5869106229e-2,1.6463011503e-1
38.079592,1.4500552702e3,-1.7391973847e-4,1.1700442163e2,6.5531978298e-1,1.1596057448e-11,-2.3841857910e-7,1.4500552663e3,-1.7881158893e-4,3.0001105343e1,6.2296454513e-1,5.0408038987e-7,0.0000000000e0,1.4499892237e3,-2.2979538436e-2,6.8000229316e0,4.8500126600e-1,5.5017136697e-2,1.6055631638e-1
38.180612,1.4577591074e3,-1.7299253051e-4,1.1762072861e2,6.5537898435e-1,2.2737367544e-13,0.0000000000e0,1.4577591035e3,-1.7783024849e-4,3.0155182087e1,6.2318407427e-1,4.6667310016e-7,0.0000000000e0,1.4576946083e3,-2.2327142177e-2,6.8308429228e0,4.8575627770e-1,5.4175947638e-2,1.5654790401e-1
38.281633,1.4654833548e3,-1.7207273969e-4,1.1823866840e2,6.5543772560e-1,5.4569682106e-12,0.0000000000e0,1.4654833510e3,-1.7685708064e-4,3.0309667037e1,6.2340198248e-1,4.3199065658e-7,1.1920928955e-7,1.4654203765e3,-2.1690643627e-2,6.8617444753e0,4.8650705735e-1,5.3345442360e-2,1.5260481834e-1
38.382653,1.4732280125e3,-1.7116028688e-4,1.1885824101e2,6.5549601145e-1,6.3664629124e-12,1.1920928955e-7,1.4732280087e3,-1.7589199346e-4,3.0464560191e1,6.2361828535e-1,3.9979136091e-7,0.0000000000e0,1.4731665264e3,-2.1069764509e-2,6.8927275824e0,4.8725363181e-1,5.2525524378e-2,1.4872777462e-1
38.483673,1.4809930804e3,-1.7025509400e-4,1.1947944645e2,6.5555384658e-1,1.1368683772e-12,0.0000000000e0,1.4809930767e3,-1.7493489635e-4,3.0619861550e1,6.2383299833e-1,3.6992719288e-7,-1.1920928955e-7,1.4809330602e3,-2.0464226579e-2,6.9237922518e0,4.8799602816e-1,5.1716097466e-2,1.4491772652e-1
38.584694,1.4887785586e3,-1.6935708400e-4,1.2010228470e2,6.5561123561e-1,4.0927261580e-12,1.1920928955e-7,1.4887785549e3,-1.7398569998e-4,3.0775571114e1,6.2404613668e-1,3.4226354728e-7,-1.1920928955e-7,1.4887199774e3,-1.9873752377e-2,6.9549384815e0,4.8873427308e-1,5.0917065403e-2,1.4117431641e-1
38.685714,1.4965844470e3,-1.6846618087e-4,1.2072675577e2,6.5566818309e-1,5.9117155615e-12,-1.1920928955e-7,1.4965844433e3,-1.7304431631e-4,3.0931688882e1,6.2425771547e-1,3.1654622035e-7,0.0000000000e0,1.4965284040e3,-1.9297952276e-2,6.9861707754e0,4.8946849860e-1,5.0128332349e-2,1.3749837875e-1
38.786735,1.5044107456e3,-1.6758230958e-4,1.2135285966e2,6.5572469353e-1,2.7284841053e-12,0.0000000000e0,1.5044107420e3,-1.7211065853e-4,3.1088214856e1,6.2446774960e-1,2.9270790947e-7,-1.1920928955e-7,1.5043608978e3,-1.8736303226e-2,7.0174993638e0,4.9019896614e-1,4.9349802666e-2,1.3389003277e-1
38.887755,1.5122574545e3,-1.6670539610e-4,1.2198059637e2,6.5578077136e-1,1.8189894035e-12,2.3841857910e-7,1.5122574509e3,-1.7118464104e-4,3.1245149034e1,6.2467625379e-1,2.7060400498e-7,-1.1920928955e-7,1.5122030312e3,-1.8189950836e-2,7.0488665393e0,4.9092436430e-1,4.8581381037e-2,1.3034892082e-1
38.988776,1.5201245736e3,-1.6583536740e-4,1.2260996590e2,6.5583642097e-1,9.0949470177e-13,0.0000000000e0,1.5201245701e3,-1.7026617947e-4,3.1402491417e1,6.2488324261e-1,2.5015106075e-7,0.0000000000e0,1.5200714840e3,-1.7656975990e-2,7.0803390169e0,4.9164626777e-1,4.7822972132e-2,1.2687551975e-1
39.089796,1.5280121030e3,-1.6497215136e-4,1.2324096825e2,6.5589164669e-1,6.8212102633e-13,0.0000000000e0,1.5280120995e3,-1.6935519061e-4,3.1560242006e1,6.2508873043e-1,2.3117968340e-7,0.0000000000e0,1.5279603213e3,-1.7137693560e-2,7.1118930582e0,4.9236415116e-1,4.7074481265e-2,1.2346982956e-1
39.190816,1.5359200426e3,-1.6411567686e-4,1.2387360342e2,6.5594645280e-1,1.1141310097e-11,0.0000000000e0,1.5359200392e3,-1.6845159242e-4,3.1718400799e1,6.2529273147e-1,2.1359187485e-7,1.1920928955e-7,1.5358695433e3,-1.6631833724e-2,7.1435286639e0,4.9307804029e-1,4.6335813731e-2,1.2013149261e-1
39.291837,1.5438483925e3,-1.6326587367e-4,1.2450787141e2,6.5600084352e-1,1.8189894035e-12,-1.1920928955e-7,1.5438483891e3,-1.6755530400e-4,3.1876967797e1,6.2549525979e-1,1.9731555767e-7,0.0000000000e0,1.5437991497e3,-1.6139128620e-2,7.1752458324e0,4.9378796075e-1,4.5606875186e-2,1.1686027050e-1
39.392857,1.5517971526e3,-1.6242267248e-4,1.2514377222e2,6.5605482302e-1,6.8212102633e-12,1.1920928955e-7,1.5517971492e3,-1.6666624557e-4,3.2035942999e1,6.2569632927e-1,1.8224454834e-7,0.0000000000e0,1.5517491424e3,-1.5659312245e-2,7.2070445714e0,4.9449393819e-1,4.4887571720e-2,1.1365568638e-1
39.493878,1.5597663229e3,-1.6158600489e-4,1.2578130585e2,6.5610839542e-1,5.4569682106e-12,1.1920928955e-7,1.5597663196e3,-1.6578433845e-4,3.2195326407e1,6.2589595366e-1,1.6825447346e-7,0.0000000000e0,1.5597195202e3,-1.5192121036e-2,7.2389248751e0,4.9519599780e-1,4.4177809603e-2,1.1051845551e-1
39.594898,1.5677559035e3,-1.6075580338e-4,1.2642047229e2,6.5616156478e-1,6.5938365879e-12,0.0000000000e0,1.5677559002e3,-1.6490950506e-4,3.2355118020e1,6.2609414651e-1,1.5533169062e-7,0.0000000000e0,1.5677102833e3,-1.4737293568e-2,7.2708867446e0,4.9589416479e-1,4.3477495398e-2,1.0744726658e-1
39.695918,1.5757658943e3,-1.5993200130e-4,1.2706127156e2,6.5621433512e-1,2.2737367544e-12,2.3841857910e-7,1.5757658911e3,-1.6404166886e-4,3.2515317837e1,6.2629092126e-1,1.4336751519e-7,0.0000000000e0,1.5757238001e3,-1.4294368034e-2,7.3029396529e0,4.9658866862e-1,4.2786536090e-2,1.0444176197e-1
39.796939,1.5837962954e3,-1.5911453287e-4,1.2770370365e2,6.5626671042e-1,1.3642420527e-12,0.0000000000e0,1.5837962922e3,-1.6318075438e-4,3.2675925859e1,6.2648629115e-1,1.3230533114e-7,-2.3841857910e-7,1.5837529691e3,-1.3863696311e-2,7.3350551948e0,4.9727892106e-1,4.2104838926e-2,1.0150158405e-1
39.897959,1.5918471067e3,-1.5830333316e-4,1.2834776855e2,6.5631869458e-1,2.0463630790e-12,0.0000000000e0,1.5918471036e3,-1.6232668717e-4,3.2836942086e1,6.2668026930e-1,1.2208374756e-7,0.0000000000e0,1.5918048915e3,-1.3444416444e-2,7.3672617733e0,4.9796555987e-1,4.1432311695e-2,9.8626613617e-2
39.998980,1.5999183283e3,-1.5749833804e-4,1.2899346627e2,6.5637029147e-1,9.0949470177e-13,0.0000000000e0,1.5999183252e3,-1.6147939380e-4,3.2998366518e1,6.2687286868e-1,1.1262454791e-7,0.0000000000e0,1.5998772009e3,-1.3036480090e-2,7.3995499232e0,4.9864840530e-1,4.0768862213e-2,9.5815420151e-2
40.100000,1.6080099601e3,-1.5669948423e-4,1.2964079682e2,6.5642150492e-1,2.2737367544e-13,0.0000000000e0,1.6080099571e3,-1.6063880183e-4,3.3160199155e1,6.2706410209e-1,1.0384792404e-7,2.3841857910e-7,1.6079698976e3,-1.2639639127e-2,7.4319196450e0,4.9932748176e-1,4.0114398950e-2,9.3068122864e-2
40.201020,1.6161220021e3,-1.5590670924e-4,1.3028976018e2,6.5647233871e-1,0.0000000000e0,0.0000000000e0,1.6161219992e3,-1.5980483981e-4,3.3322439997e1,6.2725398221e-1,9.5775703812e-8,0.0000000000e0,1.6160829817e3,-1.2253648350e-2,7.4643709396e0,5.0000281352e-1,3.9468830680e-2,9.0384125710e-2
40.302041,1.6242544544e3,-1.5511995140e-4,1.3094035636e2,6.5652279656e-1,0.0000000000e0,0.0000000000e0,1.6242544515e3,-1.5897743724e-4,3.3485089044e1,6.2744252156e-1,8.8277374743e-8,0.0000000000e0,1.6242164537e3,-1.1878265527e-2,7.4969038079e0,5.0067442469e-1,3.8832066395e-2,8.7761878967e-2
40.403061,1.6324073169e3,-1.5433914980e-4,1.3159258536e2,6.5657288215e-1,1.2732925825e-11,-1.1920928955e-7,1.6324073141e3,-1.5815652458e-4,3.3648146295e1,6.2762973252e-1,8.1372490968e-8,0.0000000000e0,1.6323703138e3,-1.1513251589e-2,7.5295182508e0,5.0134233923e-1,3.8204015717e-2,8.5201144218e-2
40.504082,1.6405805896e3,-1.5356424430e-4,1.3224644717e2,6.5662259913e-1,5.2295945352e-12,-1.1920928955e-7,1.6405805869e3,-1.5734203322e-4,3.3811611752e1,6.2781562733e-1,7.5002390076e-8,-1.1920928955e-7,1.6405445623e3,-1.1158370608e-2,7.5622142694e0,5.0200658095e-1,3.7584588591e-2,8.2701683044e-2
40.605102,1.6487742726e3,-1.5279517552e-4,1.3290194181e2,6.5667195109e-1,2.0463630790e-12,1.1920928955e-7,1.6487742700e3,-1.5653389547e-4,3.3975485413e1,6.2800021810e-1,6.9145926318e-8,1.1920928955e-7,1.6487391997e3,-1.0813389879e-2,7.5949918645e0,5.0266717351e-1,3.6973695373e-2,8.0262184143e-2
40.706122,1.6569883657e3,-1.5203188485e-4,1.3355906926e2,6.5672094158e-1,1.1368683772e-12,-1.1920928955e-7,1.6569883633e3,-1.5573204453e-4,3.4139767279e1,6.2818351679e-1,6.3680545281e-8,1.1920928955e-7,1.6569542261e3,-1.0478079963e-2,7.6278510370e0,5.0332414042e-1,3.6371246770e-2,7.7881455421e-2
40.807143,1.6652228691e3,-1.5127431439e-4,1.3421782953e2,6.5676957411e-1,3.8653524825e-12,0.0000000000e0,1.6652228669e3,-1.5493641450e-4,3.4304457350e1,6.2836553524e-1,5.8604427977e-8,0.0000000000e0,1.6651896419e3,-1.0152214748e-2,7.6607917880e0,5.0397750503e-1,3.5777153918e-2,7.5559616089e-2
40.908163,1.6734777827e3,-1.5052240698e-4,1.3487822262e2,6.5681785215e-1,1.0004441720e-11,1.1920928955e-7,1.6734777807e3,-1.5414694036e-4,3.4469555626e1,6.2854628515e-1,5.3994426708e-8,-2.3841857910e-7,1.6734454474e3,-9.8355715335e-3,7.6938141184e0,5.0462729056e-1,3.5191328531e-2,7.3295235634e-2
41.009184,1.6817531066e3,-1.4977610616e-4,1.3554024852e2,6.5686577912e-1,3.6379788071e-12,2.3841857910e-7,1.6817531047e3,-1.5336355793e-4,3.4635062107e1,6.2872577809e-1,4.9692516768e-8,-1.1920928955e-7,1.6817216429e3,-9.5279309942e-3,7.7269180291e0,5.0527352007e-1,3.4613682629e-2,7.1087360382e-2
41.110204,1.6900488406e3,-1.4903535619e-4,1.3620390724e2,6.5691335841e-1,8.6401996668e-12,0.0000000000e0,1.6900488390e3,-1.5258620389e-4,3.4800976792e1,6.2890402550e-1,4.5727119868e-8,1.1920928955e-7,1.6900182288e3,-9.2290772660e-3,7.7601035211e0,5.0591621646e-1,3.4044128754e-2,6.8934798241e-2
41.211224,1.6983649848e3,-1.4830010201e-4,1.3686919877e2,6.5696059335e-1,1.4551915228e-11,0.0000000000e0,1.6983649835e3,-1.5181481575e-4,3.4967299683e1,6.2908103868e-1,4.2060491978e-8,1.1920928955e-7,1.6983352054e3,-8.9387979332e-3,7.7933705954e0,5.0655540251e-1,3.3482579812e-2,6.6837906837e-2
41.312245,1.7067015392e3,-1.4757028925e-4,1.3753612312e2,6.5700748726e-1,5.4569682106e-12,-2.3841857910e-7,1.7067015383e3,-1.5104933183e-4,3.5134030778e1,6.2925682884e-1,3.8709458750e-8,0.0000000000e0,1.7066725729e3,-8.6568841253e-3,7.8267192529e0,5.0719110081e-1,3.2928949387e-2,6.4794778824e-2
41.413265,1.7150585037e3,-1.4684586421e-4,1.3820468027e2,6.5705404340e-1,2.9558577808e-12,-1.1920928955e-7,1.7150585033e3,-1.5028969128e-4,3.5301170079e1,6.2943140702e-1,3.5630591810e-8,1.1920928955e-7,1.7150303318e3,-8.3831303928e-3,7.8601494946e0,5.0782333385e-1,3.2383151165e-2,6.2804579735e-2
41.514286,1.7234358784e3,-1.4612677385e-4,1.3887487024e2,6.5710026500e-1,5.6843418861e-12,0.0000000000e0,1.7234358786e3,-1.4953583401e-4,3.5468717584e1,6.2960478418e-1,3.2752723200e-8,1.1920928955e-7,1.7234084823e3,-8.1173348807e-3,7.8936613215e0,5.0845212395e-1,3.1845099592e-2,6.0866355896e-2
41.615306,1.7318336632e3,-1.4541296580e-4,1.3954669301e2,6.5714615525e-1,8.8675733423e-12,0.0000000000e0,1.7318336641e3,-1.4878770073e-4,3.5636673294e1,6.2977697112e-1,3.0111323213e-8,1.1920928955e-7,1.7318070248e3,-7.8592992609e-3,7.9272547345e0,5.0907749328e-1,3.1314709575e-2,5.8979511261e-2
41.716327,1.7402518580e3,-1.4470438831e-4,1.4022014859e2,6.5719171729e-1,8.4128259914e-12,0.0000000000e0,1.7402518599e3,-1.4804523293e-4,3.5805037209e1,6.2994797855e-1,2.7674559533e-8,1.1920928955e-7,1.7402259596e3,-7.6088287059e-3,7.9609297345e0,5.0969946387e-1,3.0791896351e-2,5.7142853737e-2
41.817347,1.7486904630e3,-1.4400099027e-4,1.4089523697e2,6.5723695425e-1,4.0927261580e-12,0.0000000000e0,1.7486904659e3,-1.4730837282e-4,3.5973809329e1,6.3011781705e-1,2.5440840545e-8,2.3841857910e-7,1.7486652869e3,-7.3657319739e-3,7.9946863226e0,5.1031805761e-1,3.0276575848e-2,5.5355429649e-2
41.918367,1.7571494779e3,-1.4330272120e-4,1.4157195815e2,6.5728186920e-1,4.5474735089e-13,1.1920928955e-7,1.7571494821e3,-1.4657706339e-4,3.6142989653e1,6.3028649708e-1,2.3390157367e-8,0.0000000000e0,1.7571250071e3,-7.1298213048e-3,8.0285244996e0,5.1093329625e-1,2.9768664260e-2,5.3616404533e-2
42.019388,1.7656289028e3,-1.4260953123e-4,1.4225031212e2,6.5732646519e-1,2.5011104299e-12,1.1920928955e-7,1.7656289086e3,-1.4585124834e-4,3.6312578183e1,6.3045402900e-1,2.1496816771e-8,-1.1920928955e-7,1.7656051206e3,-6.9009125320e-3,8.0624442665e0,5.1154520137e-1,2.9268078562e-2,5.1924824715e-2
42.120408,1.7741287376e3,-1.4192137112e-4,1.4293029888e2,6.5737074523e-1,1.0913936421e-11,0.0000000000e0,1.7741287453e3,-1.4513087210e-4,3.6482574917e1,6.3062042303e-1,1.9727849576e-8,-1.1920928955e-7,1.7741056276e3,-6.6788249712e-3,8.0964456243e0,5.1215379445e-1,2.8774736077e-2,5.0279378891e-2
42.221429,1.7826489822e3,-1.4123819218e-4,1.4361191842e2,6.5741471230e-1,4.7748471843e-12,-1.1920928955e-7,1.7826489923e3,-1.4441587982e-4,3.6652979857e1,6.3078568931e-1,1.8135779101e-8,-1.1920928955e-7,1.7826265285e3,-6.4633814131e-3,8.1305285739e0,5.1275909679e-1,2.8288554490e-2,4.8679232597e-2
42.322449,1.7911896365e3,-1.4055994634e-4,1.4429517073e2,6.5745836933e-1,3.8653524825e-12,0.0000000000e0,1.7911896495e3,-1.4370621733e-4,3.6823793001e1,6.3094983786e-1,1.6638296074e-8,0.0000000000e0,1.7911678235e3,-6.2544081984e-3,8.1646931162e0,5.1336112956e-1,2.7809452272e-2,4.7124385834e-2
42.423469,1.7997507005e3,-1.3988658613e-4,1.4498005581e2,6.5750171925e-1,1.1368683772e-11,1.1920928955e-7,1.7997507170e3,-1.4300183115e-4,3.6995014350e1,6.3111287856e-1,1.5271325537e-8,-2.3841857910e-7,1.7997295129e3,-6.0517351238e-3,8.1989392521e0,5.1395991380e-1,2.7337348346e-2,4.5612573624e-2
42.524490,1.8083321740e3,-1.3921806460e-4,1.4566657364e2,6.5754476492e-1,2.5011104299e-12,2.3841857910e-7,1.8083321947e3,-1.4230266849e-4,3.7166643904e1,6.3127482123e-1,1.4012357497e-8,1.1920928955e-7,1.8083115972e3,-5.8551954202e-3,8.2332669825e0,5.1455547040e-1,2.6872162080e-2,4.4143319130e-2
42.625510,1.8169340568e3,-1.3855433541e-4,1.4635472420e2,6.5758750921e-1,5.0022208598e-12,1.1920928955e-7,1.8169340826e3,-1.4160867723e-4,3.7338681663e1,6.3143567555e-1,1.2870941646e-8,-1.1920928955e-7,1.8169140765e3,-5.6646257552e-3,8.2676763084e0,5.1514782011e-1,2.6413813416e-2,4.2716264725e-2
42.726531,1.8255563488e3,-1.3789535275e-4,1.4704450749e2,6.5762995492e-1,6.3664629124e-12,0.0000000000e0,1.8255563808e3,-1.4091980589e-4,3.7511127627e1,6.3159545110e-1,1.1787051335e-8,0.0000000000e0,1.8255369512e3,-5.4798661975e-3,8.3021672307e0,5.1573698355e-1,2.5962222830e-2,4.1329622269e-2
42.827551,1.8341990498e3,-1.3724107138e-4,1.4773592347e2,6.5767210485e-1,1.3642420527e-12,-3.5762786865e-7,1.8341990893e3,-1.4023600364e-4,3.7683981796e1,6.3175415738e-1,1.0849362297e-8,-1.1920928955e-7,1.8341802215e3,-5.3007601801e-3,8.3367397502e0,5.1632298119e-1,2.5517311294e-2,3.9983153343e-2
42.928571,1.8428621594e3,-1.3659144658e-4,1.4842897214e2,6.5771396177e-1,1.4779288904e-11,1.1920928955e-7,1.8428622079e3,-1.3955722030e-4,3.7857244169e1,6.3191180376e-1,9.9282715382e-9,1.1920928955e-7,1.8428438878e3,-5.1271544967e-3,8.3713938678e0,5.1690583336e-1,2.5079000415e-2,3.8675546646e-2
43.029592,1.8515456775e3,-1.3594643416e-4,1.4912365345e2,6.5775552839e-1,9.0949470177e-13,2.3841857910e-7,1.8515457369e3,-1.3888340631e-4,3.8030914748e1,6.3206839952e-1,9.1235961008e-9,1.1920928955e-7,1.8515279503e3,-4.9588992397e-3,8.4061295844e0,5.1748556028e-1,2.4647212283e-2,3.7405848503e-2
43.130612,1.8602496035e3,-1.3530599049e-4,1.4981996739e2,6.5779680745e-1,3.1832314562e-12,1.1920928955e-7,1.8602496760e3,-1.3821451271e-4,3.8204993531e1,6.3222395385e-1,8.3612121671e-9,-1.1920928955e-7,1.8602324094e3,-4.7958477670e-3,8.4409469008e0,5.1806218201e-1,2.4221869481e-2,3.6173462868e-2
43.231633,1.8689739372e3,-1.3467007241e-4,1.5051791390e2,6.5783780161e-1,1.3642420527e-12,-1.1920928955e-7,1.8689740255e3,-1.3755049119e-4,3.8379480519e1,6.3237847581e-1,7.6388460002e-9,-1.1920928955e-7,1.8689572653e3,-4.6378567117e-3,8.4758458180e0,5.1863571847e-1,2.3802895329e-2,3.4977078438e-2
43.332653,1.8777186779e3,-1.3403863731e-4,1.5121749294e2,6.5787851354e-1,2.7284841053e-12,-1.1920928955e-7,1.8777187851e3,-1.3689129400e-4,3.8554375712e1,6.3253197439e-1,7.0037913247e-9,2.3841857910e-7,1.8777025183e3,-4.4847858679e-3,8.5108263367e0,5.1920618946e-1,2.3390213472e-2,3.3816695213e-2
43.433673,1.8864838251e3,-1.3341164307e-4,1.5191870446e2,6.5791894588e-1,3.8653524825e-12,-1.1920928955e-7,1.8864839550e3,-1.3623687400e-4,3.8729679110e1,6.3268445849e-1,6.4417235990e-9,-1.1920928955e-7,1.8864681687e3,-4.3364982131e-3,8.5458884577e0,5.1977361464e-1,2.2983748205e-2,3.2690525055e-2
43.534694,1.8952693781e3,-1.3278904806e-4,1.5262154839e2,6.5795910125e-1,2.2737367544e-13,-2.3841857910e-7,1.8952695352e3,-1.3558718462e-4,3.8905390713e1,6.3283593689e-1,5.8553268900e-9,-2.3841857910e-7,1.8952542167e3,-4.1928598636e-3,8.5810321820e0,5.2033801355e-1,2.2583424461e-2,3.1597971916e-2
43.635714,1.9040753360e3,-1.3217081116e-4,1.5332602466e2,6.5799898225e-1,1.4779288904e-11,1.1920928955e-7,1.9040755256e3,-1.3494217987e-4,3.9081510521e1,6.3298641830e-1,5.3973963077e-9,0.0000000000e0,1.9040606627e3,-4.0537400044e-3,8.6162575103e0,5.2089940557e-1,2.2189167645e-2,3.0538558960e-2
43.736735,1.9129016978e3,-1.3155689172e-4,1.5403213317e2,6.5803859146e-1,7.5033312896e-12,-1.1920928955e-7,1.9129019262e3,-1.3430181433e-4,3.9258038533e1,6.3313591132e-1,4.9228674470e-9,-2.3841857910e-7,1.9128875068e3,-3.9190108646e-3,8.6515644434e0,5.2145780997e-1,2.1800903733e-2,2.9511094093e-2
43.837755,1.9217484624e3,-1.3094724957e-4,1.5473987383e2,6.5807793145e-1,3.4106051316e-12,-1.1920928955e-7,1.9217487371e3,-1.3366604313e-4,3.9434974751e1,6.3328442446e-1,4.4926764531e-9,2.3841857910e-7,1.9217347494e3,-3.7885476813e-3,8.6869529820e0,5.2201324589e-1,2.1418559308e-2,2.8514742851e-2
43.938776,1.9306156283e3,-1.3034184502e-4,1.5544924651e2,6.5811700478e-1,1.2505552149e-11,-2.3841857910e-7,1.9306159582e3,-1.3303482194e-4,3.9612319173e1,6.3343196616e-1,4.1341081669e-9,0.0000000000e0,1.9306023907e3,-3.6622286353e-3,8.7224231271e0,5.2256573232e-1,2.1042061450e-2,2.7549028397e-2
44.039796,1.9395031941e3,-1.2974063883e-4,1.5616025106e2,6.5815581400e-1,1.0913936421e-11,0.0000000000e0,1.9395035896e3,-1.3240810697e-4,3.9790071801e1,6.3357854474e-1,3.7653080653e-9,0.0000000000e0,1.9394904310e3,-3.5399348516e-3,8.7579748794e0,5.2311528814e-1,2.0671338001e-2,2.6612758636e-2
44.140816,1.9484111578e3,-1.2914359225e-4,1.5687288732e2,6.5819436163e-1,3.1832314562e-12,1.1920928955e-7,1.9484116312e3,-1.3178585498e-4,3.9968232633e1,6.3372416846e-1,3.4362983570e-9,0.0000000000e0,1.9483988705e3,-3.4215502514e-3,8.7936082395e0,5.2366193210e-1,2.0306316932e-2,2.5705695152e-2
44.241837,1.9573395172e3,-1.2855066695e-4,1.5758715509e2,6.5823265022e-1,3.1832314562e-12,0.0000000000e0,1.9573400830e3,-1.3116802324e-4,4.0146801670e1,6.3386884549e-1,3.1707259041e-9,0.0000000000e0,1.9573277094e3,-3.3069616692e-3,8.8293232083e0,5.2420568281e-1,1.9946927354e-2,2.4826526642e-2
44.342857,1.9662882697e3,-1.2796182509e-4,1.5830305414e2,6.5827068231e-1,5.2295945352e-12,0.0000000000e0,1.9662889452e3,-1.3055456953e-4,4.0325778912e1,6.3401258388e-1,2.8869635571e-9,0.0000000000e0,1.9662769481e3,-3.1960586580e-3,8.8651197865e0,5.2474655875e-1,1.9593098591e-2,2.3975133896e-2
44.443878,1.9752574125e3,-1.2737702924e-4,1.5902058421e2,6.5830846041e-1,3.8653524825e-12,1.1920928955e-7,1.9752582175e3,-1.2994545214e-4,4.0505164359e1,6.3415539164e-1,2.6379893825e-9,0.0000000000e0,1.9752465868e3,-3.0887335046e-3,8.9009979748e0,5.2528457830e-1,1.9244760565e-2,2.3150205612e-2
44.544898,1.9842469419e3,-1.2679624243e-4,1.5973974499e2,6.5834598708e-1,6.5938365879e-12,-2.3841857910e-7,1.9842479001e3,-1.2934062989e-4,4.0684958011e1,6.3429727668e-1,2.3997017706e-9,1.1920928955e-7,1.9842366256e3,-2.9848812086e-3,8.9369577739e0,5.2581975968e-1,1.8901843964e-2,2.2350907326e-2
44.645918,1.9932568541e3,-1.2621942812e-4,1.6046053611e2,6.5838326487e-1,1.4324541553e-11,0.0000000000e0,1.9932579929e3,-1.2874006204e-4,4.0865159867e1,6.3443824682e-1,2.1941559680e-9,0.0000000000e0,1.9932470648e3,-2.8843993670e-3,8.9729991845e0,5.2635212101e-1,1.8564279792e-2,2.1577119827e-2
44.746939,2.0022871442e3,-1.2564655021e-4,1.6118295716e2,6.5842029635e-1,1.5006662579e-11,0.0000000000e0,2.0022884960e3,-1.2814370839e-4,4.1045769929e1,6.3457830979e-1,2.0227162167e-9,0.0000000000e0,2.0022779048e3,-2.7871882128e-3,9.0091222074e0,5.2688168027e-1,1.8231999944e-2,2.0827889442e-2
44.847959,2.0113378070e3,-1.2507757302e-4,1.6190700766e2,6.5845708410e-1,7.9580786405e-12,1.1920928955e-7,2.0113394093e3,-1.2755152919e-4,4.1226788195e1,6.3471747328e-1,1.7985257728e-9,0.0000000000e0,2.0113291456e3,-2.6931504853e-3,9.0453268432e0,5.2740845533e-1,1.7904936643e-2,2.0102500916e-2
44.948980,2.0204088361e3,-1.2451246129e-4,1.6263268705e2,6.5849363073e-1,5.2295945352e-12,-1.1920928955e-7,2.0204107329e3,-1.2696348517e-4,4.1408214667e1,6.3485574485e-1,1.6743797460e-9,1.1920928955e-7,2.0204007875e3,-2.6021914209e-3,9.0816130925e0,5.2793246393e-1,1.7583022698e-2,1.9400000572e-2
45.050000,2.0295002243e3,-1.2395118021e-4,1.6335999469e2,6.5852993890e-1,4.3200998334e-12,1.1920928955e-7,2.0295024667e3,-1.2637953751e-4,4.1590049343e1,6.3499313201e-1,1.5156729205e-9,-2.3841857910e-7,2.0294928307e3,-2.5142187195e-3,9.1179809560e0,5.2845372369e-1,1.7266191600e-2,1.8720030785e-2
45.151020,2.0386119633e3,-1.2339369536e-4,1.6408892984e2,6.5856601130e-1,6.5938365879e-12,-1.1920928955e-7,2.0386146108e3,-1.2579964788e-4,4.1772292224e1,6.3512964220e-1,1.3953922462e-9,-1.1920928955e-7,2.0386052755e3,-2.4291424963e-3,9.1544304344e0,5.2897225210e-1,1.6954377519e-2,1.8062353134e-2
45.252041,2.0477440435e3,-1.2283997274e-4,1.6481949164e2,6.5860185064e-1,1.0459189070e-11,0.0000000000e0,2.0477471651e3,-1.2522377839e-4,4.1954943310e1,6.3526528276e-1,1.2835243979e-9,-2.3841857910e-7,2.0477381220e3,-2.3468751869e-3,9.1909615283e0,5.2948806653e-1,1.6647514952e-2,1.7426133156e-2
45.353061,2.0568964539e3,-1.2228997879e-4,1.6555167913e2,6.5863745972e-1,8.1854523160e-12,0.0000000000e0,2.0569001296e3,-1.2465189157e-4,4.2138002601e1,6.3540006096e-1,1.1641532183e-9,-4.7683715820e-7,2.0568913705e3,-2.2673315527e-3,9.2275742383e0,5.3000118425e-1,1.6345539101e-2,1.6810178757e-2
45.454082,2.0660691817e3,-1.2174368032e-4,1.6628549118e2,6.5867284140e-1,1.1368683772e-11,-4.7683715820e-7,2.0660735044e3,-1.2408395043e-4,4.2321470097e1,6.3553398401e-1,1.1023075785e-9,-2.3841857910e-7,2.0660650211e3,-2.1904286353e-3,9.2642685650e0,5.3051162238e-1,1.6048385892e-2,1.6214609146e-2
45.555102,2.0752622126e3,-1.2120104460e-4,1.6702092651e2,6.5870799858e-1,1.1823431123e-11,-4.7683715820e-7,2.0752672895e3,-1.2351991840e-4,4.2505345797e1,6.3566705903e-1,9.9453245639e-10,4.7683715820e-7,2.0752590741e3,-2.1160856341e-3,9.3010445090e0,5.3101939796e-1,1.5755991372e-2,1.5638351440e-2
45.656122,2.0844755298e3,-1.2066203928e-4,1.6775798365e2,6.5874293429e-1,1.4551915228e-11,2.3841857910e-7,2.0844814847e3,-1.2295975931e-4,4.2689629703e1,6.3579929308e-1,9.1813490144e-10,-2.3841857910e-7,2.0844735296e3,-2.0442240225e-3,9.3379020710e0,5.3152452787e-1,1.5468292998e-2,1.5081167221e-2
45.757143,2.0937091144e3,-1.2012663243e-4,1.6849666092e2,6.5877765161e-1,2.1827872843e-11,0.0000000000e0,2.0937160903e3,-1.2240343745e-4,4.2874321813e1,6.3593069313e-1,8.1990947365e-10,-2.3841857910e-7,2.0937083879e3,-1.9747672807e-3,9.3748412514e0,5.3202702891e-1,1.5185227860e-2,1.4542579651e-2
45.858163,2.1029629447e3,-1.1959479254e-4,1.6923695642e2,6.5881215375e-1,3.3196556615e-11,2.3841857910e-7,2.1029711060e3,-1.2185091751e-4,4.3059422129e1,6.3606126609e-1,7.5260686572e-10,-4.7683715820e-7,2.1029636491e3,-1.9076410397e-3,9.4118620508e0,5.3252691773e-1,1.4906734203e-2,1.4021158218e-2
45.959184,2.1122369960e3,-1.1906648851e-4,1.6997886797e2,6.5884644404e-1,1.7735146685e-11,-2.3841857910e-7,2.1122465321e3,-1.2130216459e-4,4.3244930649e1,6.3619101880e-1,6.4619598561e-10,0.0000000000e0,2.1122393134e3,-1.8427729559e-3,9.4489644699e0,5.3302421089e-1,1.4632750781e-2,1.3517379761e-2
46.060204,2.1215312404e3,-1.1854168966e-4,1.7072239310e2,6.5888052593e-1,3.1832314562e-11,0.0000000000e0,2.1215423683e3,-1.2075714418e-4,4.3430847374e1,6.3631995804e-1,6.2391336542e-10,-2.3841857910e-7,2.1215353811e3,-1.7800926664e-3,9.4861485091e0,5.3351892483e-1,1.4363216846e-2,1.3030529022e-2
46.161224,2.1308456458e3,-1.1802036571e-4,1.7146752901e2,6.5891440301e-1,3.5925040720e-11,-2.3841857910e-7,2.1308586148e3,-1.2021582219e-4,4.3617172304e1,6.3644809050e-1,5.2750692703e-10,7.1525573730e-7,2.1308518522e3,-1.7195317367e-3,9.5234141689e0,5.3401107587e-1,1.4098072066e-2,1.2559890747e-2
46.262245,2.1401801761e3,-1.1750248682e-4,1.7221427253e2,6.5894807906e-1,4.2291503632e-11,-2.3841857910e-7,2.1401952716e3,-1.1967816491e-4,4.3803905439e1,6.3657542282e-1,4.7566572903e-10,4.7683715820e-7,2.1401887269e3,-1.6610236829e-3,9.5607614500e0,5.3450068022e-1,1.3837257107e-2,1.2105464935e-2
46.363265,2.1495347904e3,-1.1698802359e-4,1.7296262005e2,6.5898155801e-1,5.6388671510e-11,-4.7683715820e-7,2.1495523386e3,-1.1914413902e-4,4.3991046779e1,6.3670196156e-1,4.5292836148e-10,7.1525573730e-7,2.1495460055e3,-1.6045038278e-3,9.5981903527e0,5.3498775397e-1,1.3580712734e-2,1.1665582657e-2
46.464286,2.1589094424e3,-1.1647694702e-4,1.7371256753e2,6.5901484399e-1,5.9571902966e-11,0.0000000000e0,2.1589298158e3,-1.1861371158e-4,4.4178596324e1,6.3682771321e-1,3.8471625885e-10,0.0000000000e0,2.1589236881e3,-1.5499093625e-3,9.6357008777e0,5.3547231312e-1,1.3328380749e-2,1.1240959167e-2
46.565306,2.1683040798e3,-1.1596922857e-4,1.7446411038e2,6.5904794135e-1,5.1841198001e-11,0.0000000000e0,2.1683277033e3,-1.1808685003e-4,4.4366554073e1,6.3695268423e-1,4.1472958401e-10,2.3841857910e-7,2.1683217748e3,-1.4971792159e-3,9.6732930253e0,5.3595437353e-1,1.3080203178e-2,1.0830879211e-2
46.666327,2.1777186436e3,-1.1546484014e-4,1.7521724345e2,6.5908085468e-1,8.2309270510e-11,0.0000000000e0,2.1777460010e3,-1.1756352218e-4,4.4554920028e1,6.3707688096e-1,3.7789504859e-10,-4.7683715820e-7,2.1777402658e3,-1.4462540584e-3,9.7109667961e0,5.3643395097e-1,1.2836122679e-2,1.0434627533e-2
46.767347,2.1871530676e3,-1.1496375408e-4,1.7597196094e2,6.5911358878e-1,8.9585228125e-11,4.7683715820e-7,2.1871847090e3,-1.1704369621e-4,4.4743694187e1,6.3720030972e-1,3.3060132409e-10,-2.3841857910e-7,2.1871791613e3,-1.3970762783e-3,9.7487221906e0,5.3691106109e-1,1.2596082725e-2,1.0051965714e-2
46.868367,2.1966072773e3,-1.1446594320e-4,1.7672825635e2,6.5914614878e-1,9.4132701633e-11,4.7683715820e-7,2.1966438272e3,-1.1652734064e-4,4.4932876551e1,6.3732297675e-1,2.7011992643e-10,-2.3841857910e-7,2.1966384614e3,-1.3495898776e-3,9.7865592091e0,5.3738571943e-1,1.2360026958e-2,9.6824169159e-3
46.969388,2.2060811890e3,-1.1397138079e-4,1.7748612239e2,6.5917854006e-1,1.2096279534e-10,0.0000000000e0,2.2061233557e3,-1.1601442437e-4,4.5122467120e1,6.3744488823e-1,2.7330315788e-10,2.3841857910e-7,2.2061181663e3,-1.3037405049e-3,9.8244778522e0,5.3785794144e-1,1.2127899919e-2,9.3255043030e-3
47.070408,2.2155747092e3,-1.1348004063e-4,1.7824555089e2,6.5921076832e-1,1.2050804798e-10,-2.3841857910e-7,2.2156232944e3,-1.1550491666e-4,4.5312465895e1,6.3756605028e-1,2.6602720027e-10,2.3841857910e-7,2.2156182761e3,-1.2594753713e-3,9.8624781203e0,5.3832774245e-1,1.1899646588e-2,8.9809894562e-3
47.171429,2.2250877331e3,-1.1299189697e-4,1.7900653274e2,6.5924283963e-1,1.3233147911e-10,-2.3841857910e-7,2.2251436433e3,-1.1499878707e-4,4.5502872874e1,6.3768646894e-1,2.0463630790e-10,0.0000000000e0,2.2251387909e3,-1.2167432172e-3,9.9005600138e0,5.3879513766e-1,1.1675212437e-2,8.6483955383e-3
47.272449,2.2346201439e3,-1.1250692460e-4,1.7976905777e2,6.5927476037e-1,1.6007106751e-10,0.0000000000e0,2.2346844025e3,-1.1449600555e-4,4.5693688057e1,6.3780615023e-1,1.7234924599e-10,2.3841857910e-7,2.2346797109e3,-1.1754943009e-3,9.9387235331e0,5.3926014221e-1,1.1454543699e-2,8.3265304565e-3
47.373469,2.2441718112e3,-1.1202509880e-4,1.8053311465e2,6.5930653735e-1,1.9690560293e-10,-4.7683715820e-7,2.2442455720e3,-1.1399654236e-4,4.5884911446e1,6.3792510008e-1,1.5052137314e-10,2.3841857910e-7,2.2442410363e3,-1.1356803281e-3,9.9769686787e0,5.3972277110e-1,1.1237587022e-2,8.0170631409e-3
47.474490,2.2537425901e3,-1.1154639542e-4,1.8129869079e2,6.5933817776e-1,2.2737367544e-10,2.3841857910e-7,2.2538271517e3,-1.1350036811e-4,4.6076543040e1,6.3804332435e-1,1.5961632016e-10,-2.3841857910e-7,2.2538227672e3,-1.0972544297e-3,1.0015295451e1,5.4018303924e-1,1.1024289612e-2,7.7180862427e-3
47.575510,2.2633323193e3,-1.1107079086e-4,1.8206577220e2,6.5936968922e-1,2.4874680093e-10,-2.3841857910e-7,2.2634291416e3,-1.1300745373e-4,4.6268582838e1,6.3816082888e-1,1.5916157281e-10,-2.3841857910e-7,2.2634249036e3,-1.0601711288e-3,1.0053703850e1,5.4064096143e-1,1.0814599264e-2,7.4286460876e-3
47.676531,2.2729408201e3,-1.1059826208e-4,1.8283434340e2,6.5940107982e-1,2.8694557841e-10,2.3841857910e-7,2.2730515418e3,-1.1251777046e-4,4.6461030842e1,6.3827761943e-1,1.1732481653e-10,4.7683715820e-7,2.2730474458e3,-1.0243862965e-3,1.0092193877e1,5.4109655237e-1,1.0608464258e-2,7.1513652802e-3
47.777551,2.2825678946e3,-1.1012878664e-4,1.8360438724e2,6.5943235810e-1,3.1468516681e-10,4.7683715820e-7,2.2826943522e3,-1.1203128987e-4,4.6653887050e1,6.3839370169e-1,9.7770680441e-11,2.3841857910e-7,2.2826903938e3,-9.8985715051e-4,1.0130765531e1,5.4154982665e-1,1.0405833752e-2,6.8824291229e-3
47.878571,2.2922133239e3,-1.0966234273e-4,1.8437588478e2,6.5946353312e-1,3.6470737541e-10,2.3841857910e-7,2.2923575728e3,-1.1154798386e-4,4.6847151464e1,6.3850908133e-1,1.0413714335e-10,2.3841857910e-7,2.2923537478e3,-9.5654214574e-4,1.0169418814e1,5.4200079878e-1,1.0206656882e-2,6.6232681274e-3
47.979592,2.3018768664e3,-1.0919890915e-4,1.8514881514e2,6.5949461445e-1,4.1472958401e-10,0.0000000000e0,2.3020412038e3,-1.1106782462e-4,4.7040824082e1,6.3862376393e-1,1.0004441720e-10,2.3841857910e-7,2.3020375078e3,-9.2440102792e-4,1.0208153725e1,5.4244948314e-1,1.0010883792e-2,6.3724517822e-3
48.080612,2.3115582561e3,-1.0873846539e-4,1.8592315533e2,6.5952561220e-1,4.8112269724e-10,0.0000000000e0,2.3117452449e3,-1.1059078465e-4,4.7234904905e1,6.3873775503e-1,7.6852302300e-11,0.0000000000e0,2.3117416741e3,-8.9339474713e-4,1.0246970265e1,5.4289589402e-1,9.8184649978e-3,6.1316490173e-3
48.181633,2.3212572000e3,-1.0828099158e-4,1.8669888009e2,6.5955653702e-1,5.2568793762e-10,2.3841857910e-7,2.3214696963e3,-1.1011683677e-4,4.7429393933e1,6.3885106012e-1,9.9134922493e-11,0.0000000000e0,2.3214662467e3,-8.6348544900e-4,1.0285868435e1,5.4334004563e-1,9.6293516608e-3,5.8994293213e-3
48.282653,2.3309733767e3,-1.0782646860e-4,1.8747596171e2,6.5958740014e-1,5.9890226112e-10,0.0000000000e0,2.3312145580e3,-1.0964595407e-4,4.7624291165e1,6.3896368462e-1,4.1382008931e-11,0.0000000000e0,2.3312112258e3,-8.3463642009e-4,1.0324848233e1,5.4378195205e-1,9.4434952930e-3,5.6748390198e-3
48.383673,2.3407064337e3,-1.0737487804e-4,1.8825436981e2,6.5961821339e-1,7.0076566772e-10,-2.3841857910e-7,2.3409798298e3,-1.0917810995e-4,4.7819596603e1,6.3907563392e-1,7.8671291703e-11,0.0000000000e0,2.3409766114e3,-8.0681207861e-4,1.0363909662e1,5.4422162729e-1,9.2608480254e-3,5.4590702057e-3
48.484694,2.3504559854e3,-1.0692620224e-4,1.8903407122e2,6.5964898917e-1,7.7261574916e-10,-4.7683715820e-7,2.3507655120e3,-1.0871327810e-4,4.8015310246e1,6.3918691335e-1,7.0031092037e-11,0.0000000000e0,2.3507624036e3,-7.7997795556e-4,1.0403052721e1,5.4465908523e-1,9.0813627712e-3,5.2502155304e-3
48.585714,2.3602216106e3,-1.0648042433e-4,1.8981502972e2,6.5967974049e-1,8.7447915575e-10,0.0000000000e0,2.3605716044e3,-1.0825143250e-4,4.8211432093e1,6.3929752816e-1,6.8212102633e-11,-2.3841857910e-7,2.3605686026e3,-7.5410061847e-4,1.0442277410e1,5.4509433968e-1,8.9049925873e-3,5.0494670868e-3
48.686735,2.3700028499e3,-1.0603752826e-4,1.9059720584e2,6.5971048096e-1,9.8771124613e-10,0.0000000000e0,2.3703981070e3,-1.0779254741e-4,4.8407962146e1,6.3940748360e-1,5.6388671510e-11,0.0000000000e0,2.3703952084e3,-7.2914768519e-4,1.0481583730e1,5.4552740435e-1,8.7316912482e-3,4.8563480377e-3
48.787755,2.3797992033e3,-1.0559749880e-4,1.9138055668e2,6.5974122482e-1,1.0950316209e-9,4.7683715820e-7,2.3802450199e3,-1.0733659736e-4,4.8604900403e1,6.3951678482e-1,4.8203219194e-11,0.0000000000e0,2.3802422212e3,-7.0508778569e-4,1.0520971682e1,5.4595829284e-1,8.5614131158e-3,4.6694278717e-3
48.888776,2.3896101278e3,-1.0516032158e-4,1.9216503567e2,6.5977198686e-1,1.2369127944e-9,-4.7683715820e-7,2.3901123430e3,-1.0688355717e-4,4.8802246865e1,6.3962543696e-1,3.9108272176e-11,2.3841857910e-7,2.3901096410e3,-6.8189051051e-4,1.0560441264e1,5.4638701866e-1,8.3941127873e-3,4.4896602631e-3
48.989796,2.3994350344e3,-1.0472598315e-4,1.9295059235e2,6.5980278252e-1,1.3642420527e-9,4.7683715820e-7,2.4000000763e3,-1.0643340193e-4,4.9000001533e1,6.3973344507e-1,3.7744030124e-11,-4.7683715820e-7,2.3999974680e3,-6.5952643733e-4,1.0599992478e1,5.4681359525e-1,8.2297458803e-3,4.3153762817e-3
49.090816,2.4092732855e3,-1.0429447093e-4,1.9373717215e2,6.5983362778e-1,1.5302248357e-9,2.3841857910e-7,2.4099082199e3,-1.0598610698e-4,4.9198164405e1,6.3984081420e-1,5.1386450650e-11,-2.3841857910e-7,2.4099057022e3,-6.3796704194e-4,1.0639625325e1,5.4723803591e-1,8.0682681082e-3,4.1487216949e-3
49.191837,2.4191241924e3,-1.0386577329e-4,1.9452471618e2,6.5986453918e-1,1.7039383238e-9,4.7683715820e-7,2.4198367738e3,-1.0554164795e-4,4.9396735481e1,6.3994754931e-1,4.4110493036e-11,2.3841857910e-7,2.4198343437e3,-6.1718471139e-4,1.0679339803e1,5.4766035390e-1,7.9096358540e-3,3.9875507355e-3
49.292857,2.4289870126e3,-1.0343987958e-4,1.9531316097e2,6.5989553379e-1,1.9053914002e-9,0.0000000000e0,2.4297857379e3,-1.0510000072e-4,4.9595714763e1,6.4005365533e-1,2.2737367544e-11,-2.3841857910e-7,2.4297833926e3,-5.9715270530e-4,1.0719135914e1,5.4808056233e-1,7.7538059659e-3,3.8335323334e-3
49.393878,2.4388609467e3,-1.0301678011e-4,1.9610243831e2,6.5992662919e-1,2.1254891180e-9,0.0000000000e0,2.4397551122e3,-1.0466114143e-4,4.9795102250e1,6.4015913714e-1,3.4560798667e-11,0.0000000000e0,2.4397528490e3,-5.7784513953e-4,1.0759013657e1,5.4849867428e-1,7.6007358880e-3,3.6842823029e-3
49.494898,2.4487451362e3,-1.0259646620e-4,1.9689247497e2,6.5995784340e-1,2.3746906663e-9,0.0000000000e0,2.4497448968e3,-1.0422504647e-4,4.9994897942e1,6.4026399957e-1,8.1854523160e-12,-2.3841857910e-7,2.4497427129e3,-5.5923695245e-4,1.0798973034e1,5.4891470268e-1,7.4503835058e-3,3.5395622253e-3
49.595918,2.4586386610e3,-1.0217893017e-4,1.9768319254e2,6.5998919488e-1,2.6343514037e-9,2.3841857910e-7,2.4597550916e3,-1.0379169248e-4,5.0195101838e1,6.4036824742e-1,3.1832314562e-11,0.0000000000e0,2.4597529845e3,-5.4130387791e-4,1.0839014043e1,5.4932866042e-1,7.3027070766e-3,3.4012794495e-3
49.696939,2.4685405365e3,-1.0176416540e-4,1.9847450721e2,6.6002070241e-1,2.9176590033e-9,0.0000000000e0,2.4697856967e3,-1.0336105636e-4,5.0395713940e1,6.4047188542e-1,5.4569682106e-12,-2.3841857910e-7,2.4697836638e3,-5.2402244296e-4,1.0879136687e1,5.4974056026e-1,7.1576655778e-3,3.2677650452e-3
49.797959,2.4784497115e3,-1.0135216629e-4,1.9926632956e2,6.6005238511e-1,3.2450770959e-9,7.1525573730e-7,2.4798367120e3,-1.0293311524e-4,5.0596734246e1,6.4057491827e-1,2.7739588404e-11,0.0000000000e0,2.4798347510e3,-5.0736993967e-4,1.0919340963e1,5.5015041489e-1,7.0152186231e-3,3.1397342682e-3
49.898980,2.4883650660e3,-1.0094292831e-4,2.0005856441e2,6.6008426232e-1,3.5997800296e-9,0.0000000000e0,2.4899081376e3,-1.0250784652e-4,5.0798162757e1,6.4067735062e-1,3.4106051316e-11,4.7683715820e-7,2.4899062460e3,-4.9132435838e-4,1.0959626874e1,5.5055823692e-1,6.8753256578e-3,3.0162334442e-3
50.000000,2.4982854090e3,-1.0053644795e-4,2.0085111066e2,6.6011635352e-1,3.9663063944e-9,-4.7683715820e-7,2.4999999734e3,-1.0208522779e-4,5.0999999473e1,6.4077918709e-1,2.5011104299e-11,-4.7683715820e-7,2.4999981489e3,-4.7586445130e-4,1.0999994418e1,5.5096403886e-1,6.7379474685e-3,2.8972625732e-3
