lambda,ntilde_eta50,sigmaz_eta50,x2_eta50,u4x_eta50,gap_eta50,cv_eta50,ntilde_eta200,sigmaz_eta200,x2_eta200,u4x_eta200,gap_eta200,cv_eta200,ntilde_eta1000,sigmaz_eta1000,x2_eta1000,u4x_eta1000,gap_eta1000,cv_eta1000
0.500000,2.4075525719e-1,-9.5339889586e-1,1.0194434179e0,2.4040621165e-4,9.9004595052e-1,2.8783628136e-1,2.4761534062e-1,-9.6129160930e-1,1.0049641992e0,1.6231177895e-5,9.9750306036e-1,2.8391381622e-1,2.4951901119e-1,-9.6347601856e-1,1.0009985568e0,6.6312534464e-7,9.9950012448e-1,2.8286553656e-1
0.601020,3.4793368189e-1,-9.4869352488e-1,1.0280978067e0,4.9365300093e-4,9.8564932852e-1,2.9015444597e-1,3.5778429104e-1,-9.6007600171e-1,1.0071728475e0,3.3738766819e-5,9.9639417170e-1,2.8449629643e-1,3.6053072670e-1,-9.6323069492e-1,1.0014428174e0,1.3832078457e-6,9.9927780912e-1,2.8298218411e-1
0.702041,4.7483183860e-1,-9.4314321323e-1,1.0383434470e0,9.0129833479e-4,9.8047117138e-1,2.9288934002e-1,4.8817306844e-1,-9.5863862279e-1,1.0097868420e0,6.2485781156e-5,9.9508339120e-1,2.8518519790e-1,4.9191358399e-1,-9.6294040709e-1,1.0019686016e0,2.5723172102e-6,9.9901476207e-1,2.8312021903e-1
0.803061,6.2147560635e-1,-9.3675722325e-1,1.0501818975e0,1.5092435022e-3,9.7452403561e-1,2.9603583641e-1,6.3878338714e-1,-9.5698012484e-1,1.0128062083e0,1.0635196989e-4,9.9357151920e-1,2.8598027384e-1,6.4366764657e-1,-9.6260518206e-1,1.0025759096e0,4.3988977629e-6,9.9871101551e-1,2.8327963224e-1
0.904082,7.8789462985e-1,-9.2954619873e-1,1.0636149446e0,2.3646827973e-3,9.6782228637e-1,2.9958742690e-1,8.0961728712e-1,-9.5510125929e-1,1.0162309773e0,1.6969282747e-4,9.9185947796e-1,2.8688123001e-1,8.1579306906e-1,-9.6222505079e-1,1.0032647420e0,7.0564110538e-6,9.9836660662e-1,2.8346041315e-1
1.005102,9.7412213529e-1,-9.2152214771e-1,1.0786445895e0,3.5142846260e-3,9.6038203938e-1,3.0353597282e-1,1.0006770153e0,-9.5300287733e-1,1.0200611826e0,2.5728929822e-4,9.8994831070e-1,2.8788772068e-1,1.0082898565e0,-9.6180004876e-1,1.0040350987e0,1.0762864062e-5,9.9798157752e-1,2.8366254968e-1
1.106122,1.1801948927e0,-9.1269841870e-1,1.0952730485e0,5.0024994407e-3,9.5222109604e-1,3.0787142607e-1,1.2119650448e0,-9.5068592901e-1,1.0242968612e0,3.7429332212e-4,9.8783918055e-1,2.8899934415e-1,1.2211581392e0,-9.6133021534e-1,1.0048869801e0,1.5760286803e-5,9.9755597532e-1,2.8388602819e-1
1.207143,1.4061529058e0,-9.0308968715e-1,1.1135027305e0,6.8700626629e-3,9.4335887214e-1,3.1258152292e-1,1.4434842322e0,-9.4815146097e-1,1.0289380562e0,5.2617014573e-4,9.8553336938e-1,2.9021563770e-1,1.4543980545e0,-9.6081559410e-1,1.0058203866e0,2.2314148499e-5,9.9708985206e-1,2.8413083345e-1
1.308163,1.6520394567e0,-8.9271192891e-1,1.1333362441e0,9.1527491347e-3,9.3381632062e-1,3.1765145398e-1,1.6952376278e0,-9.4540061756e-1,1.0339848136e0,7.1863798149e-4,9.8303227647e-1,2.9153607207e-1,1.7080097232e0,-9.6025623276e-1,1.0068353186e0,3.0712719913e-5,9.9658326472e-1,2.8439694859e-1
1.409184,1.9179006579e0,-8.8158241402e-1,1.1547763651e0,1.1880405088e-2,9.2361584872e-1,3.2306351476e-1,1.9672284208e0,-9.4243464050e-1,1.0394371808e0,9.5760608268e-4,9.8033741714e-1,2.9296004532e-1,1.9819929770e0,-9.5965218381e-1,1.0079317754e0,4.1266372308e-5,9.9603627518e-1,2.8468435507e-1
1.510204,2.2037855785e0,-8.6971968110e-1,1.1778260508e0,1.5076280159e-2,9.1278123009e-1,3.2879674263e-1,2.2594602050e0,-9.3925486541e-1,1.0452952120e0,1.2491124005e-3,9.7745042119e-1,2.9448687632e-1,2.2763488251e0,-9.5900350152e-1,1.0091097607e0,5.4306898854e-5,9.9544895030e-1,2.8499303259e-1
1.611224,2.5097456276e0,-8.5714354275e-1,1.2024883940e0,1.8756642608e-2,9.0133751226e-1,3.3482654733e-1,2.5719367107e0,-9.3586272349e-1,1.0515589631e0,1.5992609435e-3,9.7437303124e-1,2.9611579759e-1,2.5910764605e0,-9.5831024793e-1,1.0103692712e0,7.0186603423e-5,9.9482136177e-1,2.8532295906e-1
1.712245,2.8358348989e0,-8.4387505960e-1,1.2287666563e0,2.2930677435e-2,8.8931092003e-1,3.4112434392e-1,2.9046619967e0,-9.3225973867e-1,1.0582284953e0,2.0141604993e-3,9.7110710101e-1,2.9784594780e-1,2.9261765574e0,-9.5757248625e-1,1.0117103094e0,8.9277610002e-5,9.9415358621e-1,2.8567411054e-1
1.813265,3.1821092296e0,-8.2993656579e-1,1.2566641958e0,2.7600611680e-2,8.7672875527e-1,3.4765719847e-1,3.2576402894e0,-9.2844752820e-1,1.0653038720e0,2.4998647171e-3,9.6765459347e-1,2.9967636362e-1,3.2816491316e0,-9.5679028513e-1,1.0131328752e0,1.1197089333e-4,9.9344570508e-1,2.8604646115e-1
1.914286,3.5486264847e0,-8.1535165537e-1,1.2861844964e0,3.2762059975e-2,8.6361929374e-1,3.5438749913e-1,3.6308760460e0,-9.2442780098e-1,1.0727851599e0,3.0623148407e-3,9.6401757882e-1,3.0160597127e-1,3.6574944435e0,-9.5596371682e-1,1.0146369695e0,1.3867541034e-4,9.9269780472e-1,2.8643998305e-1
2.015306,3.9354462151e0,-8.0014519718e-1,1.3173311451e0,3.8404527094e-2,8.5001167935e-1,3.6127266649e-1,4.0243739983e0,-9.2020235609e-1,1.0806724303e0,3.7072855120e-3,9.6019823246e-1,3.0363357747e-1,4.0537126812e0,-9.5509285782e-1,1.0162225928e0,1.6981713290e-4,9.9190997628e-1,2.8685464629e-1
2.116327,4.3426290152e0,-7.8434336532e-1,1.3501077865e0,4.4512027771e-2,8.3593581653e-1,3.6826491913e-1,4.4381390722e0,-9.1577308257e-1,1.0889657572e0,4.4403339853e-3,9.5619883282e-1,3.0575786011e-1,4.4703040489e0,-9.5417778870e-1,1.0178897457e0,2.0583806974e-4,9.9108231577e-1,2.8729041878e-1
2.217347,4.7702366668e0,-7.6797364805e-1,1.3845181405e0,5.1063799812e-2,8.2142226122e-1,3.7531111180e-1,4.8721763429e0,-9.1114195870e-1,1.0976652166e0,5.2667534143e-3,9.5202175908e-1,3.0797735840e-1,4.9072687753e0,-9.5321859403e-1,1.0196384289e0,2.4719525382e-4,9.9021492393e-1,2.8774726624e-1
2.318367,5.2183314141e0,-7.5106489116e-1,1.4205659508e0,5.8035049178e-2,8.0650211105e-1,3.8235266467e-1,5.3264911483e0,-9.0631104992e-1,1.1067708885e0,6.1915308833e-3,9.4766948882e-1,3.1029046270e-1,5.3646070732e0,-9.5221536246e-1,1.0214686431e0,2.9435969795e-4,9.8930790634e-1,2.8822515201e-1
2.419388,5.6869758716e0,-7.3364732385e-1,1.4582549847e0,6.5397717010e-2,7.9120689518e-1,3.8932560291e-1,5.8010890573e0,-9.0128250809e-1,1.1162828569e0,7.2193099333e-3,9.4314459558e-1,3.1269540398e-1,5.8423192305e0,-9.5116818656e-1,1.0233803891e0,3.4781533921e-4,9.8836137331e-1,2.8872403708e-1
2.520408,6.1762326484e0,-7.1575259662e-1,1.4975890102e0,7.3121227941e-2,7.7556846447e-1,3.9616072572e-1,6.2959758288e0,-8.9605857085e-1,1.1262012082e0,8.3543579751e-3,9.3844974630e-1,3.1519024302e-1,6.3404054245e0,-9.5007716313e-1,1.0253736674e0,4.0805793290e-4,9.8737543987e-1,2.8924387989e-1
2.621429,6.6861636326e0,-6.9741382996e-1,1.5385717468e0,8.1173197130e-2,7.5961888240e-1,4.0278392343e-1,6.8111572388e0,-8.9064156225e-1,1.1365260285e0,9.6005383868e-3,9.3358769873e-1,3.1777285930e-1,6.8588659789e0,-9.4894239271e-1,1.0274484790e0,4.7559397829e-4,9.8635022578e-1,2.8978463629e-1
2.722449,7.2168301640e0,-6.7866563332e-1,1.5812068879e0,8.9520099622e-2,7.4339031732e-1,4.0911665886e-1,7.3466396618e0,-8.8503388637e-1,1.1472574148e0,1.0961289533e-2,9.2856129871e-1,3.2044093968e-1,7.3977013000e0,-9.4776397965e-1,1.0296048253e0,5.5093959799e-4,9.8528585551e-1,2.9034625944e-1
2.823469,7.7682917555e0,-6.5954416337e-1,1.6254980066e0,9.8127854160e-2,7.2691493643e-1,4.1507662687e-1,7.9024291530e0,-8.7923803498e-1,1.1583954570e0,1.2439605157e-2,9.2337347740e-1,3.2319196699e-1,7.9569112073e0,-9.4654203345e-1,1.0318427052e0,6.3461930945e-4,9.8418245810e-1,2.9092869966e-1
2.924490,8.3406066345e0,-6.4008711864e-1,1.6714486093e0,1.0696236658e-1,7.1022480208e-1,4.2057860109e-1,8.4785321866e0,-8.7325657979e-1,1.1699402523e0,1.4038023757e-2,9.1802724844e-1,3.2602320836e-1,8.5364964644e0,-9.4527666574e-1,1.0341621216e0,7.2716511044e-4,9.8304016735e-1,2.9153190435e-1
3.025510,8.9338302748e0,-6.2033378121e-1,1.7190620269e0,1.1598996983e-1,6.9335177079e-1,4.2553547178e-1,9.0749555351e0,-8.6709217282e-1,1.1818919032e0,1.5758620700e-2,9.1252570505e-1,3.2893170367e-1,9.1364573427e0,-9.4396799304e-1,1.0365630753e0,8.2911513356e-4,9.8185912157e-1,2.9215581786e-1
3.126531,9.5480156193e0,-6.0032499177e-1,1.7683414429e0,1.2517781872e-1,6.7632739535e-1,4.2985947140e-1,9.6917056865e0,-8.6074755101e-1,1.1942505059e0,1.7603003378e-2,9.0687201700e-1,3.3191425400e-1,9.7567937751e0,-9.4261613647e-1,1.0390455655e0,9.4101250630e-4,9.8063946371e-1,2.9280038138e-1
3.227551,1.0183211934e1,-5.8010314213e-1,1.8192898120e0,1.3449419475e-1,6.5918283053e-1,4.3346357687e-1,1.0328789729e1,-8.5422552747e-1,1.2070161677e0,1.9572314894e-2,9.0106942763e-1,3.3496741008e-1,1.0397506382e1,-9.4122121972e-1,1.0416095945e0,1.0634043927e-3,9.7938134118e-1,2.9346553283e-1
3.328571,1.0839465739e1,-5.5971208600e-1,1.8719099453e0,1.4390877660e-1,6.4194874260e-1,4.3626306813e-1,1.0986214833e1,-8.4752899568e-1,1.2201889967e0,2.1667237705e-2,8.9512125072e-1,3.3808746112e-1,1.1058595659e1,-9.3978337063e-1,1.0442551640e0,1.1968407240e-3,9.7808490606e-1,2.9415120666e-1
3.429592,1.1516817927e1,-5.3919711999e-1,1.9262042885e0,1.5339279561e-1,6.2465522319e-1,4.3817721309e-1,1.1663987852e1,-8.4066093258e-1,1.2337690945e0,2.3888000982e-2,8.8903086736e-1,3.4127042377e-1,1.1740061801e1,-9.3830272150e-1,1.0469822744e0,1.3418730254e-3,9.7675031479e-1,2.9485733381e-1
3.530612,1.2215305116e1,-5.1860481697e-1,1.9821750377e0,1.6291920045e-1,6.0733170759e-1,4.3913103956e-1,1.2362116170e1,-8.3362439050e-1,1.2477565721e0,2.6234395329e-2,8.8280172272e-1,3.4451203157e-1,1.2441904701e1,-9.3677940907e-1,1.0497909249e0,1.4990532790e-3,9.7537772830e-1,2.9558384155e-1
3.631633,1.2934958639e1,-4.9798289144e-1,2.0398240863e0,1.7246273607e-1,5.9000689795e-1,4.3905714517e-1,1.3080607452e1,-8.2642249925e-1,1.2621515462e0,2.8705787005e-2,8.7643732287e-1,3.4780772486e-1,1.3164125445e1,-9.3521357161e-1,1.0526811194e0,1.6689331617e-3,9.7396731200e-1,2.9633065327e-1
3.732653,1.3675803938e1,-4.7737999645e-1,2.0991529479e0,1.8199999775e-1,5.7270869147e-1,4.3789748849e-1,1.3819468794e1,-8.1905847336e-1,1.2769541210e0,3.1301132450e-2,8.6994123142e-1,3.5115264136e-1,1.3906724026e1,-9.3360535333e-1,1.0556528576e0,1.8520624458e-3,9.7251923564e-1,2.9709768843e-1
3.833673,1.4437860945e1,-4.5684547907e-1,2.1601628326e0,1.9150945030e-1,5.5546411383e-1,4.3560509819e-1,1.4578708085e1,-8.1153560004e-1,1.2921644166e0,3.4019002641e-2,8.6331706631e-1,3.5454160737e-1,1.4669701079e1,-9.3195490100e-1,1.0587061417e0,2.0489883233e-3,9.7103367335e-1,2.9788486235e-1
3.934694,1.5221142129e1,-4.3642913090e-1,2.2228544779e0,2.0097139825e-1,5.3829925812e-1,4.3214563341e-1,1.5358332979e1,-8.0385724820e-1,1.3077825477e0,3.6857601030e-2,8.5656849636e-1,3.5796912995e-1,1.5453056303e1,-9.3026236699e-1,1.0618409700e0,2.2602539593e-3,9.6951080357e-1,2.9869208611e-1
4.035714,1.6025654035e1,-4.1618082694e-1,2.2872282817e0,2.1036797262e-1,5.2123922922e-1,4.2749872802e-1,1.6158351065e1,-7.9602686707e-1,1.3238086274e0,3.9814787035e-2,8.4969923797e-1,3.6142939006e-1,1.6256790936e1,-9.2852790444e-1,1.0650573471e0,2.4863981195e-3,9.6795080904e-1,2.9951926634e-1
4.136735,1.6851395610e1,-3.9615019931e-1,2.3532841716e0,2.1968305922e-1,5.0430809389e-1,4.2165905453e-1,1.6978770427e1,-7.8804798166e-1,1.3402427784e0,4.2888102211e-2,8.4271305170e-1,3.6491623680e-1,1.7080905010e1,-9.2675167259e-1,1.0683552727e0,2.7279534401e-3,9.6635387674e-1,3.0036630509e-1
4.237755,1.7698359334e1,-3.7638621998e-1,2.4210216974e0,2.2890224585e-1,4.8752883657e-1,4.1463705038e-1,1.7819598708e1,-7.7992420105e-1,1.3570851142e0,4.6074791682e-2,8.3561373884e-1,3.6842318300e-1,1.7925398704e1,-9.2493383408e-1,1.0717347472e0,2.9854458040e-3,9.6472019791e-1,3.0123309966e-1
4.338776,1.8566530776e1,-3.5693679447e-1,2.4904399952e0,2.3801273901e-1,4.7092332086e-1,4.0645925994e-1,1.8680843735e1,-7.7165921347e-1,1.3743357520e0,4.9371831875e-2,8.2840513803e-1,3.7194340215e-1,1.8790273236e1,-9.2307455330e-1,1.0751957749e0,3.2593936922e-3,9.6304996793e-1,3.0211954245e-1
4.439796,1.9455888123e1,-3.3784833949e-1,2.5615377471e0,2.4700327330e-1,4.5451225684e-1,3.9716825995e-1,1.9562513831e1,-7.6325678436e-1,1.3919948186e0,5.2775957420e-2,8.2109112179e-1,3.7546972701e-1,1.9675528246e1,-9.2117400133e-1,1.0787383540e0,3.5503064583e-3,9.6134338626e-1,3.0302552081e-1
4.540816,2.0366403307e1,-3.1916532559e-1,2.6343132669e0,2.5586403188e-1,4.3831517401e-1,3.8682215287e-1,2.0464616697e1,-7.5472076617e-1,1.4100624282e0,5.6283682517e-2,8.1367559308e-1,3.7899464986e-1,2.0581164501e1,-9.1923235075e-1,1.0823624871e0,3.8586842935e-3,9.5960065658e-1,3.0395091677e-1
4.641837,2.1298042121e1,-3.0092984626e-1,2.7087645020e0,2.6458655225e-1,4.2235039991e-1,3.7549363158e-1,2.1387160229e1,-7.4605509229e-1,1.4285386991e0,5.9891329471e-2,8.0616248187e-1,3.8251032470e-1,2.1507182372e1,-9.1724977854e-1,1.0860681752e0,4.1850169009e-3,9.5782198657e-1,3.0489560698e-1
4.742857,2.2250763976e1,-2.8318120948e-1,2.7848890055e0,2.7316362780e-1,4.0663504430e-1,3.6326863816e-1,2.2330152573e1,-7.3726377736e-1,1.4474237543e0,6.3595053953e-2,7.9855574173e-1,3.8600857145e-1,2.2453582271e1,-9.1522646524e-1,1.0898554196e0,4.5297828268e-3,9.5600758787e-1,3.0585946248e-1
4.843878,2.3224523627e1,-2.6595552497e-1,2.8626840622e0,2.8158922733e-1,3.9118498872e-1,3.5024465857e-1,2.3293601606e1,-7.2835092233e-1,1.4667177118e0,6.7390867314e-2,7.9085934633e-1,3.8948088231e-1,2.3420364878e1,-9.1316259446e-1,1.0937242224e0,4.8934487783e-3,9.5415767618e-1,3.0684234851e-1
4.944898,2.4219271022e1,-2.4928536363e-1,2.9421466644e0,2.8985839797e-1,3.7601488136e-1,3.3652871156e-1,2.4277515240e1,-7.1932071273e-1,1.4864206902e0,7.1274661428e-2,7.8307728610e-1,3.9291843051e-1,2.4407530654e1,-9.1105835382e-1,1.0976745851e0,5.2764687121e-3,9.5227247111e-1,3.0784412434e-1
5.045918,2.5234952040e1,-2.3319945104e-1,3.0232735556e0,2.9796717855e-1,3.6113813706e-1,3.2223510452e-1,2.5281901501e1,-7.1017741902e-1,1.5065328107e0,7.5242231701e-2,7.7521356475e-1,3.9631208148e-1,2.5415079788e1,-9.0891393502e-1,1.1017065079e0,5.6792831076e-3,9.5035219613e-1,3.0886464309e-1
5.146939,2.6271509839e1,-2.1772241068e-1,3.1060613240e0,3.0591252026e-1,3.4656694221e-1,3.0748303823e-1,2.6306768135e1,-7.0092540038e-1,1.5270541891e0,7.9289297293e-2,7.6727219596e-1,3.9965240659e-1,2.6443013112e1,-9.0672953208e-1,1.1058199937e0,6.1023186772e-3,9.4839707858e-1,3.0990375153e-1
5.247959,2.7328885119e1,-2.0287458825e-1,3.1905064054e0,3.1369220153e-1,3.3231226431e-1,2.9239414804e-1,2.7352122371e1,-6.9156910735e-1,1.5479849313e0,8.3411520798e-2,7.5925719996e-1,4.0292969961e-1,2.7491330944e1,-9.0450534351e-1,1.1100150431e0,6.5459872941e-3,9.4640734958e-1,3.1096128990e-1
5.348980,2.8407017156e1,-1.8867193318e-1,3.2766051507e0,3.2130475306e-1,3.1838386610e-1,2.7709006890e-1,2.8417972864e1,-6.8211306773e-1,1.5693251721e0,8.7604535446e-2,7.5117260026e-1,4.0613399599e-1,2.8560033800e1,-9.0224157096e-1,1.1142916579e0,7.0106857041e-3,9.4438324405e-1,3.1203709167e-1
5.450000,2.9505844658e1,-1.7512595406e-1,3.3643538767e0,3.2874938521e-1,3.0479032383e-1,2.6169010731e-1,2.9504326665e1,-6.7256191039e-1,1.5910750146e0,9.1863951474e-2,7.4302242029e-1,4.0925509497e-1,2.9649122280e1,-8.9993841940e-1,1.1186498397e0,7.4967949525e-3,9.4232500053e-1,3.1313098342e-1
5.551020,3.0625304078e1,-1.6224377454e-1,3.4537487147e0,3.3602590328e-1,2.9153904954e-1,2.4630909446e-1,3.0611191016e1,-6.6292035202e-1,1.6132345664e0,9.6185380299e-2,7.3481068016e-1,4.1228258472e-1,3.0758596688e1,-8.9759609781e-1,1.1230895895e0,8.0046797237e-3,9.4023286130e-1,3.1424278458e-1
5.652041,3.1765340273e1,-1.5002811174e-1,3.5447864489e0,3.4313470665e-1,2.7863631704e-1,2.3105548221e-1,3.1738573870e1,-6.5319319393e-1,1.6358039498e0,1.0056445239e-1,7.2654139343e-1,4.1520587038e-1,3.1888458248e1,-8.9521481690e-1,1.1276109114e0,8.5346884539e-3,9.3810707224e-1,3.1537230724e-1
5.753061,3.2925895468e1,-1.3847757953e-1,3.6374636173e0,3.5007664965e-1,2.6608729130e-1,2.1602972953e-1,3.2886481789e1,-6.4338533772e-1,1.6587832601e0,1.0499682370e-1,7.1821856393e-1,4.1801420518e-1,3.3038706405e1,-8.9279479414e-1,1.1322138027e0,9.0871516636e-3,9.3594788276e-1,3.1651935600e-1
5.854082,3.4106908405e1,-1.2758690940e-1,3.7317764316e0,3.5685298213e-1,2.5389606098e-1,2.0132301033e-1,3.4054922561e1,-6.3350176621e-1,1.6821726178e0,1.0947819922e-1,7.0984618262e-1,4.2069672451e-1,3.4209341891e1,-8.9033624800e-1,1.1368982659e0,9.6623830185e-3,9.3375554583e-1,3.1768372766e-1
5.955102,3.5308328508e1,-1.1734707104e-1,3.8277218993e0,3.6346537721e-1,2.4206567375e-1,1.8701625806e-1,3.5243903076e1,-6.2354755877e-1,1.7059721264e0,1.1400433691e-1,7.0142822450e-1,4.2324248298e-1,3.5400366909e1,-8.8783939758e-1,1.1416643092e0,1.0260679168e-2,9.3153031783e-1,3.1886521113e-1
6.056122,3.6530108025e1,-1.0774567570e-1,3.9252971849e0,3.6991583006e-1,2.3059817422e-1,1.7317954673e-1,3.6453428407e1,-6.1352789684e-1,1.7301818537e0,1.1857105534e-1,6.9296864552e-1,4.2564049436e-1,3.6611780154e1,-8.8530447192e-1,1.1465119268e0,1.0882316963e-2,9.2927245864e-1,3.2006358715e-1
6.157143,3.7772197193e1,-9.8767359618e-2,4.0244992154e0,3.7620658762e-1,2.1949464409e-1,1.5987179460e-1,3.7683506885e1,-6.0344802781e-1,1.7548019342e0,1.2317426272e-1,6.8447137972e-1,4.2787977432e-1,3.7843582881e1,-8.8273169863e-1,1.1514411231e0,1.1527556233e-2,9.2698223142e-1,3.2127862813e-1
6.258163,3.9034557346e1,-9.0394025138e-2,4.1253257235e0,3.8234017442e-1,2.0875524424e-1,1.4714076536e-1,3.8934143602e1,-5.9331330917e-1,1.7798324381e0,1.2780994109e-1,6.7594033615e-1,4.2994938575e-1,3.9095775615e1,-8.8012131003e-1,1.1564518997e0,1.2196637942e-2,9.2465990269e-1,3.2251009788e-1
6.359184,4.0317151726e1,-8.2605304300e-2,4.2277745080e0,3.8831930429e-1,1.9837925846e-1,1.3502333299e-1,4.0205345625e1,-5.8312917096e-1,1.8052734767e0,1.3247417360e-1,6.6737939611e-1,4.3183848664e-1,4.0368358705e1,-8.7747354208e-1,1.1615442573e0,1.2889784296e-2,9.2230574227e-1,3.2375775147e-1
6.460204,4.1619949024e1,-7.5378905082e-2,4.3318437152e0,3.9414686325e-1,1.8836513861e-1,1.2354597068e-1,4.1497118905e1,-5.7290113512e-1,1.8311251401e0,1.3716313955e-1,6.5879241033e-1,4.3353638015e-1,4.1661333077e1,-8.7478863298e-1,1.1667181992e0,1.3607199027e-2,9.1992002309e-1,3.2502133503e-1
6.561224,4.2942917485e1,-6.8691028931e-2,4.4375313668e0,3.9982585208e-1,1.7871055081e-1,1.1272542070e-1,4.2809467829e1,-5.6263481561e-1,1.8573874882e0,1.4187311875e-1,6.5018319621e-1,4.3503256664e-1,4.2974699290e1,-8.7206682490e-1,1.1719737269e0,1.4349066794e-2,9.1750302133e-1,3.2630058539e-1
6.662245,4.4286035349e1,-6.2516651414e-2,4.5448361958e0,4.0535940458e-1,1.6941242247e-1,1.0256950199e-1,4.4142398183e1,-5.5233589592e-1,1.8840606107e0,1.4660050700e-1,6.4155553514e-1,4.3631679749e-1,4.4308457551e1,-8.6930836396e-1,1.1773108407e0,1.5115553126e-2,9.1505501628e-1,3.2759523010e-1
6.763265,4.5649282013e1,-5.6829932994e-2,4.6537569422e0,4.1075072323e-1,1.6046698986e-1,9.3078012855e-2,4.5495913624e1,-5.4201014873e-1,1.9111445557e0,1.5134180744e-1,6.3291316997e-1,4.3737913031e-1,4.5662609280e1,-8.6651349727e-1,1.1827295456e0,1.5906805307e-2,9.1257629020e-1,3.2890498708e-1
6.864286,4.7032640456e1,-5.1604519083e-2,4.7642925502e0,4.1600306849e-1,1.5186984601e-1,8.4243689962e-2,4.6870022532e1,-5.3166338834e-1,1.9386394680e0,1.5609365770e-1,6.2425980242e-1,4.3820998491e-1,4.7037154313e1,-8.6368247815e-1,1.1882298404e0,1.6722950775e-2,9.1006712840e-1,3.3022956443e-1
6.965306,4.8436104366e1,-4.6813792262e-2,4.8764427425e0,4.2111976516e-1,1.4361598857e-1,7.6053188386e-2,4.8264725454e1,-5.2130154554e-1,1.9665453366e0,1.6085278861e-1,6.1559909068e-1,4.3880020030e-1,4.8432093666e1,-8.6081556096e-1,1.1938117285e0,1.7564098789e-2,9.0752781914e-1,3.3156866025e-1
7.066327,4.9859663358e1,-4.2431229869e-2,4.9902068433e0,4.2610412930e-1,1.3569986761e-1,6.8488052959e-2,4.9680028322e1,-5.1093057901e-1,1.9948622604e0,1.6561607191e-1,6.0693464700e-1,4.3914109137e-1,4.9847427783e1,-8.5791300435e-1,1.1994752110e0,1.8430339475e-2,9.0495865358e-1,3.3292196239e-1
7.167347,5.1303308809e1,-3.8430596924e-2,5.1055842507e0,4.3095947816e-1,1.2811543293e-1,6.1525656172e-2,5.1115933757e1,-5.0055652398e-1,2.0235902736e0,1.7038049138e-1,5.9827003543e-1,4.3922450567e-1,5.1283157831e1,-8.5497506887e-1,1.2052202921e0,1.9321744730e-2,9.0235992564e-1,3.3428914838e-1
7.268367,5.2767044637e1,-3.4786096365e-2,5.2225753043e0,4.3568915262e-1,1.2085618081e-1,5.5140083430e-2,5.2572446235e1,-4.9018545404e-1,2.0527294496e0,1.7514316090e-1,5.8960876959e-1,4.3904287926e-1,5.2739282828e1,-8.5200202217e-1,1.2110469671e0,2.0238366577e-2,8.9973193214e-1,3.3566988507e-1
7.369388,5.4250870493e1,-3.1472634741e-2,5.3411799479e0,4.4029644856e-1,1.1391519994e-1,4.9302951404e-2,5.4049565752e1,-4.7982351187e-1,2.0822797736e0,1.7990130371e-1,5.8095431056e-1,4.3858929110e-1,5.4215805197e1,-8.4899412891e-1,1.2169552451e0,2.1180240812e-2,8.9707497246e-1,3.3706382850e-1
7.470408,5.5754790123e1,-2.8465921093e-2,5.4613984038e0,4.4478463658e-1,1.0728521644e-1,4.3984150187e-2,5.5547297781e1,-4.6947684268e-1,2.1122413429e0,1.8465228433e-1,5.7231006484e-1,4.3785751591e-1,5.5712725185e1,-8.4595166092e-1,1.2229451265e0,2.2147383717e-2,8.9438934879e-1,3.3847062373e-1
7.571429,5.7278809475e1,-2.5742594249e-2,5.5832310283e0,4.4915694774e-1,1.0095863769e-1,3.9152503690e-2,5.7065643257e1,-4.5915164481e-1,2.1426141656e0,1.8939357525e-1,5.6367938235e-1,4.3684207454e-1,5.7230043117e1,-8.4287489302e-1,1.2290166118e0,2.3139793679e-2,8.9167536586e-1,3.3988990460e-1
7.672449,5.8822936288e1,-2.3280315659e-2,5.7066782845e0,4.5341656590e-1,9.4927594927e-2,3.4776346431e-2,5.8604606761e1,-4.4885411352e-1,2.1733983250e0,1.9412278166e-1,5.5506555461e-1,4.3553828140e-1,5.8767759611e1,-8.3976410271e-1,1.2351697029e0,2.4157451583e-2,8.8893333095e-1,3.4132129366e-1
7.773469,6.0387179936e1,-2.1057837118e-2,5.8317407358e0,4.5756662190e-1,8.9183984421e-2,3.0824017827e-2,6.0164182933e1,-4.3859050724e-1,2.2045937074e0,1.9883759813e-1,5.4647181293e-1,4.3394228858e-1,6.0325875931e1,-8.3661956946e-1,1.2414044042e0,2.5200321341e-2,8.8616355383e-1,3.4276440174e-1
7.874490,6.1971546624e1,-1.9055062744e-2,5.9584186673e0,4.6161017715e-1,8.3719507178e-2,2.7264277029e-2,6.1744379719e1,-4.2836700830e-1,2.2362004678e0,2.0353587772e-1,5.3790132671e-1,4.3205112599e-1,6.1904391286e1,-8.3344157960e-1,1.2477207118e0,2.6268348367e-2,8.8336634673e-1,3.4421882809e-1
7.975510,6.3576060761e1,-1.7253002533e-2,6.0867137993e0,4.6555027409e-1,7.8525706990e-2,2.4066642800e-2,6.3345193138e1,-4.1818985141e-1,2.2682185243e0,2.0821555320e-1,5.2935720185e-1,4.2986273709e-1,6.3503307569e1,-8.3023041781e-1,1.2541186328e0,2.7361463077e-2,8.8054202421e-1,3.4568416000e-1
8.076531,6.5200721834e1,-1.5633928051e-2,6.2166258453e0,4.6938982501e-1,7.3594006814e-2,2.1201665339e-2,6.4966624394e1,-4.0806521833e-1,2.3006479013e0,2.1287468637e-1,5.2084247918e-1,4.2737600968e-1,6.5122626465e1,-8.2698637233e-1,1.2605981730e0,2.8479579311e-2,8.7769090322e-1,3.4715997265e-1
8.177551,6.6845547009e1,-1.4181222547e-2,6.3481559210e0,4.7313171749e-1,6.8915743382e-2,1.8641135190e-2,6.6608673203e1,-3.9799926260e-1,2.3334885954e0,2.1751144546e-1,5.1236013314e-1,4.2459080149e-1,6.6762345916e1,-8.2370974112e-1,1.2671593237e0,2.9622592195e-2,8.7481330285e-1,3.4864582896e-1
8.278571,6.8510549501e1,-1.2879436673e-2,6.4813048196e0,4.7677875864e-1,6.4482200002e-2,1.6358237583e-2,6.8271338345e1,-3.8799809392e-1,2.3667405867e0,2.2212410410e-1,5.0391307030e-1,4.2150795985e-1,6.8422469283e1,-8.2040081577e-1,1.2738020976e0,3.0790384870e-2,8.7190954451e-1,3.5014127956e-1
8.379592,7.0195742668e1,-1.1714246649e-2,6.6160733421e0,4.8033368478e-1,6.0284637475e-2,1.4327658399e-2,6.9954617634e1,-3.7806776550e-1,2.4004038383e0,2.2671103861e-1,4.9550412821e-1,4.1812933532e-1,7.0102994542e1,-8.1705990043e-1,1.2805264859e0,3.1982821337e-2,8.6897995167e-1,3.5164586241e-1
8.480612,7.1901139845e1,-1.0672418546e-2,6.7524622876e0,4.8379916073e-1,5.6314323160e-2,1.2525648446e-2,7.1658511630e1,-3.6821424269e-1,2.4344783703e0,2.3127073495e-1,4.8713607422e-1,4.1445778930e-1,7.1803925065e1,-8.1368729298e-1,1.2873325014e0,3.3199754443e-2,8.6602484994e-1,3.5315910293e-1
8.581633,7.3626754402e1,-9.7417655492e-3,6.8904724605e0,4.8717777998e-1,5.2562558108e-2,1.0930053220e-2,7.3383016378e1,-3.5844342583e-1,2.4689641147e0,2.3580176603e-1,4.7881160439e-1,4.1049719455e-1,7.3525259902e1,-8.1028330198e-1,1.2942201396e0,3.4441019408e-2,8.6304456686e-1,3.5468051360e-1
8.682653,7.5372599383e1,-8.9111012445e-3,7.0301046435e0,4.9047206431e-1,4.9020702286e-2,9.5203130622e-3,7.5128129661e1,-3.4876110570e-1,2.5038610404e0,2.4030280551e-1,4.7053334254e-1,4.0625242934e-1,7.5267000491e1,-8.0684823496e-1,1.3011894056e0,3.5706439013e-2,8.6003943198e-1,3.5620959394e-1
8.783673,7.7138687501e1,-8.1701884739e-3,7.1713595993e0,4.9368446446e-1,4.5680197920e-2,8.2774400071e-3,7.6893847740e1,-3.3917296598e-1,2.5391690880e0,2.4477261598e-1,4.6230383934e-1,4.0172936469e-1,7.7029147834e1,-8.0338240341e-1,1.3082403027e0,3.6995822029e-2,8.5700977679e-1,3.5774583055e-1
8.884694,7.8925036842e1,-7.5096760091e-3,7.3142385284e0,4.9681737085e-1,4.2532590933e-2,7.1839758166e-3,7.8680167917e1,-3.2968455760e-1,2.5748882210e0,2.4921005232e-1,4.5412557151e-1,3.9693484482e-1,7.8811701293e1,-7.9988612471e-1,1.3153728277e0,3.8308962744e-2,8.5395593453e-1,3.5928869672e-1
8.985714,8.0731642018e1,-6.9210939286e-3,7.4587407641e0,4.9987306463e-1,3.9569550523e-2,6.2239353429e-3,8.0487086107e1,-3.2030129673e-1,2.6110183771e0,2.5361405228e-1,4.4600094113e-1,3.9187666055e-1,8.0614662542e1,-7.9635971547e-1,1.3225869864e0,3.9645644315e-2,8.5087824028e-1,3.6083765257e-1
9.086735,8.2558531637e1,-6.3966988889e-3,7.6048683675e0,5.0285381842e-1,3.6782886926e-2,5.3827395168e-3,8.2314598005e1,-3.1102844597e-1,2.6475594917e0,2.5798363625e-1,4.3793227502e-1,3.8656351666e-1,8.2438030282e1,-7.9280350053e-1,1.3298827731e0,4.1005635318e-2,8.4777703082e-1,3.6239214479e-1
9.187755,8.4405710736e1,-5.9295193062e-3,7.7526215263e0,5.0576179792e-1,3.4164567374e-2,4.6471399837e-3,8.4162698852e1,-3.0187110242e-1,2.6845114928e0,2.6231790349e-1,4.2992182415e-1,3.8100499233e-1,8.4281809261e1,-7.8921779758e-1,1.3372602060e0,4.2388696929e-2,8.4465264452e-1,3.6395160671e-1
9.288776,8.6273189555e1,-5.5132518119e-3,7.9020008558e0,5.0859911314e-1,3.1706730339e-2,4.0051396354e-3,8.6031383746e1,-2.9283418362e-1,2.7218743074e0,2.6661602965e-1,4.2197176326e-1,3.7521149589e-1,8.6145997167e1,-7.8560293951e-1,1.3447192752e0,4.3794573591e-2,8.4150542144e-1,3.6551545811e-1
9.389796,8.8160977725e1,-5.1422191874e-3,8.0530069344e0,5.1136780981e-1,2.9401698079e-2,3.4459102753e-3,8.7920647185e1,-2.8392241732e-1,2.7596478524e0,2.7087726262e-1,4.1408419046e-1,3.6919421332e-1,8.8030596256e1,-7.8195925463e-1,1.3522599889e0,4.5223002183e-2,8.3833570315e-1,3.6708310516e-1
9.490816,9.0069084289e1,-4.8113201100e-3,8.2056403051e0,5.1406987095e-1,2.7241987578e-2,2.9597089451e-3,8.9830483438e1,-2.7514032812e-1,2.7978320415e0,2.7510092020e-1,4.0626112696e-1,3.6296505205e-1,8.9935605263e1,-7.7828708035e-1,1.3598823415e0,4.6673706392e-2,8.3514383262e-1,3.6865394053e-1
9.591837,9.1997517696e1,-4.5159811291e-3,8.3599014757e0,5.1670721840e-1,2.5220319918e-2,2.5377958082e-3,9.1760886899e1,-2.6649222507e-1,2.8364267925e0,2.7928638784e-1,3.9850451685e-1,3.5653657970e-1,9.1861026638e1,-7.7458675104e-1,1.3675863419e0,4.8146402671e-2,8.3193015436e-1,3.7022734334e-1
9.692857,9.3946285808e1,-4.2521110409e-3,8.5157909182e0,5.1928171443e-1,2.3329628148e-2,2.1723533573e-3,9.3711850909e1,-2.5798219595e-1,2.8754320037e0,2.8343311309e-1,3.9081622705e-1,3.4992195838e-1,9.3806860733e1,-7.7085860780e-1,1.3753719910e0,4.9640796291e-2,8.2869501405e-1,3.7180267880e-1
9.793878,9.5915395915e1,-4.0160578178e-3,8.6733090708e0,5.2179516338e-1,2.1563063798e-2,1.8564081111e-3,9.5683368758e1,-2.4961409351e-1,2.9148475736e0,2.8754060480e-1,3.8319804717e-1,3.4313487567e-1,9.5773107730e1,-7.6710299522e-1,1.3832392886e0,5.1156583264e-2,8.2543875879e-1,3.7337929875e-1
9.894898,9.7904854753e1,-3.8045681696e-3,8.8324563381e0,5.2424931323e-1,1.9914001977e-2,1.5837563260e-3,9.7675434375e1,-2.4139152421e-1,2.9546734144e0,2.9160843169e-1,3.7565168966e-1,3.3618947273e-1,9.7759768295e1,-7.6332026029e-1,1.3911882368e0,5.2693451318e-2,8.2216173689e-1,3.7495654126e-1
9.995918,9.9914668522e1,-3.6147497781e-3,8.9932330928e0,5.2664585726e-1,1.8376045256e-2,1.3488933619e-3,9.9688040140e1,-2.3331784864e-1,2.9949094088e0,2.9563621497e-1,3.6817878984e-1,3.2910026907e-1,9.9766844861e1,-7.5951075034e-1,1.3992188445e0,5.4251081362e-2,8.1886429776e-1,3.7653373080e-1
10.096939,1.0194484291e2,-3.4440361915e-3,9.1556396767e0,5.2898643565e-1,1.6943026347e-2,1.1469470628e-3,1.0172117907e2,-2.2539616624e-1,3.0355554531e0,2.9962363014e-1,3.6078090620e-1,3.2188208721e-1,1.0179433641e2,-7.5567482161e-1,1.4073311071e0,5.5829143902e-2,8.1554679198e-1,3.7811017837e-1
10.197959,1.0399538313e2,-3.2901543391e-3,9.3196764028e0,5.3127263707e-1,1.5609009693e-2,9.7361553344e-4,1.0377484385e2,-2.1762931315e-1,3.0766114371e0,3.0357040230e-1,3.5345952055e-1,3.1454997507e-1,1.0384224337e2,-7.5181283125e-1,1.4155250254e0,5.7427303275e-2,8.1220957113e-1,3.7968518134e-1
10.298980,1.0606629392e2,-3.1510945914e-3,9.4853435561e0,5.3350600025e-1,1.4368291970e-2,8.2510974607e-4,1.0584902684e2,-2.1001985701e-1,3.1180772461e0,3.0747630370e-1,3.4621603846e-1,3.0711912885e-1,1.0591056839e2,-7.4792513603e-1,1.4238006093e0,5.9045218742e-2,8.0885298775e-1,3.8125802373e-1
10.400000,1.0815757959e2,-3.0250832797e-3,9.6526413962e0,5.3568801552e-1,1.3215401733e-2,6.9809958222e-4,1.0794372075e2,-2.0257009109e-1,3.1599527717e0,3.1134115237e-1,3.3905178963e-1,2.9960481584e-1,1.0799930999e2,-7.4401210271e-1,1.4321578523e0,6.0682539971e-2,8.0547739534e-1,3.8282797628e-1
10.501020,1.1026924407e2,-2.9105575616e-3,9.8215701581e0,5.3782012635e-1,1.2145098091e-2,5.8966566576e-4,1.1005891760e2,-1.9528203499e-1,3.2022378929e0,3.1516480787e-1,3.3196802834e-1,2.9202229870e-1,1.1010846929e2,-7.4007409716e-1,1.4405967580e0,6.2338912712e-2,8.0208314824e-1,3.8439429630e-1
10.602041,1.1240129087e2,-2.8061425155e-3,9.9921300544e0,5.3990373080e-1,1.1152368626e-2,4.9725384451e-4,1.1219460993e2,-1.8815742906e-1,3.2449324987e0,3.1894717108e-1,3.2496593408e-1,2.8438676134e-1,1.1223804729e2,-7.3611148873e-1,1.4491173298e0,6.4013977135e-2,7.9867060159e-1,3.8595622825e-1
10.703061,1.1455372319e2,-2.7106303376e-3,1.0164321277e1,5.4194018300e-1,1.0232426608e-2,4.1863485239e-4,1.1435078975e2,-1.8119773723e-1,3.2880364683e0,3.2268818014e-1,3.1804661208e-1,2.7671323714e-1,1.1438804682e2,-7.3212464720e-1,1.4577195783e0,6.5707369796e-2,7.9524011122e-1,3.8751300352e-1
10.804082,1.1672654390e2,-2.6229615056e-3,1.0338143998e1,5.4393079451e-1,9.3807074820e-3,3.5186685272e-4,1.1652744963e2,-1.7440414427e-1,3.3315496916e0,3.2638781007e-1,3.1121109402e-1,2.6901653994e-1,1.1655846623e2,-7.2811395288e-1,1.4664034961e0,6.7418719061e-2,7.9179203371e-1,3.8906384085e-1
10.905102,1.1891975556e2,-2.5422077814e-3,1.0513598371e1,5.4587683578e-1,8.5928648910e-3,2.9526208527e-4,1.1872458160e2,-1.6777756087e-1,3.3754720483e0,3.3004606889e-1,3.0446033876e-1,2.6131119829e-1,1.1874930636e2,-7.2407978538e-1,1.4751690860e0,6.9147651045e-2,7.8832672616e-1,3.9060794612e-1
11.006122,1.2113336047e2,-2.4675569127e-3,1.0690684536e1,5.4777953742e-1,7.8647660240e-3,2.4735694751e-4,1.2094217781e2,-1.6131862447e-1,3.4198034191e0,3.3366299659e-1,2.9779523314e-1,2.5361139476e-1,1.2096056773e2,-7.2002252825e-1,1.4840163492e0,7.0893787775e-2,7.8484454629e-1,3.9214451305e-1
11.107143,1.2336736068e2,-2.3982989091e-3,1.0869402616e1,5.4964009150e-1,7.1924866711e-3,2.0688466611e-4,1.2318023096e2,-1.5502770156e-1,3.4645436966e0,3.3723866404e-1,2.9121659280e-1,2.4593090740e-1,1.2319225303e2,-7.1594256501e-1,1.4929452959e0,7.2656749569e-2,7.8134585226e-1,3.9367272326e-1
11.208163,1.2562175801e2,-2.3338137605e-3,1.1049752719e1,5.5145965288e-1,6.5723057532e-3,1.7275093705e-4,1.2543873350e2,-1.4890489514e-1,3.5096927671e0,3.4077316964e-1,2.8472516308e-1,2.3828305767e-1,1.2544436074e2,-7.1184028920e-1,1.5019559193e0,7.4436150390e-2,7.7783100272e-1,3.9519174607e-1
11.309184,1.2789655409e2,-2.2735604799e-3,1.1231734945e1,5.5323934035e-1,6.0006996364e-3,1.4401279623e-4,1.2771767784e2,-1.4295004966e-1,3.5552505158e0,3.4426663801e-1,2.7832162002e-1,2.3068066264e-1,1.2771689260e2,-7.0771609265e-1,1.5110482255e0,7.6231604116e-2,7.7430035663e-1,3.9670073957e-1
11.410204,1.3019175034e2,-2.2170673486e-3,1.1415349379e1,5.5498023787e-1,5.4743360481e-3,1.1985900346e-4,1.3001705686e2,-1.3716275620e-1,3.6012168367e0,3.4771921900e-1,2.7200657129e-1,2.2313599143e-1,1.3000984912e2,-7.0357037256e-1,1.5202222160e0,7.8042721388e-2,7.7075427329e-1,3.9819885045e-1
11.511224,1.3250734804e2,-2.1639232592e-3,1.1600596097e1,5.5668339573e-1,4.9900678943e-3,9.9593191408e-5,1.3233686319e2,-1.3154236197e-1,3.6475916180e0,3.5113108498e-1,2.6578055731e-1,2.1566072881e-1,1.3232323090e2,-6.9940352940e-1,1.5294778924e0,7.9869110982e-2,7.6719311220e-1,3.9968521404e-1
11.612245,1.3484334831e2,-2.1137700481e-3,1.1787475167e1,5.5834983161e-1,4.5449267971e-3,8.2618673332e-5,1.3467709060e2,-1.2608797482e-1,3.6943747696e0,3.5450243128e-1,2.5964405227e-1,2.0826594159e-1,1.3465703767e2,-6.9521596851e-1,1.5388152530e0,8.1710379421e-2,7.6361723311e-1,4.0115895536e-1
11.713265,1.3719975211e2,-2.0662957217e-3,1.1975986649e1,5.5998053173e-1,4.1361165382e-3,6.8425084464e-5,1.3703776300e2,-1.2079839882e-1,3.7415668033e0,3.5783351509e-1,2.5359746528e-1,2.0096205320e-1,1.3701127328e2,-6.9100809233e-1,1.5482343125e0,8.3566135273e-2,7.6002699587e-1,4.0261918912e-1
11.814286,1.3957656033e2,-2.0212284877e-3,1.2166130594e1,5.6157645182e-1,3.7610064497e-3,5.6577497162e-5,1.3941876435e2,-1.1567257422e-1,3.7891654311e0,3.6112441687e-1,2.4764114158e-1,1.9375882036e-1,1.3938593525e2,-6.8678031650e-1,1.5577350602e0,8.5435981207e-2,7.5642276038e-1,4.0406501939e-1
11.915306,1.4197377372e2,-1.9783315054e-3,1.2357907048e1,5.6313851819e-1,3.4171246885e-3,4.6704721171e-5,1.4182024895e2,-1.1070855352e-1,3.8371737705e0,3.6437560908e-1,2.4177536375e-1,1.8666531832e-1,1.4178102188e2,-6.8253305888e-1,1.5673174888e0,8.7319519966e-2,7.5280488662e-1,4.0549554158e-1
12.016327,1.4439139294e2,-1.9373982808e-3,1.2551316051e1,5.6466762869e-1,3.1021515449e-3,3.8491853047e-5,1.4424207303e2,-1.0590493345e-1,3.8855889764e0,3.6758717038e-1,2.3600035288e-1,1.7968992831e-1,1.4419654416e2,-6.7826672177e-1,1.5769816415e0,8.9216363991e-2,7.4917373443e-1,4.0690984140e-1
12.117347,1.4682941856e2,-1.8982486347e-3,1.2746357638e1,5.6616465364e-1,2.8139127897e-3,3.1671370380e-5,1.4668432207e2,-1.0125956422e-1,3.9344127877e0,3.7075950405e-1,2.3031626991e-1,1.7284033186e-1,1.4663249437e2,-6.7398173920e-1,1.5867274866e0,9.1126111082e-2,7.4552966365e-1,4.0830699599e-1
12.218367,1.4928785110e2,-1.8607251800e-3,1.2943031840e1,5.6763043677e-1,2.5503729532e-3,2.6016961783e-5,1.4914693633e2,-9.6770468415e-2,3.9836440373e0,3.7389283379e-1,2.2472321695e-1,1.6612350807e-1,1.4908887169e2,-6.6967853820e-1,1.5965550204e0,9.3048364814e-2,7.4187303379e-1,4.0968607477e-1
12.319388,1.5176669098e2,-1.8246902509e-3,1.3141338682e1,5.6906579607e-1,2.3096288350e-3,2.1337182261e-5,1.5162991781e2,-9.2435357545e-2,4.0332827919e0,3.7698747749e-1,2.1922123854e-1,1.5954573744e-1,1.5156568009e2,-6.6535754229e-1,1.6064642579e0,9.4982733143e-2,7.3820420433e-1,4.1104613838e-1
12.420408,1.5426593860e2,-1.7900232308e-3,1.3341278188e1,5.7047152467e-1,2.0899029882e-3,1.7470389139e-5,1.5413328583e2,-8.8251755992e-2,4.0833294629e0,3.8004378425e-1,2.1381032310e-1,1.5311260766e-1,1.5406292062e2,-6.6101918290e-1,1.6164552027e0,9.6928822619e-2,7.3452353436e-1,4.1238624166e-1
12.521429,1.5678559427e2,-1.7566182313e-3,1.3542850378e1,5.7184839165e-1,1.8895374381e-3,1.4281307813e-5,1.5665702224e2,-8.4217131635e-2,4.1337837113e0,3.8306206653e-1,2.0849040426e-1,1.4682902454e-1,1.5658059336e2,-6.5666389643e-1,1.6265278546e0,9.8886240208e-2,7.3083138263e-1,4.1370543162e-1
12.622449,1.5932565828e2,-1.7243820804e-3,1.3746055269e1,5.7319714285e-1,1.7069873891e-3,1.1655036360e-5,1.5920112244e2,-8.0328793842e-2,4.1846454677e0,3.8604266300e-1,2.0326136226e-1,1.4069922606e-1,1.5911869901e2,-6.5229212192e-1,1.6366822156e0,1.0085459478e-1,7.2712810754e-1,4.1500275000e-1
12.723469,1.6188613089e2,-1.6932325811e-3,1.3950892876e1,5.7451850164e-1,1.5408152320e-3,9.4963470474e-6,1.6176559468e2,-7.6583910336e-2,4.2359149174e0,3.8898593519e-1,1.9812302541e-1,1.3472679903e-1,1.6167723872e2,-6.4790430135e-1,1.6469182897e0,1.0283349719e-1,7.2341406702e-1,4.1627723281e-1
12.824490,1.6446701230e2,-1.6630970075e-3,1.4157363212e1,5.7581316964e-1,1.3896846102e-3,7.7249133028e-6,1.6435038839e2,-7.2979660509e-2,4.2875910694e0,3.9189218542e-1,1.9307517152e-1,1.2891470018e-1,1.6425621003e2,-6.4350088548e-1,1.6572360664e0,1.0482255741e-1,7.1968961852e-1,4.1752791114e-1
12.925510,1.6706830269e2,-1.6339108071e-3,1.4365466289e1,5.7708182746e-1,1.2523547682e-3,6.2735052779e-6,1.6695556571e2,-6.9512909353e-2,4.3396751843e0,3.9476184987e-1,1.8811752934e-1,1.2326527789e-1,1.6685561828e2,-6.3908231729e-1,1.6676355665e0,1.0682139356e-1,7.1595511884e-1,4.1875381191e-1
13.026531,1.6969000224e2,-1.6056164827e-3,1.4575202115e1,5.7832513540e-1,1.1276749701e-3,5.0864764489e-6,1.6958108221e2,-6.6180649011e-2,4.3921663903e0,3.9759525066e-1,1.8324978003e-1,1.1778029683e-1,1.6947546133e2,-6.3464905423e-1,1.6781167807e0,1.0882962027e-1,7.1221092427e-1,4.1995395895e-1
13.127551,1.7233211106e2,-1.5781626315e-3,1.4786570699e1,5.7954373408e-1,1.0145791641e-3,4.1174935177e-6,1.7222695526e2,-6.2979682888e-2,4.4450650501e0,4.0039278346e-1,1.7847155864e-1,1.1246096424e-1,1.7211574011e2,-6.3020155280e-1,1.6886797122e0,1.1084685710e-1,7.0845739043e-1,4.2112737289e-1
13.228571,1.7499462928e2,-1.5515031192e-3,1.4999572048e1,5.8073824515e-1,9.1208094216e-4,3.3275573514e-6,1.7489314932e2,-5.9906851043e-2,4.4983704672e0,4.0315479230e-1,1.7378245564e-1,1.0730795853e-1,1.7477645574e2,-6.2574027278e-1,1.6993243649e0,1.1287272648e-1,7.0469487207e-1,4.2227307189e-1
13.329592,1.7767755699e2,-1.5255963708e-3,1.5214206169e1,5.8190927184e-1,8.1926850621e-4,2.6848865673e-6,1.7757969465e2,-5.6958827201e-2,4.5520832590e0,4.0588169394e-1,1.6918201834e-1,1.0232145729e-1,1.7745760779e2,-6.2126567972e-1,1.7100507364e0,1.1490685253e-1,7.0092372332e-1,4.2339007347e-1
13.430612,1.8038089430e2,-1.5004047634e-3,1.5430473067e1,5.8305739965e-1,7.3530002453e-4,2.1626474336e-6,1.8028655402e2,-5.4132363805e-2,4.6062026929e0,4.0857383912e-1,1.6466975242e-1,9.7501168086e-2,1.8015919789e2,-6.1677823979e-1,1.7208588326e0,1.1694886405e-1,6.9714429741e-1,4.2447739409e-1
13.531633,1.8310464126e2,-1.4758941052e-3,1.5648372746e1,5.8418319683e-1,6.5939907748e-4,1.7391284928e-6,1.8301382128e2,-5.1423967979e-2,4.6607306550e0,4.1123171061e-1,1.6024512346e-1,9.2846358195e-2,1.8288122725e2,-6.1227842323e-1,1.7317486579e0,1.1899839275e-1,6.9335694667e-1,4.2553405068e-1
13.632653,1.8584879795e2,-1.4520331904e-3,1.5867905210e1,5.8528721505e-1,5.9085039007e-4,1.3965182006e-6,1.8576135102e2,-4.8830517864e-2,4.7156642467e0,4.1385555933e-1,1.5590755840e-1,8.8355885819e-2,1.8562369352e2,-6.0776670879e-1,1.7427202022e0,1.2105507106e-1,6.8956202256e-1,4.2655906046e-1
13.733673,1.8861336442e2,-1.4287934176e-3,1.6089070463e1,5.8636998986e-1,5.2899572350e-4,1.1195661500e-6,1.8852922221e2,-4.6348515536e-2,4.7710050544e0,4.1644585702e-1,1.5165644705e-1,8.4028230631e-2,1.8838659632e2,-6.0324357582e-1,1.7537734634e0,1.2311853648e-1,6.8575987542e-1,4.2755144357e-1
13.834694,1.9139834071e2,-1.4061484637e-3,1.6311868508e1,5.8743204124e-1,4.7322996542e-4,8.9581590146e-7,1.9131744742e2,-4.3974573022e-2,4.8267533360e0,4.1900301006e-1,1.4749114358e-1,7.9861523933e-2,1.9116994687e2,-5.9870949129e-1,1.7649084860e0,1.2518843882e-1,6.8195085468e-1,4.2851022177e-1
13.935714,1.9420372687e2,-1.3840740048e-3,1.6536299346e1,5.8847387413e-1,4.2299744234e-4,7.1583781391e-7,1.9412600394e2,-4.1705361467e-2,4.8829086424e0,4.2152739311e-1,1.4341096806e-1,7.5853580493e-2,1.9397373471e2,-5.9416495538e-1,1.7761252274e0,1.2726441554e-1,6.7813530861e-1,4.2943442042e-1
14.036735,1.9702952293e2,-1.3625474772e-3,1.6762362982e1,5.8949597889e-1,3.7778845885e-4,5.7078432292e-7,1.9695487420e2,-3.9537554912e-2,4.9394706263e0,4.2401938719e-1,1.3941520784e-1,7.2001926019e-2,1.9679796237e2,-5.8961045373e-1,1.7874236972e0,1.2934611776e-1,6.7431358433e-1,4.3032307026e-1
14.137755,1.9987572892e2,-1.3415478732e-3,1.6990059415e1,5.9049883178e-1,3.3713595406e-4,4.5471824706e-7,1.9980408921e2,-3.7467779627e-2,4.9964399108e0,4.2647941601e-1,1.3550311917e-1,6.8303827662e-2,1.9964263196e2,-5.8504647602e-1,1.7988039034e0,1.3143320032e-1,6.7048602780e-1,4.3117520597e-1
14.238776,2.0274234487e2,-1.3210555656e-3,1.7219388649e1,5.9148289543e-1,3.0061240608e-4,3.6158598959e-7,2.0267362506e2,-3.5492766627e-2,5.0538160199e0,4.2890785455e-1,1.3167392851e-1,6.4756322769e-2,2.0250774692e2,-5.8047351350e-1,1.8102658593e0,1.3352532318e-1,6.6665298375e-1,4.3198986922e-1
14.339796,2.0562937081e2,-1.3010521577e-3,1.7450350683e1,5.9244861923e-1,2.6782688735e-4,2.8696376830e-7,2.0556348941e2,-3.3609236373e-2,5.1115991078e0,4.3130510460e-1,1.2792683413e-1,6.1356243445e-2,2.0539329895e2,-5.7589207634e-1,1.8218095310e0,1.3562214200e-1,6.6281479548e-1,4.3276610819e-1
14.440816,2.0853680674e2,-1.2815203537e-3,1.7682945521e1,5.9339643984e-1,2.3842230360e-4,2.2735912353e-7,2.0847368214e2,-3.1813959341e-2,5.1697891723e0,4.3367156004e-1,1.2426100746e-1,5.8100246242e-2,2.0829929675e2,-5.7130265533e-1,1.8334349529e0,1.3772332921e-1,6.5897180517e-1,4.3350298028e-1
14.541837,2.1146465270e2,-1.2624438481e-3,1.7917173163e1,5.9432678151e-1,2.1207281651e-4,1.7974525690e-7,2.1140420335e2,-3.0103750019e-2,5.2283862145e0,4.3600761357e-1,1.2067559454e-1,5.4984833114e-2,2.1122574139e2,-5.6670575463e-1,1.8451421289e0,1.3982855607e-1,6.5512435339e-1,4.3419955065e-1
14.642857,2.1441290869e2,-1.2438072293e-3,1.8153033609e1,5.9524005654e-1,1.8848143628e-4,1.4214310795e-7,2.1435505348e2,-2.8475471519e-2,5.2873902416e0,4.3831365653e-1,1.1716971746e-1,5.2006379585e-2,2.1417262217e2,-5.6210189695e-1,1.8569310155e0,1.4193748995e-1,6.5127277947e-1,4.3485489476e-1
14.743878,2.1738157473e2,-1.2255958969e-3,1.8390526861e1,5.9613666563e-1,1.6737770241e-4,1.1222437024e-7,2.1732623284e2,-2.6926040342e-2,5.3468012577e0,4.4059007825e-1,1.1374247573e-1,4.9161154544e-2,2.1713995376e2,-5.5749157483e-1,1.8688016712e0,1.4404982101e-1,6.4741742111e-1,4.3546809989e-1
14.844898,2.2037065083e2,-1.2077959895e-3,1.8629652919e1,5.9701699826e-1,1.4851560192e-4,8.8242813945e-8,2.2031774206e2,-2.5452429716e-2,5.4066192722e0,4.4283726622e-1,1.1039294768e-1,4.6445339918e-2,2.2012772987e2,-5.5287531129e-1,1.8807540700e0,1.4616522902e-1,6.4355861451e-1,4.3603826361e-1
14.945918,2.2338013700e2,-1.1903943226e-3,1.8870411785e1,5.9788143305e-1,1.3167154921e-4,6.9383531809e-8,2.2332958229e2,-2.4051672745e-2,5.4668443046e0,4.4505560599e-1,1.0712019182e-1,4.3855055468e-2,2.2313595069e2,-5.4825362376e-1,1.8927882126e0,1.4828340316e-1,6.3969669435e-1,4.3656449858e-1
15.046939,2.2641003325e2,-1.1733783334e-3,1.9112803459e1,5.9873033809e-1,1.1664263698e-4,5.4482370615e-8,2.2636172759e2,-2.2720894286e-2,5.5274758316e0,4.4724546113e-1,1.0392324813e-1,4.1386373341e-2,2.2616461450e2,-5.4362703502e-1,1.9049040915e0,1.5040403601e-1,6.3583199364e-1,4.3704592960e-1
15.147959,2.2946033959e2,-1.1567360330e-3,1.9356827941e1,5.9956407128e-1,1.0324477250e-4,4.2491592467e-8,2.2941425804e2,-2.1457174650e-2,5.5885154499e0,4.4940726852e-1,1.0080113948e-1,3.9035336464e-2,2.2921372858e2,-5.3899605919e-1,1.9171017355e0,1.5252683125e-1,6.3196484374e-1,4.3748169718e-1
15.248980,2.3253105603e2,-1.1404559642e-3,1.9602485231e1,6.0038298065e-1,9.1311244034e-5,3.3178366721e-8,2.3248709569e2,-2.0257827116e-2,5.6499615954e0,4.5154134898e-1,9.7752872824e-2,3.6797974608e-2,2.3228328802e2,-5.3436122867e-1,1.9293811244e0,1.5465148892e-1,6.2809557431e-1,4.3787095801e-1
15.350000,2.3562218257e2,-1.1245271644e-3,1.9849775332e1,6.0118740469e-1,8.0691156626e-5,2.5960616767e-8,2.3558026800e2,-1.9120125185e-2,5.7118148112e0,4.5364809583e-1,9.4777440548e-2,3.4670319874e-2,2.3537331208e2,-5.2972304813e-1,1.9417423350e0,1.5677773058e-1,6.2422451321e-1,4.3821288517e-1
15.451020,2.3873371923e2,-1.1089391317e-3,2.0098698242e1,6.0197767260e-1,7.1248050176e-5,2.0256265998e-8,2.3869377670e2,-1.8041440846e-2,5.7740751258e0,4.5572788077e-1,9.1873821680e-2,3.2648419496e-2,2.3848374451e2,-5.2508211906e-1,1.9541851418e0,1.5890523092e-1,6.2035198654e-1,4.3850667018e-1
15.552041,2.4186566600e2,-1.0936817962e-3,2.0349253962e1,6.0275410464e-1,6.2858729365e-5,1.5832483768e-8,2.4182762226e2,-1.7019220055e-2,5.8367425417e0,4.5778107144e-1,8.9040983133e-2,3.0728347949e-2,2.4161465039e2,-5.2043889414e-1,1.9667098048e0,1.6103375274e-1,6.1647831859e-1,4.3875152501e-1
15.653061,2.4501802289e2,-1.0787454926e-3,2.0601442493e1,6.0351701235e-1,5.5411956595e-5,1.2456439435e-8,2.4498180670e2,-1.6050981018e-2,5.8998170924e0,4.5980803312e-1,8.6277880925e-2,2.8906217893e-2,2.4476600039e2,-5.1579394600e-1,1.9793162065e0,1.6316299914e-1,6.1260383174e-1,4.3894667795e-1
15.754082,2.4819078990e2,-1.0641209367e-3,2.0855263835e1,6.0426669887e-1,4.8807531641e-5,9.4296410680e-9,2.4815633148e2,-1.5134316777e-2,5.9632987998e0,4.6180912724e-1,8.3583461312e-2,2.7178190532e-2,2.4793779896e2,-5.1114780755e-1,1.9920043642e0,1.6529270127e-1,6.0872884641e-1,4.3909138208e-1
15.855102,2.5138396705e2,-1.0497992034e-3,2.1110717989e1,6.0500345917e-1,4.2955199916e-5,7.4505805969e-9,2.5135119774e2,-1.4266895281e-2,6.0271876790e0,4.6378471148e-1,8.0956661971e-2,2.5540485512e-2,2.5113004682e2,-5.0650101846e-1,2.0047742804e0,1.6742259275e-1,6.0485368120e-1,4.3918491178e-1
15.956122,2.5459755434e2,-1.0357717074e-3,2.1367804954e1,6.0572758030e-1,3.7773739990e-5,5.5879354477e-9,2.5456640764e2,-1.3446458381e-2,6.0914837654e0,4.6573514052e-1,7.8396413101e-2,2.3989386857e-2,2.5434274411e2,-5.0185412115e-1,2.0176259555e0,1.6955241178e-1,6.0097865250e-1,4.3922656251e-1
16.057143,2.5783155177e2,-1.0220301846e-3,2.1626524730e1,6.0643934167e-1,3.3190190891e-5,4.1909515858e-9,2.5780196218e2,-1.2670823499e-2,6.1561870710e0,4.6766076460e-1,7.5901638536e-2,2.2521251347e-2,2.5757588869e2,-4.9720766269e-1,2.0305593806e0,1.7168190006e-1,5.9710407486e-1,4.3921565521e-1
16.158163,2.6108595933e2,-1.0085666759e-3,2.1886877319e1,6.0713901523e-1,2.9139017272e-5,3.4924596548e-9,2.6105786313e2,-1.1937881721e-2,6.2212976231e0,4.6956193070e-1,7.3471256802e-2,2.1132513415e-2,2.6082948755e2,-4.9256218099e-1,2.0435745833e0,1.7381081028e-1,5.9323026059e-1,4.3915153737e-1
16.259184,2.6436077705e2,-9.9537351182e-4,2.2148862721e1,6.0782686574e-1,2.5561450457e-5,2.5611370802e-9,2.6433411264e2,-1.1245597650e-2,6.2868154562e0,4.7143898214e-1,7.1104182136e-2,1.9819691544e-2,2.6410353055e2,-4.8791823611e-1,2.0566715230e0,1.7593888888e-1,5.8935752008e-1,4.3903357978e-1
16.360204,2.6765600492e2,-9.8244329833e-4,2.2412480935e1,6.0850315097e-1,2.2404829451e-5,1.8626451492e-9,2.6763071172e2,-1.0592009782e-2,6.3527405823e0,4.7329225775e-1,6.8799325533e-2,1.8579391995e-2,2.6739801552e2,-4.8327637986e-1,2.0698501905e0,1.7806589261e-1,5.8548616133e-1,4.3886118243e-1
16.461224,2.7097164294e2,-9.6976890385e-4,2.2677731962e1,6.0916812193e-1,1.9621982858e-5,1.3969838619e-9,2.7094766242e2,-9.9752280792e-3,6.4190730340e0,4.7512209305e-1,6.6555595712e-2,1.7408312531e-2,2.7071297192e2,-4.7863712870e-1,2.0831107036e0,1.8019160341e-1,5.8161649037e-1,4.3863377115e-1
16.562245,2.7430769112e2,-9.5734344701e-4,2.2944615802e1,6.0982202302e-1,1.7170771002e-5,1.1641532183e-9,2.7428496656e2,-9.3934339102e-3,6.4858128386e0,4.7692881944e-1,6.4371900022e-2,1.6303243581e-2,2.7404836586e2,-4.7400107434e-1,2.0964529265e0,1.8231576745e-1,5.7774881088e-1,4.3835080205e-1
16.663265,2.7766414946e2,-9.4516028523e-4,2.3213132455e1,6.1046509233e-1,1.5013509255e-5,9.3132257462e-10,2.7764262595e2,-8.8448787310e-3,6.5529600242e0,4.7871276439e-1,6.2247145455e-2,1.5261075227e-2,2.7740421652e2,-4.6936874766e-1,2.1098769356e0,1.8443816986e-1,5.7388342433e-1,4.3801176106e-1
16.764286,2.8104101796e2,-9.3321300408e-4,2.3483281922e1,6.1109756171e-1,1.3116564389e-5,9.3132257462e-10,2.8102064178e2,-8.3278832331e-3,6.6205146060e0,4.8047425103e-1,6.0180239434e-2,1.4278791845e-2,2.8078051526e2,-4.6474071278e-1,2.1233826963e0,1.8655858292e-1,5.7002062992e-1,4.3761616363e-1
16.865306,2.8443829663e2,-9.2149540724e-4,2.3755064202e1,6.1171965705e-1,1.1449945987e-5,6.9849193096e-10,2.8441901589e2,-7.8408351973e-3,6.6884766124e0,4.8221359886e-1,5.8170090748e-2,1.3353480957e-2,2.8417726523e2,-4.6011752095e-1,2.1369702210e0,1.8867679128e-1,5.6616072442e-1,4.3716355716e-1
16.966327,2.8785598546e2,-9.1000150714e-4,2.4028479296e1,6.1233159842e-1,9.9869238852e-6,-2.3283064365e-10,2.8783750890e2,-7.3823246861e-3,6.7568412480e0,4.8393100309e-1,5.6215610351e-2,1.2482327176e-2,2.8759447015e2,-4.5549972347e-1,2.1506395244e0,1.9079258472e-1,5.6230400237e-1,4.3665352138e-1
17.067347,2.9129408446e2,-8.9872551602e-4,2.4303527205e1,6.1293360024e-1,8.7037383878e-6,4.6566128731e-10,2.9127689824e2,-6.9504332873e-3,6.8256240496e0,4.8562716129e-1,5.4315712175e-2,1.1662615696e-2,2.9103211989e2,-4.5088788771e-1,2.1643905659e0,1.9290574927e-1,5.5845075588e-1,4.3608566863e-1
17.168367,2.9475259364e2,-8.8766183759e-4,2.4580207927e1,6.1352587146e-1,7.5792457892e-6,2.3283064365e-10,2.9473630579e2,-6.5442362729e-3,6.8948074508e0,4.8730194370e-1,5.2469313898e-2,1.0891733691e-2,2.9449022187e2,-4.4628256147e-1,2.1782233750e0,1.9501608661e-1,5.5460127462e-1,4.3545964709e-1
17.269388,2.9823151299e2,-8.7680505910e-4,2.4858521464e1,6.1410861571e-1,6.5946372843e-6,0.0000000000e0,2.9821631846e2,-6.1620596205e-3,6.9644031782e0,4.8895593887e-1,5.0675337666e-2,1.0167164495e-2,2.9796877962e2,-4.4168429715e-1,2.1921379658e0,1.9712340067e-1,5.5075584583e-1,4.3477513571e-1
17.370408,3.0173084252e2,-8.6614994385e-4,2.5138467816e1,6.1468203145e-1,5.7332513848e-6,-2.3283064365e-10,3.0171622877e2,-5.8029672411e-3,7.0343970782e0,4.9058911158e-1,4.8932710864e-2,9.4864927232e-3,3.0146778492e2,-4.3709366001e-1,2.2061343053e0,1.9922749299e-1,5.4691475424e-1,4.3403185136e-1
17.471429,3.0525058223e2,-8.5569142406e-4,2.5420046982e1,6.1524631217e-1,4.9803181241e-6,4.6566128731e-10,3.0523699776e2,-5.4652403841e-3,7.1048083585e0,4.9220220519e-1,4.7240366721e-2,8.8473963551e-3,3.0498724700e2,-4.3251119581e-1,2.2202124303e0,2.0132818029e-1,5.4307828209e-1,4.3322954746e-1
17.572449,3.0879073212e2,-8.4542459412e-4,2.5703258963e1,6.1580164646e-1,4.3227286710e-6,4.6566128731e-10,3.0877781148e2,-5.1480943595e-3,7.1756207362e0,4.9379513469e-1,4.5597245023e-2,8.2476532552e-3,3.0852715848e2,-4.2793746801e-1,2.2343723113e0,2.0342527395e-1,5.3924670912e-1,4.3236801121e-1
17.673469,3.1235129219e2,-8.3534470422e-4,2.5988103759e1,6.1634821821e-1,3.7489041347e-6,2.3283064365e-10,3.1233911270e2,-4.8501898244e-3,7.2468430568e0,4.9536838877e-1,4.4002292701e-2,7.6851325575e-3,3.1208752195e2,-4.2337302846e-1,2.2486139587e0,2.0551859589e-1,5.3542031243e-1,4.3144706846e-1
17.774490,3.1593226244e2,-8.2544715417e-4,2.6274581370e1,6.1688620672e-1,3.2486074133e-6,-2.3283064365e-10,3.1592078695e2,-4.5705062801e-3,7.3184730240e0,4.9692219802e-1,4.2454464451e-2,7.1577981580e-3,3.1566833295e2,-4.1881843573e-1,2.2629373545e0,2.0760796841e-1,5.3159936660e-1,4.3046658277e-1
17.875510,3.1953364289e2,-8.1572748769e-4,2.6562691796e1,6.1741578685e-1,2.8127795986e-6,-2.3283064365e-10,3.1952283564e2,-4.3080192925e-3,7.3905106583e0,4.9845684180e-1,4.0952723311e-2,6.6636984702e-3,3.1926960430e2,-4.1427422886e-1,2.2773425501e0,2.0969322838e-1,5.2778414351e-1,4.2942645610e-1
17.976531,3.2315543352e2,-8.0618138682e-4,2.6852435037e1,6.1793712913e-1,2.4334298132e-6,0.0000000000e0,3.2314526029e2,-4.0617536645e-3,7.4629559832e0,4.9997259562e-1,3.9496041141e-2,6.2009759713e-3,3.2289132207e2,-4.0974097408e-1,2.2918294897e0,2.1177420151e-1,5.2397491249e-1,4.2832662771e-1
18.077551,3.2679763433e2,-7.9680466665e-4,2.7143811094e1,6.1845039990e-1,2.1035182840e-6,-4.6566128731e-10,3.2678806232e2,-3.8307818236e-3,7.5358090196e0,5.0146973106e-1,3.8083399191e-2,5.7678550947e-3,3.2653349424e2,-4.0521921278e-1,2.3063982054e0,2.1385073063e-1,5.2017194012e-1,4.2716707662e-1
18.178571,3.3046024534e2,-7.8759327036e-4,2.7436819966e1,6.1895576140e-1,1.8168468046e-6,4.6566128731e-10,3.3045124309e2,-3.6142220269e-3,7.6090697881e0,5.0294851581e-1,3.6713788595e-2,5.3626433946e-3,3.3019611691e2,-4.0070949721e-1,2.3210486815e0,2.1592265605e-1,5.1637549036e-1,4.2594782193e-1
18.279592,3.3414326655e2,-7.7854326432e-4,2.7731461654e1,6.1945337193e-1,1.5679702301e-6,0.0000000000e0,3.3413480396e2,-3.4112366526e-3,7.6827383091e0,5.0440921377e-1,3.5386210729e-2,4.9837322440e-3,3.3387919127e2,-3.9621237225e-1,2.3357809230e0,2.1798982527e-1,5.1258582434e-1,4.2466892139e-1
18.380612,3.3784669794e2,-7.6965083360e-4,2.8027736158e1,6.1994338594e-1,1.3520883044e-6,-2.3283064365e-10,3.3783874623e2,-3.2210305181e-3,7.7568146021e0,5.0585208500e-1,3.4099677790e-2,4.6295865905e-3,3.3758271547e2,-3.9172838379e-1,2.3505949225e0,2.2005208833e-1,5.0880320061e-1,4.2333047302e-1
18.481633,3.4157053954e2,-7.6091227756e-4,2.8325643478e1,6.2042595413e-1,1.1649750604e-6,0.0000000000e0,3.4156307119e2,-3.0428492053e-3,7.8312986864e0,5.0727738580e-1,3.2853213095e-2,4.2987486813e-3,3.4130669468e2,-3.8725806808e-1,2.3654907008e0,2.2210930333e-1,5.0502787479e-1,4.2193261464e-1
18.582653,3.4531479132e2,-7.5232400567e-4,2.8625183614e1,6.2090122357e-1,1.0029348232e-6,4.6566128731e-10,3.4530778007e2,-2.8759774204e-3,7.9061905803e0,5.0868536873e-1,3.1645851430e-2,3.9898352697e-3,3.4505112289e2,-3.8280197018e-1,2.3804682340e0,2.2416132628e-1,5.0126009988e-1,4.2047552508e-1
18.683673,3.4907945331e2,-7.4388253351e-4,2.8926356565e1,6.2136933779e-1,8.6272052613e-7,0.0000000000e0,3.4907287406e2,-2.7197373925e-3,7.9814903020e0,5.1007628265e-1,3.0476639505e-2,3.7015329581e-3,3.4881600372e2,-3.7836062242e-1,2.3955275367e0,2.2620802261e-1,4.9750012596e-1,4.1895942390e-1
18.784694,3.5286452550e2,-7.3558447894e-4,2.9229162333e1,6.2183043689e-1,7.4151836316e-7,-2.3283064365e-10,3.5285835433e2,-2.5734873000e-3,8.0571978687e0,5.1145037276e-1,2.9344636275e-2,3.4325942397e-3,3.5260133456e2,-3.7393456034e-1,2.4106685987e0,2.2824925832e-1,4.9374820032e-1,4.1738456860e-1
18.885714,3.5667000788e2,-7.2742655847e-4,2.9533600917e1,6.2228465764e-1,6.3681000029e-7,-2.3283064365e-10,3.5666422198e2,-2.4366197250e-3,8.1333132972e0,5.1280788061e-1,2.8248913091e-2,3.1818374991e-3,3.5640711856e2,-3.6952431041e-1,2.4258914327e0,2.3028490648e-1,4.9000456741e-1,4.1575126094e-1
18.986735,3.6049590047e2,-7.1940558372e-4,2.9839672318e1,6.2273213355e-1,5.4644249303e-7,4.6566128731e-10,3.6049047863e2,-2.3085600185e-3,8.2098366142e0,5.1414904436e-1,2.7188554180e-2,2.9481439851e-3,3.6023334804e2,-3.6513040610e-1,2.4411960082e0,2.3231483828e-1,4.8626946885e-1,4.1405983991e-1
19.087755,3.6434220326e2,-7.1151845809e-4,3.0147376535e1,6.2317299499e-1,4.6853045887e-7,-4.6566128731e-10,3.6433712380e2,-2.1887655327e-3,8.2867678049e0,5.1547409791e-1,2.6162656760e-2,2.7304557152e-3,3.6408003163e2,-3.6075336113e-1,2.4565823600e0,2.3433893743e-1,4.8254314331e-1,4.1231068689e-1
19.188776,3.6820891626e2,-7.0376217352e-4,3.0456713568e1,6.2360736923e-1,4.0138507984e-7,0.0000000000e0,3.6820416001e2,-2.0767228232e-3,8.3641069146e0,5.1678327268e-1,2.5170331366e-2,2.5277705863e-3,3.6794716537e2,-3.5639369748e-1,2.4720504724e0,2.3635708470e-1,4.7882582670e-1,4.1050422378e-1
19.289796,3.7209603946e2,-6.9613380744e-4,3.0767683418e1,6.2403538060e-1,3.4358646417e-7,0.0000000000e0,3.7209158772e2,-1.9719476354e-3,8.4418539479e0,5.1807679596e-1,2.4210701973e-2,2.3391437717e-3,3.7183474751e2,-3.5205193053e-1,2.4876003388e0,2.3836916582e-1,4.7511775179e-1,4.0864091087e-1
19.390816,3.7600357286e2,-6.8863051978e-4,3.1080286085e1,6.2445715049e-1,2.9386217193e-7,0.0000000000e0,3.7599940787e2,-1.8739828885e-3,8.5200089188e0,5.1935489174e-1,2.3282906253e-2,2.1636802703e-3,3.7574278145e2,-3.4772856631e-1,2.5032319729e0,2.4037507282e-1,4.7141914866e-1,4.0672124922e-1
19.491837,3.7993151647e2,-6.8124955019e-4,3.1394521568e1,6.2487279748e-1,2.5114144364e-7,4.6566128731e-10,3.7992762136e2,-1.7823975146e-3,8.5985718408e0,5.2061778066e-1,2.2386095727e-2,2.0005363040e-3,3.7967126418e2,-3.4342411210e-1,2.5189453630e0,2.4237469803e-1,4.6773024434e-1,4.0474577714e-1
19.592857,3.8387987029e2,-6.7398821524e-4,3.1710389868e1,6.2528243739e-1,2.1444981257e-7,4.6566128731e-10,3.8387622905e2,-1.6967852060e-3,8.6775427269e0,5.2186567999e-1,2.1519435907e-2,1.8489174545e-3,3.8362019411e2,-3.3913906876e-1,2.5347405031e0,2.4436793810e-1,4.6405126288e-1,4.0271507623e-1
19.693878,3.8784863432e2,-6.6684390591e-4,3.2027890985e1,6.2568618340e-1,1.8296515236e-7,0.0000000000e0,3.8784523178e2,-1.6167632053e-3,8.7569215895e0,5.2309880372e-1,2.0682106427e-2,1.7080735415e-3,3.8758957492e2,-3.3487392699e-1,2.5506174081e0,2.4635469579e-1,4.6038242545e-1,4.0062976303e-1
19.794898,3.9183780856e2,-6.5981408502e-4,3.2347024919e1,6.2608414606e-1,1.5597947822e-7,0.0000000000e0,3.9183463033e2,-1.5419711375e-3,8.8367084404e0,5.2431736254e-1,1.9873301139e-2,1.5773004852e-3,3.9157940395e2,-3.3062917790e-1,2.5665760679e0,2.4833487410e-1,4.5672395017e-1,3.9849049412e-1
19.895918,3.9584739301e2,-6.5289628483e-4,3.2667791670e1,6.2647643339e-1,1.3287268530e-7,0.0000000000e0,3.9584442548e2,-1.4720698873e-3,8.9169032913e0,5.2552156396e-1,1.9092228238e-2,1.4559281990e-3,3.9558968057e2,-3.2640530486e-1,2.5826164802e0,2.5030838046e-1,4.5307605212e-1,3.9629796380e-1
19.996939,3.9987738767e2,-6.4608810477e-4,3.2990191237e1,6.2686315095e-1,1.1309032288e-7,0.0000000000e0,3.9987461794e2,-1.4067405154e-3,8.9975061529e0,5.2671161229e-1,1.8338110316e-2,1.3433373533e-3,3.9962040511e2,-3.2220278450e-1,2.5987386466e0,2.5227512604e-1,4.4943894354e-1,3.9405290084e-1
20.097959,4.0392779254e2,-6.3938720919e-4,3.3314223622e1,6.2724440191e-1,9.6175881481e-8,4.6566128731e-10,4.0392520842e2,-1.3456832179e-3,9.0785170359e0,5.2788770872e-1,1.7610184412e-2,1.2389370240e-3,4.0367157693e2,-3.1802208802e-1,2.6149425652e0,2.5423502481e-1,4.4581283354e-1,3.9175607450e-1
20.198980,4.0799860763e2,-6.3279132525e-4,3.3639888825e1,6.2762028711e-1,8.1722021150e-8,4.6566128731e-10,4.0799619758e2,-1.2886163268e-3,9.1599359501e0,5.2905005133e-1,1.6907702051e-2,1.1421754025e-3,4.0774319607e2,-3.1386367955e-1,2.6312282362e0,2.5618799426e-1,4.4219792815e-1,3.8940828666e-1
20.300000,4.1208983292e2,-6.2629824084e-4,3.3967186844e1,6.2799090510e-1,6.9389386681e-8,0.0000000000e0,4.1208758606e2,-1.2352753512e-3,9.2417629051e0,5.3019883518e-1,1.6229929260e-2,1.0525337420e-3,4.1183526110e2,-3.0972801787e-1,2.6475956546e0,2.5813395432e-1,4.3859443051e-1,3.8701037411e-1
20.401020,4.1620146844e2,-6.1990580264e-4,3.4296117681e1,6.2835635222e-1,5.8868408814e-8,-4.6566128731e-10,4.1619937447e2,-1.1854120608e-3,9.3239979102e0,5.3133425228e-1,1.5576146660e-2,9.6952356398e-4,4.1594777239e2,-3.0561555321e-1,2.6640448222e0,2.6007282886e-1,4.3500254059e-1,3.8456321089e-1
20.502041,4.2033351417e2,-6.1361191423e-4,3.4626681335e1,6.2871672268e-1,4.9900279464e-8,0.0000000000e0,4.2033156340e2,-1.1387936014e-3,9.4066409739e0,5.3245649171e-1,1.4945649313e-2,8.9269271120e-4,4.2008072935e2,-3.0152672953e-1,2.6805757370e0,2.6200454429e-1,4.3142245540e-1,3.8206769992e-1
20.603061,4.2448597011e2,-6.0741453425e-4,3.4958877806e1,6.2907210856e-1,4.2262172428e-8,0.0000000000e0,4.2448415338e2,-1.0952016566e-3,9.4896921045e0,5.3356573963e-1,1.4337746811e-2,8.2160858437e-4,4.2423155323e2,-2.9746418935e-1,2.6971780826e0,2.6392784048e-1,4.2785436890e-1,3.7952477997e-1
20.704082,4.2865883627e2,-6.0131167464e-4,3.5292707095e1,6.2942259991e-1,3.5765197026e-8,0.0000000000e0,4.2865714494e2,-1.0544316422e-3,9.5731513100e0,5.3466217929e-1,1.3751763213e-2,7.5587211177e-4,4.2840797888e2,-2.9342174299e-1,2.7138828047e0,2.6584621879e-1,4.2429847183e-1,3.7693542102e-1
20.805102,4.3285211265e2,-5.9530139898e-4,3.5628169201e1,6.2976828481e-1,3.0241096738e-8,0.0000000000e0,4.3285053860e2,-1.0162919373e-3,9.6570185979e0,5.3574599113e-1,1.3187036973e-2,6.9510797039e-4,4.3260227009e2,-2.8940643047e-1,2.7306589530e0,2.6775604522e-1,4.2075495208e-1,3.7430062238e-1
20.906122,4.3706579925e2,-5.8938182085e-4,3.5965264125e1,6.3010924937e-1,2.5550491500e-8,4.6566128731e-10,4.3706433482e2,-9.8060315281e-4,9.7412939753e0,5.3681735278e-1,1.2642920908e-2,6.3896505162e-4,4.3681700552e2,-2.8541645807e-1,2.7475168448e0,2.6965844778e-1,4.1722399433e-1,3.7162141409e-1
21.007143,4.4129989606e2,-5.8355110225e-4,3.6303991866e1,6.3044557783e-1,2.1567586828e-8,-4.6566128731e-10,4.4129853406e2,-9.4719743139e-4,9.8259774490e0,5.3787643911e-1,1.2118782109e-2,5.8711552992e-4,4.4105218348e2,-2.8145223168e-1,2.7644564736e0,2.7155336665e-1,4.1370578021e-1,3.6889885133e-1
21.108163,4.4555440310e2,-5.7780745214e-4,3.6644352425e1,6.3077735259e-1,1.8193929918e-8,-4.6566128731e-10,4.4555313674e2,-9.1591778417e-4,9.9110690255e0,5.3892342228e-1,1.1614001916e-2,5.3924927488e-4,4.4530780485e2,-2.7751414662e-1,2.7814778436e0,2.7344074586e-1,4.1020048826e-1,3.6613402516e-1
21.209184,4.4982932035e2,-5.7214912494e-4,3.6986345802e1,6.3110465424e-1,1.5333853298e-8,0.0000000000e0,4.4982814327e2,-8.8661745417e-4,9.9965687108e0,5.3995847178e-1,1.1127975697e-2,4.9508176744e-4,4.4958386802e2,-2.7360259167e-1,2.7985809489e0,2.7532053098e-1,4.0670829402e-1,3.6332804151e-1
21.310204,4.5412464782e2,-5.6657441915e-4,3.7329971997e1,6.3142756165e-1,1.2910561509e-8,-4.6566128731e-10,4.5412355404e2,-8.5915931744e-4,1.0082476511e1,5.4098175446e-1,1.0660112874e-2,4.5434525236e-4,4.5388037276e2,-2.6971794565e-1,2.8157657891e0,2.7719267074e-1,4.0322936979e-1,3.6048204079e-1
21.411224,4.5844038552e2,-5.6108167603e-4,3.7675231009e1,6.3174615197e-1,1.0859196209e-8,0.0000000000e0,4.5843936942e2,-8.3341530907e-4,1.0168792431e1,5.4199343457e-1,1.0209836730e-2,4.1678966954e-4,4.5819731877e2,-2.6586057851e-1,2.8330323634e0,2.7905711637e-1,3.9976388492e-1,3.5759718250e-1
21.512245,4.6277653344e2,-5.5566927825e-4,3.8022122839e1,6.3206050069e-1,9.1350784714e-9,9.3132257462e-10,4.6277558975e2,-8.0926588115e-4,1.0255516476e1,5.4299367383e-1,9.7765843347e-3,3.8218032569e-4,4.6253470496e2,-2.6203085156e-1,2.8503806683e0,2.8091382124e-1,3.9631200553e-1,3.5467465036e-1
21.613265,4.6713309157e2,-5.5033564867e-4,3.8370647487e1,6.3237068169e-1,7.6748847277e-9,4.6566128731e-10,4.6713221536e2,-7.8659948638e-4,1.0342648652e1,5.4398263140e-1,9.3598063509e-3,3.5030068830e-4,4.6689253182e2,-2.5822911567e-1,2.8678107061e0,2.8276274179e-1,3.9287389482e-1,3.5171564994e-1
21.714286,4.7151005993e2,-5.4507924912e-4,3.8720804952e1,6.3267676728e-1,6.4497385210e-9,-4.6566128731e-10,4.7150924656e2,-7.6531209111e-4,1.0430188963e1,5.4496046400e-1,8.9589669714e-3,3.2094959170e-4,4.7127079750e2,-2.5445571394e-1,2.8853224701e0,2.8460383584e-1,3.8944971274e-1,3.4872140503e-1
21.815306,4.7590743852e2,-5.3989857927e-4,3.9072595236e1,6.3297882821e-1,5.4116640058e-9,0.0000000000e0,4.7590668364e2,-7.4530671208e-4,1.0518137413e1,5.4592732590e-1,8.5735437385e-3,2.9393611476e-4,4.7566950235e2,-2.5071097818e-1,2.9029159622e0,2.8643706445e-1,3.8603961630e-1,3.4569315938e-1
21.916327,4.8032522732e2,-5.3479217544e-4,3.9426018337e1,6.3327693375e-1,4.5226329348e-9,4.6566128731e-10,4.8032452688e2,-7.2649297734e-4,1.0606494006e1,5.4688336897e-1,8.2030273190e-3,2.6908656582e-4,4.8008864511e2,-2.4699523159e-1,2.9205911781e0,2.8826239029e-1,3.8264375928e-1,3.4263217775e-1
22.017347,4.8476342636e2,-5.2975860956e-4,3.9781074257e1,6.3357115170e-1,3.7929908103e-9,4.6566128731e-10,4.8476277654e2,-7.0878671470e-4,1.0695258747e1,5.4782874271e-1,7.8469214935e-3,2.4623610079e-4,4.8452822544e2,-2.4330878671e-1,2.9383481170e0,2.9007977859e-1,3.7926229243e-1,3.3953973884e-1
22.118367,4.8922203561e2,-5.2479648814e-4,4.0137762995e1,6.3386154845e-1,3.1806166589e-9,1.3969838619e-9,4.8922143287e2,-6.9210955836e-4,1.0784431639e1,5.4876359430e-1,7.5047428851e-3,2.2523291409e-4,4.8898824271e2,-2.3965194626e-1,2.9561867770e0,2.9188919663e-1,3.7589536347e-1,3.3641713159e-1
22.219388,4.9370105509e2,-5.1990445119e-4,4.0496084550e1,6.3414818898e-1,2.6557813726e-9,0.0000000000e0,4.9370049610e2,-6.7638857882e-4,1.0874012686e1,5.4968806863e-1,7.1760207532e-3,2.0593823865e-4,4.9346869624e2,-2.3602500277e-1,2.9741071560e0,2.9369061382e-1,3.7254311698e-1,3.3326566499e-1
22.320408,4.9820048479e2,-5.1508117134e-4,4.0856038924e1,6.3443113692e-1,2.2092194740e-9,4.6566128731e-10,4.9819996644e2,-6.6155593568e-4,1.0964001890e1,5.5060230833e-1,6.8602969344e-3,1.8821842968e-4,4.9796958540e2,-2.3242823837e-1,2.9921092521e0,2.9548400160e-1,3.6920569444e-1,3.3008665498e-1
22.421429,5.0272032473e2,-5.1032535279e-4,4.1217626116e1,6.3471045458e-1,1.8457058104e-9,0.0000000000e0,5.0271984411e2,-6.4754854749e-4,1.1054399256e1,5.5150645382e-1,6.5571256028e-3,1.7195567489e-4,5.0249247340e2,-2.2886078047e-1,3.0101993196e0,2.9726994828e-1,3.6588323434e-1,3.2688143803e-1
22.522449,5.0726057488e2,-5.0563573050e-4,4.1580846125e1,6.3498620298e-1,1.5443220036e-9,4.6566128731e-10,5.0726012929e2,-6.3430778053e-4,1.1145204785e1,5.5240064334e-1,6.2660730047e-3,1.5702983364e-4,5.0703266774e2,-2.2532632345e-1,3.0283585868e0,2.9904658475e-1,3.6257587202e-1,3.2365134731e-1
22.623469,5.1182123526e2,-5.0101106923e-4,4.1945698954e1,6.3525844189e-1,1.2840928321e-9,4.6566128731e-10,5.1182082218e2,-6.2177915802e-4,1.1236418481e1,5.5328501296e-1,5.9867173734e-3,1.4334311709e-4,5.1159486030e2,-2.2182168415e-1,3.0466058243e0,3.0081573321e-1,3.5928373984e-1,3.2039773092e-1
22.724490,5.1640230587e2,-4.9645016276e-4,4.2312184600e1,6.3552722984e-1,1.0676330930e-9,0.0000000000e0,5.1640192293e2,-6.0991208512e-4,1.1328040346e1,5.5415969668e-1,5.7186487578e-3,1.3079494238e-4,5.1617862139e2,-2.1834743872e-1,3.0649393136e0,3.0257719224e-1,3.5600696700e-1,3.1712194532e-1
22.825510,5.2100378671e2,-4.9195183301e-4,4.2680303064e1,6.3579262415e-1,8.8186880021e-10,-9.3132257462e-10,5.2100343171e2,-5.9865958856e-4,1.1420070382e1,5.5502482637e-1,5.4614686881e-3,1.1929776520e-4,5.2077870525e2,-2.1490753870e-1,3.0833380701e0,3.0432894257e-1,3.5274567977e-1,3.1382534839e-1
22.926531,5.2562567778e2,-4.8751492927e-4,4.3050054347e1,6.3605468100e-1,7.4317085819e-10,9.3132257462e-10,5.2562534868e2,-5.8797807487e-4,1.1512508593e1,5.5588053188e-1,5.2147901032e-3,1.0876450688e-4,5.2540403227e2,-2.1149588640e-1,3.1018377799e0,3.0607436110e-1,3.4950000129e-1,3.1050929986e-1
23.027551,5.3026797907e2,-4.8313832743e-4,4.3421438448e1,6.3631345541e-1,6.1652372096e-10,9.3132257462e-10,5.3026767397e2,-5.7782710098e-4,1.1605354979e1,5.5672694106e-1,4.9782370851e-3,9.9122524261e-5,5.3004795256e2,-2.0811738727e-1,3.1204118413e0,3.0781090758e-1,3.4627005167e-1,3.0717517063e-1
23.128571,5.3493069059e2,-4.7882092925e-4,4.3794455368e1,6.3656900129e-1,5.0977178034e-10,0.0000000000e0,5.3493040771e2,-5.6816916035e-4,1.1698609544e1,5.5756417975e-1,4.7514447155e-3,9.0297311544e-5,5.3471230336e2,-2.0477094094e-1,3.1390676046e0,3.0953926515e-1,3.4305594809e-1,3.0382432323e-1
23.229592,5.3961381234e2,-4.7456166162e-4,4.4169105106e1,6.3682137145e-1,4.3075942813e-10,0.0000000000e0,5.3961355004e2,-5.5896948032e-4,1.1792272288e1,5.5839237186e-1,4.5340587508e-3,8.2223676145e-5,5.3939708325e2,-2.0145673306e-1,3.1578050650e0,3.1125942150e-1,3.3985780459e-1,3.0045812763e-1
23.330612,5.4431734432e2,-4.7035947588e-4,4.4545387662e1,6.3707061767e-1,3.4947333916e-10,-9.3132257462e-10,5.4431710106e2,-5.5019583462e-4,1.1886343213e1,5.5921163937e-1,4.3257355494e-3,7.4841082096e-5,5.4410229184e2,-1.9817493756e-1,3.1766242214e0,3.1297136632e-1,3.3667573228e-1,2.9707794636e-1
23.431633,5.4904128652e2,-4.6621334714e-4,4.4923303036e1,6.3731679066e-1,2.8308022593e-10,0.0000000000e0,5.4904106088e2,-5.4181836566e-4,1.1980822322e1,5.6002210240e-1,4.1261417852e-3,6.8094581366e-5,5.4882792900e2,-1.9492571704e-1,3.1955250742e0,3.1467509099e-1,3.3350983920e-1,2.9368514381e-1
23.532653,5.5378563896e2,-4.6212227365e-4,4.5302851229e1,6.3755994013e-1,2.3578650143e-10,0.0000000000e0,5.5378542961e2,-5.3380941884e-4,1.2075709616e1,5.6082387919e-1,3.9349542446e-3,6.1932019889e-5,5.5357399436e2,-1.9170922325e-1,3.2145076224e0,3.1637058831e-1,3.3036023056e-1,2.9028107785e-1
23.633673,5.5855040163e2,-4.5808527611e-4,4.5684032240e1,6.3780011481e-1,1.9053914002e-10,9.3132257462e-10,5.5855020734e2,-5.2614338817e-4,1.2171005096e1,5.6161708616e-1,3.7518597144e-3,5.6304968894e-5,5.5834048731e2,-1.8852559689e-1,3.2335718644e0,3.1805785252e-1,3.2722700843e-1,2.8686709888e-1
23.734694,5.6333557453e2,-4.5410139716e-4,4.6066846070e1,6.3803736245e-1,1.7337242753e-10,-1.8626451492e-9,5.6333539417e2,-5.1879656910e-4,1.2266708763e1,5.6240183794e-1,3.5765545134e-3,5.1163136959e-5,5.6312740419e2,-1.8537496958e-1,3.2527177862e0,3.1973687821e-1,3.2411027199e-1,2.8344455548e-1
23.835714,5.6814115765e2,-4.5016970068e-4,4.6451292719e1,6.3827172987e-1,1.3767476048e-10,1.8626451492e-9,5.6814099016e2,-5.1174702567e-4,1.2362820619e1,5.6317824740e-1,3.4087446464e-3,4.6477653086e-5,5.6793474760e2,-1.8225745771e-1,3.2719453989e0,3.2140766364e-1,3.2101011742e-1,2.8001478408e-1
23.936735,5.7296715101e2,-4.4628927132e-4,4.6837372185e1,6.3850326296e-1,1.1812062439e-10,-9.3132257462e-10,5.7296699541e2,-5.0497446146e-4,1.2459340665e1,5.6394642565e-1,3.2481453045e-3,4.2200088501e-5,5.7276367893e2,-1.7917242983e-1,3.2912593492e0,3.2307060566e-1,3.1792663804e-1,2.7657911554e-1
24.037755,5.7781355460e2,-4.4245921385e-4,4.7225084471e1,6.3873200672e-1,8.9016793936e-11,9.3132257462e-10,5.7781340998e2,-4.9846010216e-4,1.2556268902e1,5.6470648212e-1,3.0944807733e-3,3.8300640881e-5,5.7761070779e2,-1.7612220134e-1,3.3106456750e0,3.2472450765e-1,3.1485992416e-1,2.7313886583e-1
24.138776,5.8268036842e2,-4.3867865272e-4,4.7614429575e1,6.3895800527e-1,6.7188921093e-11,9.3132257462e-10,5.8268023394e2,-4.9218658478e-4,1.2653605331e1,5.6545852455e-1,2.9474841920e-3,3.4748576581e-5,5.8247932364e2,-1.7310463834e-1,3.3301183361e0,3.2637056731e-1,3.1181006326e-1,2.6969534624e-1
24.239796,5.8756759247e2,-4.3494673146e-4,4.8005407497e1,6.3918130185e-1,5.4114934755e-11,-1.8626451492e-9,5.8756746735e2,-4.8613785510e-4,1.2751349953e1,5.6620265902e-1,2.8068974235e-3,3.1512230635e-5,5.8736836163e2,-1.7012055545e-1,3.3496726732e0,3.2800838791e-1,3.0877713986e-1,2.6624984853e-1
24.340816,5.9247522676e2,-4.3126261222e-4,4.8398018238e1,6.3940193890e-1,5.1386450650e-11,0.0000000000e0,5.9247511027e2,-4.8029907090e-4,1.2849502769e1,5.6693898999e-1,2.6724707363e-3,2.8565526009e-5,5.9227782194e2,-1.6717001559e-1,3.3693086879e0,3.2963797337e-1,3.0576123559e-1,2.6280365326e-1
24.441837,5.9740327128e2,-4.2762547528e-4,4.8792261798e1,6.3961995801e-1,3.9676706365e-11,-9.3132257462e-10,5.9740316276e2,-4.7465651282e-4,1.2948063779e1,5.6766762032e-1,2.5439626636e-3,2.5886110961e-5,5.9720770346e2,-1.6425307164e-1,3.3890263764e0,3.3125932838e-1,3.0276242931e-1,2.5935802888e-1
24.542857,6.0235172602e2,-4.2403451856e-4,4.9188138176e1,6.3983539999e-1,3.2059688237e-11,2.7939677238e-9,6.0235162487e2,-4.6919750120e-4,1.3047032985e1,5.6838865131e-1,2.4211398357e-3,2.3447908461e-5,6.0215800535e2,-1.6136976542e-1,3.4088257360e0,3.3287245890e-1,2.9978079682e-1,2.5591422524e-1
24.643878,6.0732059101e2,-4.2048895717e-4,4.9585647373e1,6.4004830484e-1,3.0922819860e-11,-1.8626451492e-9,6.0732049664e2,-4.6391031773e-4,1.3146410387e1,5.6910218268e-1,2.3037766274e-3,2.1227635443e-5,6.0712872780e2,-1.5852012752e-1,3.4287067682e0,3.3447737235e-1,2.9681641130e-1,2.5247347355e-1
24.744898,6.1230986622e2,-4.1698802297e-4,4.9984789388e1,6.4025871182e-1,2.6830093702e-11,0.0000000000e0,6.1230977811e2,-4.5878413430e-4,1.3246195985e1,5.6980831268e-1,2.1916551556e-3,1.9212253392e-5,6.1211986909e2,-1.5570417896e-1,3.4486694667e0,3.3607407664e-1,2.9386934301e-1,2.4903699197e-1
24.845918,6.1731955167e2,-4.1353096414e-4,5.0385564223e1,6.4046665944e-1,2.9103830457e-11,0.0000000000e0,6.1731946933e2,-4.5380894524e-4,1.3346389781e1,5.7050713801e-1,2.0845649433e-3,1.7381273210e-5,6.1713142897e2,-1.5292192940e-1,3.4687138312e0,3.3766258124e-1,2.9093965943e-1,2.4560597539e-1
24.946939,6.2234964735e2,-4.1011704475e-4,5.0787971876e1,6.4067218546e-1,2.0008883439e-11,0.0000000000e0,6.2234957034e2,-4.4897550549e-4,1.3446991775e1,5.7119875395e-1,1.9823028397e-3,1.5719793737e-5,6.2216340681e2,-1.5017337821e-1,3.4888398600e0,3.3924289653e-1,2.8802742518e-1,2.4218160659e-1
25.047959,6.2740015326e2,-4.0674554438e-4,5.1192012347e1,6.4087532695e-1,8.9812601800e-12,9.3132257462e-10,6.2740008117e2,-4.4427527215e-4,1.3548001967e1,5.7188325428e-1,1.8846726854e-3,1.4205463231e-5,6.2721580197e2,-1.4745851449e-1,3.5090475510e0,3.4081503390e-1,2.8513270217e-1,2.3876504228e-1
25.148980,6.3247106941e2,-4.0341575769e-4,5.1597685638e1,6.4107612027e-1,7.0485839387e-12,9.3132257462e-10,6.3247100185e2,-4.3970035118e-4,1.3649420359e1,5.7256073141e-1,1.7914852202e-3,1.2838281691e-5,6.3228999352e2,-1.4477653815e-1,3.5293424215e0,3.4237942919e-1,2.8225554955e-1,2.3535741400e-1
25.250000,6.3756239579e2,-4.0012699406e-4,5.2004991747e1,6.4127460110e-1,1.3756107364e-11,-9.3132257462e-10,6.3756233241e2,-4.3524344742e-4,1.3751246949e1,5.7323127632e-1,1.7025578636e-3,1.1594966054e-5,6.3738184218e2,-1.4212975450e-1,3.5497079143e0,3.4393482542e-1,2.7939602377e-1,2.3195984215e-1
25.351020,6.4267413241e2,-3.9687857723e-4,5.2413930675e1,6.4147080445e-1,1.0459189070e-11,9.3132257462e-10,6.4267407288e2,-4.3089781846e-4,1.3853481740e1,5.7389497860e-1,1.6177145377e-3,1.0468065739e-5,6.4249658698e2,-1.3951517675e-1,3.5701649870e0,3.4548283890e-1,2.7655417846e-1,2.2857342009e-1
25.452041,6.4780627926e2,-3.9366984493e-4,5.2824502422e1,6.4166476466e-1,9.3223206932e-12,1.8626451492e-9,6.4780622328e2,-4.2665723196e-4,1.3956124730e1,5.7455192653e-1,1.5367855333e-3,9.4464048743e-6,6.4762954156e2,-1.3693536152e-1,3.5906948941e0,3.4702206514e-1,2.7373006463e-1,2.2519920580e-1
25.553061,6.5295883635e2,-3.9050014852e-4,5.3236706987e1,6.4185651548e-1,7.1622707765e-12,0.0000000000e0,6.5295878365e2,-4.2251592551e-4,1.4059175922e1,5.7520220703e-1,1.4596071825e-3,8.5206702352e-6,6.5278401303e2,-1.3438841838e-1,3.6113108652e0,3.4855351680e-1,2.7092373062e-1,2.2183825821e-1
25.654082,6.5813180367e2,-3.8736885266e-4,5.3650544371e1,6.4204608997e-1,5.5706550484e-12,-1.8626451492e-9,6.5813175399e2,-4.1846857051e-4,1.4162635314e1,5.7584590570e-1,1.3860218628e-3,7.6834112406e-6,6.5795975514e2,-1.3187442731e-1,3.6320119158e0,3.5007712967e-1,2.6813522204e-1,2.1849159244e-1
25.755102,6.6332518122e2,-3.8427533499e-4,5.4066014574e1,6.4223352065e-1,2.1600499167e-12,0.0000000000e0,6.6332513434e2,-4.1451023786e-4,1.4266502907e1,5.7648310688e-1,1.3158777060e-3,6.9271773100e-6,6.6315419585e2,-1.2939468775e-1,3.6527877582e0,3.5159216780e-1,2.6536458192e-1,2.1516020410e-1
25.856122,6.6853896901e2,-3.8121898581e-4,5.4483117596e1,6.4241883937e-1,2.5011104299e-12,0.0000000000e0,6.6853892471e2,-4.1063636661e-4,1.4370778702e1,5.7711389363e-1,1.2490284622e-3,6.2398612499e-6,6.6836990519e2,-1.2694773206e-1,3.6736486733e0,3.5309940301e-1,2.6261185067e-1,2.1184506267e-1
25.957143,6.7377316704e2,-3.7819920775e-4,5.4901853437e1,6.4260207746e-1,2.5011104299e-12,0.0000000000e0,6.7377312511e2,-4.0684273497e-4,1.4475462698e1,5.7773834776e-1,1.1853333436e-3,5.6223943830e-6,6.7360693825e2,-1.2453344739e-1,3.6945948821e0,3.5459886355e-1,2.5987706601e-1,2.0854711812e-1
26.058163,6.7902777530e2,-3.7521541550e-4,5.5322222097e1,6.4278326563e-1,7.2759576142e-12,0.0000000000e0,6.7902773557e2,-4.0312543348e-4,1.4580554897e1,5.7835654987e-1,1.1246568507e-3,5.0580129027e-6,6.7886255855e2,-1.2215314903e-1,3.7156154391e0,3.5608978950e-1,2.5716026325e-1,2.0526728220e-1
26.159184,6.8430279379e2,-3.7226703547e-4,5.5744223575e1,6.4296243406e-1,1.5916157281e-12,1.8626451492e-9,6.8430275610e2,-3.9948084006e-4,1.4686055297e1,5.7896857933e-1,1.0668685554e-3,4.5532360673e-6,6.8414028992e2,-1.1980489777e-1,3.7367244403e0,3.5757320203e-1,2.5446147497e-1,2.0200645085e-1
26.260204,6.8959822253e2,-3.6935350558e-4,5.6167857873e1,6.4313961237e-1,3.1832314562e-12,-9.3132257462e-10,6.8959818671e2,-3.9590559744e-4,1.4791963900e1,5.7957451436e-1,1.0118430575e-3,4.0950253606e-6,6.8943685328e2,-1.1749024801e-1,3.7579087700e0,3.5904820035e-1,2.5178073129e-1,1.9876548741e-1
26.361224,6.9491406149e2,-3.6647427490e-4,5.6593124989e1,6.4331482965e-1,5.6843418861e-13,-9.3132257462e-10,6.9491402742e2,-3.9239659193e-4,1.4898280706e1,5.8017443198e-1,9.5945978421e-4,3.6843121052e-6,6.9475461439e2,-1.1520786273e-1,3.7791778918e0,3.6051546865e-1,2.4911805987e-1,1.9554522820e-1
26.462245,7.0025031070e2,-3.6362880344e-4,5.7020024925e1,6.4348811446e-1,4.4337866711e-12,-9.3132257462e-10,7.0025027823e2,-3.8895093371e-4,1.5005005715e1,5.8076840809e-1,9.0960270916e-4,3.3089891076e-6,7.0009278476e2,-1.1295800218e-1,3.8005286522e0,3.6197480910e-1,2.4647348571e-1,1.9234648813e-1
26.563265,7.0560697014e2,-3.6081656188e-4,5.7448557679e1,6.4365949485e-1,2.9558577808e-12,-2.7939677238e-9,7.0560693916e2,-3.8556593930e-4,1.5112138926e1,5.8135651744e-1,8.6216039642e-4,2.9727816582e-6,7.0545136240e2,-1.1074051835e-1,3.8219610439e0,3.6342624461e-1,2.4384703160e-1,1.8917004392e-1
26.664286,7.1098403982e2,-3.5803703128e-4,5.7878723252e1,6.4382899837e-1,5.6843418861e-12,0.0000000000e0,7.1098401022e2,-3.8223911478e-4,1.5219680340e1,5.8193883370e-1,8.1702575733e-4,2.6673078537e-6,7.1083034793e2,-1.0855525402e-1,3.8434750700e0,3.6486979941e-1,2.4123871760e-1,1.8601665366e-1
26.765306,7.1638151973e2,-3.5528970290e-4,5.8310521644e1,6.4399665207e-1,2.2737367544e-12,2.7939677238e-9,7.1638149141e2,-3.7896814070e-4,1.5327629958e1,5.8251542942e-1,7.7409595076e-4,2.3990869522e-6,7.1622974070e2,-1.0640204508e-1,3.8650707283e0,3.6630549792e-1,2.3864856152e-1,1.8288704287e-1
26.866327,7.2179940988e2,-3.5257407789e-4,5.8743952855e1,6.4416248253e-1,8.0717654782e-12,-1.8626451492e-9,7.2179938275e2,-3.7575085792e-4,1.5435987779e1,5.8308637609e-1,7.3327216330e-4,2.1513551474e-6,7.2164953969e2,-1.0428072018e-1,3.8867480153e0,3.6773336505e-1,2.3607657875e-1,1.7978190817e-1
26.967347,7.2723771027e2,-3.4988966710e-4,5.9179016885e1,6.4432651585e-1,8.2991391537e-12,0.0000000000e0,7.2723768424e2,-3.7258525480e-4,1.5544753804e1,5.8365174415e-1,6.9445953750e-4,1.9315630198e-6,7.2708974421e2,-1.0219110055e-1,3.9085069287e0,3.6915342634e-1,2.3352278224e-1,1.7670192942e-1
27.068367,7.3269642089e2,-3.4723599084e-4,5.9615713734e1,6.4448877768e-1,2.6147972676e-12,0.0000000000e0,7.3269639589e2,-3.6946945541e-4,1.5653928032e1,5.8421160301e-1,6.5756708091e-4,1.7285346985e-6,7.3255035442e2,-1.0013300005e-1,3.9303474697e0,3.7056570804e-1,2.3098718260e-1,1.7364773341e-1
27.169388,7.3817554176e2,-3.4461257866e-4,6.0054043402e1,6.4464929320e-1,3.1832314562e-12,-1.8626451492e-9,7.3817551770e2,-3.6640170848e-4,1.5763510463e1,5.8476602102e-1,6.2250743940e-4,1.5497207642e-6,7.3803136953e2,-9.8106226221e-2,3.9522696357e0,3.7197023667e-1,2.2846978821e-1,1.7061994784e-1
27.270408,7.4367507286e2,-3.4201896915e-4,6.0494005889e1,6.4480808716e-1,1.5916157281e-12,1.8626451492e-9,7.4367504969e2,-3.6338037744e-4,1.5873501099e1,5.8531506558e-1,5.8919682363e-4,1.3876706362e-6,7.4353278923e2,-9.6110579734e-2,3.9742734258e0,3.7336703934e-1,2.2597060501e-1,1.6761915199e-1
27.371429,7.4919501419e2,-3.3945470970e-4,6.0935601195e1,6.4496518389e-1,1.5916157281e-12,0.0000000000e0,7.4919499186e2,-3.6040393117e-4,1.5983899938e1,5.8585880306e-1,5.5755483925e-4,1.2423843145e-6,7.4905461259e2,-9.4145855170e-2,3.9963588369e0,3.7475614347e-1,2.2348963665e-1,1.6464590654e-1
27.472449,7.5473536577e2,-3.3691935634e-4,6.1378829320e1,6.4512060727e-1,1.8189894035e-12,-3.7252902985e-9,7.5473534420e2,-3.5747093564e-4,1.6094706982e1,5.8639729887e-1,5.2750446287e-4,1.1119991541e-6,7.5459683993e2,-9.2211840444e-2,4.0185258706e0,3.7613757722e-1,2.2102688471e-1,1.6170074418e-1
27.573469,7.6029612758e2,-3.3441247349e-4,6.1823690264e1,6.4527438079e-1,1.5916157281e-12,0.0000000000e0,7.6029610674e2,-3.5458004612e-4,1.6205922229e1,5.8693061749e-1,4.9897189626e-4,9.9465250969e-7,7.6015946986e2,-9.0308318179e-2,4.0407745219e0,3.7751136876e-1,2.1858234830e-1,1.5878416598e-1
27.674490,7.6587729963e2,-3.3193363381e-4,6.2270184027e1,6.4542652750e-1,8.1854523160e-12,-1.8626451492e-9,7.6587727946e2,-3.5172999982e-4,1.6317545680e1,5.8745882243e-1,4.7188629230e-4,8.9034438133e-7,7.6574250247e2,-8.8435064658e-2,4.0631047915e0,3.7887754703e-1,2.1615602444e-1,1.5589664690e-1
27.775510,7.7147888192e2,-3.2948241801e-4,6.2718310610e1,6.4557707009e-1,9.0949470177e-13,0.0000000000e0,7.7147886239e2,-3.4891960971e-4,1.6429577336e1,5.8798197628e-1,4.4617988556e-4,7.9721212387e-7,7.7134618945e2,-8.6591743025e-2,4.0855176867e0,3.8023620208e-1,2.1374790795e-1,1.5303863399e-1
27.876531,7.7710087444e2,-3.2705841464e-4,6.3168070011e1,6.4572603083e-1,3.5242919694e-12,0.0000000000e0,7.7710085551e2,-3.4614775832e-4,1.6542017195e1,5.8850014073e-1,4.2178779552e-4,7.0966780186e-7,7.7696977414e2,-8.4778442294e-2,4.1080101812e0,3.8158718093e-1,2.1135799153e-1,1.5021055005e-1
27.977551,7.8274327721e2,-3.2466121995e-4,6.3619462231e1,6.4587343163e-1,4.8885340220e-12,0.0000000000e0,7.8274325883e2,-3.4341339215e-4,1.6654865259e1,5.8901337657e-1,3.9864777705e-4,6.3516199589e-7,7.8261401191e2,-8.2994599806e-2,4.1305852970e0,3.8293069595e-1,2.0898626568e-1,1.4741279371e-1
28.078571,7.8840609021e2,-3.2229043767e-4,6.4072487271e1,6.4601929401e-1,4.2064129957e-12,-1.8626451492e-9,7.8840607235e2,-3.4071551686e-4,1.6768121527e1,5.8952174372e-1,3.7670037705e-4,5.6810677052e-7,7.8827865087e2,-8.1240078730e-2,4.1532420268e0,3.8426671671e-1,2.0663271883e-1,1.4464572817e-1
28.179592,7.9408931345e2,-3.1994567889e-4,6.4527145129e1,6.4616363913e-1,5.6843418861e-12,0.0000000000e0,7.9408929609e2,-3.3805319245e-4,1.6881786000e1,5.9002530122e-1,3.5588862204e-4,5.0477683544e-7,7.9396425050e2,-7.9514401158e-2,4.1759826090e0,3.8559540406e-1,2.0429733727e-1,1.4190969802e-1
28.280612,7.9979294693e2,-3.1762656187e-4,6.4983435807e1,6.4630648779e-1,2.8421709430e-12,0.0000000000e0,7.9979293004e2,-3.3542552915e-4,1.6995858676e1,5.9052410726e-1,3.3615810003e-4,4.5262277126e-7,7.9966912977e2,-7.7818000439e-2,4.1988003198e0,3.8691639788e-1,2.0198010532e-1,1.3920501247e-1
28.381633,8.0551699065e2,-3.1533271190e-4,6.5441359303e1,6.4644786044e-1,3.5242919694e-12,-1.8626451492e-9,8.0551697419e2,-3.3283168336e-4,1.7110339557e1,5.9101821920e-1,3.1745657691e-4,4.0233135223e-7,8.0539545185e2,-7.6149738975e-2,4.2217038123e0,3.8823023072e-1,1.9968100520e-1,1.3653196953e-1
28.482653,8.1126144461e2,-3.1306376111e-4,6.5900915619e1,6.4658777717e-1,7.2759576142e-12,1.8626451492e-9,8.1126142857e2,-3.3027085438e-4,1.7225228643e1,5.9150769358e-1,2.9973434914e-4,3.5762786865e-7,8.1114144641e2,-7.4510068190e-2,4.2446860054e0,3.8953652688e-1,1.9740001715e-1,1.3389083557e-1
28.583673,8.1702630881e2,-3.1081934835e-4,6.6362104754e1,6.4672625776e-1,9.0949470177e-13,-1.8626451492e-9,8.1702629316e2,-3.2774228084e-4,1.7340525933e1,5.9199258612e-1,2.8294367701e-4,3.1851232052e-7,8.1690877118e2,-7.2898065181e-2,4.2677535305e0,3.9083569452e-1,1.9513711944e-1,1.3128184900e-1
28.684694,8.2281158324e2,-3.0859911904e-4,6.6824926708e1,6.4686332163e-1,3.2969182939e-12,-1.8626451492e-9,8.2281156797e2,-3.2524523798e-4,1.7456231427e1,5.9247295174e-1,2.6703914739e-4,2.8125941753e-7,8.2269488381e2,-7.1314454080e-2,4.2908962186e0,3.9212719502e-1,1.9289228838e-1,1.2870522961e-1
28.785714,8.2861726791e2,-3.0640272501e-4,6.7289381482e1,6.4699898789e-1,7.9580786405e-13,-1.8626451492e-9,8.2861725300e2,-3.2277903468e-4,1.7572345126e1,5.9294884458e-1,2.5197714319e-4,2.5331974030e-7,8.2850231941e2,-6.9757973375e-2,4.3141242102e0,3.9341162878e-1,1.9066549831e-1,1.2616116367e-1
28.886735,8.3444336283e2,-3.0422982437e-4,6.7755469074e1,6.4713327534e-1,5.6843418861e-13,1.8626451492e-9,8.3444334825e2,-3.2034301121e-4,1.7688867030e1,5.9342031801e-1,2.3771616588e-4,2.2538006306e-7,8.3433015244e2,-6.8228708236e-2,4.3374338036e0,3.9468882079e-1,1.8845672179e-1,1.2364982814e-1
28.987755,8.4028986798e2,-3.0208008138e-4,6.8223189486e1,6.4726620244e-1,2.5011104299e-12,0.0000000000e0,8.4028985373e2,-3.1793653673e-4,1.7805797138e1,5.9388742463e-1,2.2421654364e-4,2.0302832127e-7,8.4017838384e2,-6.6726379089e-2,4.3608250029e0,3.9595880403e-1,1.8626592929e-1,1.2117137015e-1
29.088776,8.4615678337e2,-2.9995316631e-4,6.8692542716e1,6.4739778738e-1,3.7516656448e-12,1.8626451492e-9,8.4615676943e2,-3.1555900735e-4,1.7923135450e1,5.9435021631e-1,2.1144043023e-4,1.7881393433e-7,8.4604701356e2,-6.5250703965e-2,4.3842978081e0,3.9722161145e-1,1.8409308960e-1,1.1872591078e-1
29.189796,8.5204410901e2,-2.9784875530e-4,6.9163528766e1,6.4752804801e-1,4.3200998334e-12,-1.8626451492e-9,8.5204409535e2,-3.1320984404e-4,1.8040881968e1,5.9480874418e-1,1.9935157115e-4,1.6018748283e-7,8.5193603840e2,-6.3801399434e-2,4.4078522067e0,3.9847727554e-1,1.8193816974e-1,1.1631355435e-1
29.290816,8.5795184488e2,-2.9576653026e-4,6.9636147635e1,6.4765700192e-1,8.0717654782e-12,0.0000000000e0,8.5795183151e2,-3.1088849108e-4,1.8159036689e1,5.9526305863e-1,1.8791551975e-4,1.4342367649e-7,8.5784546268e2,-6.2378176816e-2,4.4314882162e0,3.9972583055e-1,1.7980113476e-1,1.1393438652e-1
29.391837,8.6387999099e2,-2.9370617873e-4,7.0110399324e1,6.4778466640e-1,2.2737367544e-13,-3.7252902985e-9,8.6387997789e2,-3.0859441430e-4,1.8277599616e1,5.9571320935e-1,1.7709941881e-4,1.2665987015e-7,8.6377528333e2,-6.0980747934e-2,4.4552058246e0,4.0096730935e-1,1.7768194808e-1,1.1158845387e-1
29.492857,8.6982854734e2,-2.9166739376e-4,7.0586283831e1,6.4791105844e-1,3.7516656448e-12,-1.8626451492e-9,8.6982853450e2,-3.0632709964e-4,1.8396570747e1,5.9615924534e-1,1.6687176924e-4,1.1548399925e-7,8.6972549996e2,-5.9608821541e-2,4.4790050306e0,4.0220174552e-1,1.7558057126e-1,1.0927581228e-1
29.593878,8.7579751393e2,-2.8964987378e-4,7.1063801158e1,6.4803619479e-1,8.7538865046e-12,1.8626451492e-9,8.7579750134e2,-3.0408605182e-4,1.8515950083e1,5.9660121488e-1,1.5720265856e-4,9.6857547760e-8,8.7569636059e2,-5.8262018316e-2,4.5028868265e0,4.0342922364e-1,1.7349696427e-1,1.0699647292e-1
29.694898,8.8178689076e2,-2.8765332253e-4,7.1542951304e1,6.4816009189e-1,9.8907548818e-12,-3.7252902985e-9,8.8178687841e2,-3.0187079314e-4,1.8635737623e1,5.9703916562e-1,1.4806362219e-4,8.9406967163e-8,8.8168712235e2,-5.6940301198e-2,4.5268482411e0,4.0464962559e-1,1.7143108533e-1,1.0475044139e-1
29.795918,8.8779667783e2,-2.8567744890e-4,7.2023734269e1,6.4828276594e-1,1.4779288904e-12,-1.8626451492e-9,8.8779666571e2,-2.9968086227e-4,1.8755933368e1,5.9747314449e-1,1.3942742476e-4,8.0093741417e-8,8.8769931343e2,-5.5642849768e-2,4.5508953871e0,4.0586329537e-1,1.6938289093e-1,1.0253769718e-1
29.896939,8.9382687514e2,-2.8372196685e-4,7.2506150053e1,6.4840423287e-1,4.4337866711e-12,0.0000000000e0,8.9382686324e2,-2.9751581322e-4,1.8876537317e1,5.9790319779e-1,1.3126812405e-4,6.8917870522e-8,8.9373032873e2,-5.4370251150e-2,4.5750178448e0,4.0706974260e-1,1.6735233607e-1,1.0035820864e-1
29.997959,8.9987748269e2,-2.8178659529e-4,7.2990198656e1,6.4852450834e-1,4.5474735089e-13,0.0000000000e0,8.9987747101e2,-2.9537521449e-4,1.8997549472e1,5.9832937119e-1,1.2356114075e-4,6.3329935074e-8,8.9978252486e2,-5.3121407825e-2,4.5992250404e0,4.0826947528e-1,1.6533937405e-1,9.8211918026e-2
30.098980,9.0594850049e2,-2.7987105798e-4,7.3475880079e1,6.4864360777e-1,5.6843418861e-13,0.0000000000e0,9.0594848901e2,-2.9325864804e-4,1.9118969831e1,5.9875170968e-1,1.1628289042e-4,5.2154064178e-8,9.0585511707e2,-5.1896285847e-2,4.6235138351e0,4.0946237005e-1,1.6334395657e-1,9.6098758280e-2
30.200000,9.1203992852e2,-2.7797508344e-4,7.3963194321e1,6.4876154635e-1,3.8653524825e-12,-3.7252902985e-9,9.1203991724e2,-2.9116570864e-4,1.9240798395e1,5.9917025766e-1,1.0941104927e-4,4.8428773880e-8,9.1194810415e2,-5.0694584929e-2,4.6478842244e0,4.1064846115e-1,1.6136603386e-1,9.4018638134e-2
30.301020,9.1815176679e2,-2.7609840484e-4,7.4452141382e1,6.4887833899e-1,2.2737367544e-12,1.8626451492e-9,9.1815175570e2,-2.8909600300e-4,1.9363035163e1,5.9958505890e-1,1.0292422485e-4,4.4703483582e-8,9.1806079630e2,-4.9516223719e-2,4.6723334493e0,4.1182765063e-1,1.5940555455e-1,9.1971458867e-2
30.402041,9.2428401530e2,-2.7424075991e-4,7.4942721263e1,6.4899400041e-1,1.1368683772e-13,0.0000000000e0,9.2428400441e2,-2.8704914923e-4,1.9485680136e1,5.9999615657e-1,9.6802312669e-5,3.5390257835e-8,9.2419526348e2,-4.8360240200e-2,4.6968697894e0,4.1300037074e-1,1.5746246578e-1,8.9957097545e-2
30.503061,9.3043667406e2,-2.7240189085e-4,7.5434933963e1,6.4910854504e-1,4.8885340220e-12,-1.8626451492e-9,9.3043666334e2,-2.8502477606e-4,1.9608733314e1,6.0040359323e-1,9.1025926736e-5,3.7252902985e-8,9.3034943498e2,-4.7226992631e-2,4.7214849624e0,4.1416625840e-1,1.5553671327e-1,8.7975427508e-2
30.604082,9.3660974305e2,-2.7058154420e-4,7.5928779482e1,6.4922198714e-1,5.6843418861e-12,-1.8626451492e-9,9.3660973251e2,-2.8302252240e-4,1.9732194697e1,6.0080741087e-1,8.5576753804e-5,2.9802322388e-8,9.3652400134e2,-4.6115958423e-2,4.7461817304e0,4.1532548101e-1,1.5362824125e-1,8.6026288569e-2
30.705102,9.4280322229e2,-2.6877947083e-4,7.6424257820e1,6.4933434070e-1,6.7075234256e-12,0.0000000000e0,9.4280321192e2,-2.8104203676e-4,1.9856064284e1,6.0120765089e-1,8.0437371480e-5,2.9802322388e-8,9.4271854262e2,-4.5026962678e-2,4.7709584139e0,4.1647799554e-1,1.5173699250e-1,8.4109527990e-2
30.806122,9.4901711176e2,-2.6699542577e-4,7.6921368977e1,6.4944561951e-1,3.0695446185e-12,-1.8626451492e-9,9.4901710156e2,-2.7908297677e-4,1.9980342076e1,6.0160435413e-1,7.5591195923e-5,1.8626451492e-8,9.4893431817e2,-4.3959320827e-2,4.7958200502e0,4.1762407015e-1,1.4986290850e-1,8.2224979997e-2
30.907143,9.5525141148e2,-2.6522916818e-4,7.7420112954e1,6.4955583715e-1,3.6379788071e-12,0.0000000000e0,9.5525140144e2,-2.7714500870e-4,2.0105028073e1,6.0199756086e-1,7.1022493898e-5,2.2351741791e-8,9.5516992668e2,-4.2913155220e-2,4.8207610344e0,4.1876348053e-1,1.4800592926e-1,8.0372428522e-2
31.008163,9.6150612143e2,-2.6348046125e-4,7.7920489750e1,6.4966500697e-1,8.2991391537e-12,-1.8626451492e-9,9.6150611156e2,-2.7522780712e-4,2.0230122275e1,6.0238731081e-1,6.6716332299e-5,1.8626451492e-8,9.6142582680e2,-4.1888023871e-2,4.8457832009e0,4.1989634705e-1,1.4616599350e-1,7.8551702201e-2
31.109184,9.6778124163e2,-2.6174907211e-4,7.8422499366e1,6.4977314212e-1,5.1159076975e-12,1.8626451492e-9,9.6778123191e2,-2.7333105441e-4,2.0355624681e1,6.0277364315e-1,6.2658448769e-5,1.3038516045e-8,9.6770274948e2,-4.0883413472e-2,4.8708894738e0,4.2102283572e-1,1.4434303859e-1,7.6762579381e-2
31.210204,9.7407677207e2,-2.6003477175e-4,7.8926141800e1,6.4988025556e-1,8.9812601800e-12,1.8626451492e-9,9.7407676250e2,-2.7145444053e-4,2.0481535292e1,6.0315659653e-1,5.8835384039e-5,1.3038516045e-8,9.7399972827e2,-3.9899306087e-2,4.8960759873e0,4.2214280725e-1,1.4253700074e-1,7.5004836544e-2
31.311224,9.8039271275e2,-2.5833733496e-4,7.9431417054e1,6.4998636002e-1,4.4337866711e-12,-3.7252902985e-9,9.8039270333e2,-2.6959766258e-4,2.0607854108e1,6.0353620907e-1,5.5234312185e-5,1.1175870895e-8,9.8031700774e2,-3.8935329505e-2,4.9213437198e0,4.2325634112e-1,1.4074781471e-1,7.3278231546e-2
31.412245,9.8672906367e2,-2.5665654026e-4,7.9938325128e1,6.5009146806e-1,6.3664629124e-12,0.0000000000e0,9.8672905440e2,-2.6776042455e-4,2.0734581129e1,6.0391251838e-1,5.1843019719e-5,9.3132257462e-9,9.8665472795e2,-3.7991145053e-2,4.9466932315e0,4.2436349702e-1,1.3897541414e-1,7.1582542732e-2
31.513265,9.9308582484e2,-2.5499216980e-4,8.0446866020e1,6.5019559204e-1,3.7516656448e-12,-1.8626451492e-9,9.9308581570e2,-2.6594243706e-4,2.0861716354e1,6.0428556154e-1,4.8650028589e-5,9.3132257462e-9,9.9301284189e2,-3.7066468438e-2,4.9721243344e0,4.2546430154e-1,1.3721973148e-1,6.9917500019e-2
31.614286,9.9946299624e2,-2.5334400928e-4,8.0957039732e1,6.5029874411e-1,1.1368683772e-12,-1.8626451492e-9,9.9946298724e2,-2.6414341703e-4,2.0989259785e1,6.0465537516e-1,4.5644387569e-5,5.5879354477e-9,9.9939018533e2,-3.6161318692e-2,4.9976323720e0,4.2655859064e-1,1.3548069795e-1,6.8282848224e-2
31.715306,1.0058605779e3,-2.5171184793e-4,8.1468846263e1,6.5040093627e-1,2.1600499167e-12,-1.8626451492e-9,1.0058605690e3,-2.6236308749e-4,2.1117211420e1,6.0502199533e-1,4.2815691813e-5,5.5879354477e-9,1.0057902513e3,-3.5274453578e-2,5.0232313156e0,4.2764699603e-1,1.3375824360e-1,6.6678306088e-2
31.816327,1.0122785698e3,-2.5009547839e-4,8.1982285614e1,6.5050218031e-1,8.0717654782e-12,-1.8626451492e-9,1.0122785610e3,-2.6060117731e-4,2.1245571259e1,6.0538545765e-1,4.0154137878e-5,9.3132257462e-9,1.0122095472e3,-3.4406525935e-2,5.0489071956e0,4.2872895576e-1,1.3205229735e-1,6.5103616565e-2
31.917347,1.0187169719e3,-2.4849469669e-4,8.2497357784e1,6.5060248784e-1,8.7538865046e-12,1.8626451492e-9,1.0187169633e3,-2.5885742104e-4,2.1374339304e1,6.0574579727e-1,3.7650319655e-5,9.3132257462e-9,1.0186492365e3,-3.3556927868e-2,5.0746646657e0,4.2980470345e-1,1.3036278710e-1,6.3558466733e-2
32.018367,1.0251757843e3,-2.4690930213e-4,8.3014062773e1,6.5070187031e-1,6.5938365879e-12,-3.7252902985e-9,1.0251757758e3,-2.5713155865e-4,2.1503515553e1,6.0610304884e-1,3.5295392081e-5,3.7252902985e-9,1.0251093198e3,-3.2725368291e-2,5.1005037280e0,4.3087427397e-1,1.2868963957e-1,6.2042571604e-2
32.119388,1.0316550069e3,-2.4533909725e-4,8.3532400582e1,6.5080033899e-1,3.1832314562e-12,0.0000000000e0,1.0316549985e3,-2.5542333538e-4,2.1633100007e1,6.0645724657e-1,3.3081094443e-5,3.7252902985e-9,1.0315897966e3,-3.1911558040e-2,5.1264243808e0,4.3193770195e-1,1.2703278049e-1,6.0555651784e-2
32.220408,1.0381546397e3,-2.4378388778e-4,8.4052371209e1,6.5089790498e-1,2.9558577808e-12,0.0000000000e0,1.0381546315e3,-2.5373250153e-4,2.1763092666e1,6.0680842418e-1,3.0999292221e-5,3.7252902985e-9,1.0380906675e3,-3.1115209414e-2,5.1524266267e0,4.3299502220e-1,1.2539213453e-1,5.9097379446e-2
32.321429,1.0446746828e3,-2.4224348254e-4,8.4573974657e1,6.5099457921e-1,2.2737367544e-13,3.7252902985e-9,1.0446746747e3,-2.5205881236e-4,2.1893493530e1,6.0715661499e-1,2.9042605092e-5,3.7252902985e-9,1.0446126416e3,-3.0335861143e-2,5.1785133015e0,4.3404638314e-1,1.2376762541e-1,5.7667437941e-2
32.422449,1.0512151362e3,-2.4071769342e-4,8.5097210923e1,6.5109037244e-1,5.0022208598e-12,7.4505805969e-9,1.0512151282e3,-2.5040202786e-4,2.2024302599e1,6.0750185182e-1,2.7203895115e-5,7.4505805969e-9,1.0511535908e3,-2.9573756468e-2,5.2046758934e0,4.3509147774e-1,1.2215917579e-1,5.6265525520e-2
32.523469,1.0577759997e3,-2.3920633527e-4,8.5622080009e1,6.5118529529e-1,3.4106051316e-12,3.7252902985e-9,1.0577759919e3,-2.4876191263e-4,2.2155519872e1,6.0784416710e-1,2.5476369274e-5,0.0000000000e0,1.0577156430e3,-2.8828086641e-2,5.2309229134e0,4.3613068209e-1,1.2056670744e-1,5.4891310632e-2
32.624490,1.0643572736e3,-2.3770922590e-4,8.6148581914e1,6.5127935821e-1,1.1823431123e-11,3.7252902985e-9,1.0643572658e3,-2.4713823578e-4,2.2287145350e1,6.0818359281e-1,2.3853668381e-5,3.7252902985e-9,1.0642980894e3,-2.8098747481e-2,5.2572515268e0,4.3716391687e-1,1.1899014120e-1,5.3544465452e-2
32.725510,1.0709589576e3,-2.3622618600e-4,8.6676716639e1,6.5137257147e-1,5.2295945352e-12,3.7252902985e-9,1.0709589500e3,-2.4553077072e-4,2.2419179033e1,6.0852016050e-1,2.2329774538e-5,3.7252902985e-9,1.0709001975e3,-2.7385633597e-2,5.2836588032e0,4.3819110292e-1,1.1742939693e-1,5.2224654704e-2
32.826531,1.0775810519e3,-2.3475703908e-4,8.7206484183e1,6.5146494524e-1,8.8675733423e-12,3.7252902985e-9,1.0775810444e3,-2.4393929510e-4,2.2551620921e1,6.0885390132e-1,2.0898989078e-5,0.0000000000e0,1.0775241636e3,-2.6687953554e-2,5.3101535279e0,4.3921261489e-1,1.1588439378e-1,5.0931546837e-2
32.927551,1.0842235565e3,-2.3330161141e-4,8.7737884546e1,6.5155648950e-1,5.2295945352e-12,3.7252902985e-9,1.0842235490e3,-2.4236359069e-4,2.2684471013e1,6.0918484600e-1,1.9555886638e-5,-3.7252902985e-9,1.0841677920e3,-2.6005950302e-2,5.3367269179e0,4.4022814676e-1,1.1435504993e-1,4.9664814025e-2
33.028571,1.0908864713e3,-2.3185973200e-4,8.8270917729e1,6.5164721408e-1,2.2737367544e-12,3.7252902985e-9,1.0908864639e3,-2.4080344320e-4,2.2817729311e1,6.0951302488e-1,1.8295314931e-5,-7.4505805969e-9,1.0908290288e3,-2.5339810205e-2,5.3633707582e0,4.4123742572e-1,1.1284128272e-1,4.8424098641e-2
33.129592,1.0975697963e3,-2.3043123250e-4,8.8805583731e1,6.5173712870e-1,2.9558577808e-12,3.7252902985e-9,1.0975697891e3,-2.3925864228e-4,2.2951395813e1,6.0983846787e-1,1.7112547539e-5,0.0000000000e0,1.0975162308e3,-2.4687377984e-2,5.3901184741e0,4.4224174682e-1,1.1134300867e-1,4.7209054232e-2
33.230612,1.1042735316e3,-2.2901594719e-4,8.9341882553e1,6.5182624291e-1,2.5011104299e-12,3.7252902985e-9,1.1042735244e3,-2.3772898130e-4,2.3085470520e1,6.1016120452e-1,1.6002991742e-5,0.0000000000e0,1.1042210408e3,-2.4050274928e-2,5.4169366391e0,4.4323988299e-1,1.0986014373e-1,4.6019341797e-2
33.331633,1.1109976771e3,-2.2761371294e-4,8.9879814194e1,6.5191456612e-1,4.0927261580e-12,0.0000000000e0,1.1109976700e3,-2.3621425736e-4,2.3219953432e1,6.1048126399e-1,1.4962312889e-5,0.0000000000e0,1.1109462460e3,-2.3427608405e-2,5.4438364005e0,4.4423228866e-1,1.0839260277e-1,4.4854622334e-2
33.432653,1.1177422328e3,-2.2622436911e-4,9.0419378654e1,6.5200210762e-1,2.5011104299e-12,0.0000000000e0,1.1177422259e3,-2.3471427111e-4,2.3354844549e1,6.1079867504e-1,1.3986435079e-5,3.7252902985e-9,1.1176918456e3,-2.2819117902e-2,5.4708177552e0,4.4521899749e-1,1.0694030018e-1,4.3714515865e-2
33.533673,1.1245071988e3,-2.2484775754e-4,9.0960575934e1,6.5208887655e-1,3.1832314562e-12,3.7252902985e-9,1.1245071920e3,-2.3322882674e-4,2.3490143870e1,6.1111346608e-1,1.3071575040e-5,0.0000000000e0,1.1244578391e3,-2.2224545392e-2,5.4978807016e0,4.4620004310e-1,1.0550314952e-1,4.2598690838e-2
33.634694,1.1312925751e3,-2.2348372251e-4,9.1503406033e1,6.5217488192e-1,7.5033312896e-12,3.7252902985e-9,1.1312925683e3,-2.3175773182e-4,2.3625851396e1,6.1142566513e-1,1.2214038861e-5,7.4505805969e-9,1.1312442276e3,-2.1643635253e-2,5.5250252437e0,4.4717545923e-1,1.0408106381e-1,4.1506797075e-2
33.735714,1.1380983616e3,-2.2213211068e-4,9.2047868951e1,6.5226013262e-1,6.3664629124e-12,0.0000000000e0,1.1380983549e3,-2.3030079726e-4,2.3761967127e1,6.1173529987e-1,1.1410411162e-5,3.7252902985e-9,1.1380511251e3,-2.1076111320e-2,5.5522518371e0,4.4814529552e-1,1.0267395515e-1,4.0438469499e-2
33.836735,1.1449245583e3,-2.2079277104e-4,9.2593964689e1,6.5234463739e-1,4.5474735089e-13,7.4505805969e-9,1.1449245517e3,-2.2885783723e-4,2.3898491063e1,6.1204239759e-1,1.0657511666e-5,-3.7252902985e-9,1.1448781881e3,-2.0521794161e-2,5.5795591085e0,4.4910953662e-1,1.0128173525e-1,3.9393343031e-2
33.937755,1.1517711653e3,-2.1946555488e-4,9.3141693246e1,6.5242840487e-1,1.5916157281e-12,3.7252902985e-9,1.1517711588e3,-2.2742866907e-4,2.4035423204e1,6.1234698527e-1,9.9522703749e-6,3.7252902985e-9,1.1517257574e3,-1.9980366567e-2,5.6069484201e0,4.5006826414e-1,9.9904315116e-2,3.8371086121e-2
34.038776,1.1586381825e3,-2.1815031576e-4,9.3691054623e1,6.5251144357e-1,4.7748471843e-12,-3.7252902985e-9,1.1586381761e3,-2.2601311323e-4,2.4172763550e1,6.1264908950e-1,9.2917821348e-6,3.7252902985e-9,1.1585937280e3,-1.9451605727e-2,5.6344193524e0,4.5102149630e-1,9.8541605113e-2,3.7371326238e-2
34.139796,1.1655256099e3,-2.1684690943e-4,9.4242048819e1,6.5259376186e-1,1.3642420527e-11,0.0000000000e0,1.1655256036e3,-2.2461099320e-4,2.4310512100e1,6.1294873657e-1,8.6733248281e-6,0.0000000000e0,1.1654820892e3,-1.8935272221e-2,5.6619718623e0,4.5196926465e-1,9.7193515119e-2,3.6393724382e-2
34.240816,1.1724334476e3,-2.1555519383e-4,9.4794675834e1,6.5267536801e-1,8.1854523160e-12,3.7252902985e-9,1.1724334414e3,-2.2322213541e-4,2.4448668855e1,6.1324595238e-1,8.0944594174e-6,-3.7252902985e-9,1.1723908494e3,-1.8431125696e-2,5.6896059834e0,4.5291160327e-1,9.5859954432e-2,3.5437904298e-2
34.341837,1.1793616956e3,-2.1427502902e-4,9.5348935669e1,6.5275627016e-1,8.4128259914e-12,-7.4505805969e-9,1.1793616894e3,-2.2184636921e-4,2.4587233815e1,6.1354076256e-1,7.5526056662e-6,-7.4505805969e-9,1.1793200010e3,-1.7938931823e-2,5.7173216847e0,4.5384854389e-1,9.4540831805e-2,3.4503538162e-2
34.442857,1.1863103538e3,-2.1300627717e-4,9.5904828323e1,6.5283647635e-1,2.5011104299e-12,-3.7252902985e-9,1.1863103477e3,-2.2048352678e-4,2.4726206980e1,6.1383319236e-1,7.0456094363e-6,3.7252902985e-9,1.1862695494e3,-1.7458456628e-2,5.7451189885e0,4.5478011995e-1,9.3236055532e-2,3.3590249717e-2
34.543878,1.1932794222e3,-2.1174880251e-4,9.6462353797e1,6.5291599449e-1,2.5011104299e-12,-7.4505805969e-9,1.1932794162e3,-2.1913344308e-4,2.4865588350e1,6.1412326674e-1,6.5713431923e-6,1.1175870895e-8,1.1932394931e3,-1.6989470438e-2,5.7729978880e0,4.5570636378e-1,9.1945533343e-2,3.2697703689e-2
34.644898,1.2002689008e3,-2.1050247127e-4,9.7021512090e1,6.5299483239e-1,7.2759576142e-12,3.7252902985e-9,1.2002688949e3,-2.1779595579e-4,2.5005377924e1,6.1441101034e-1,6.1277601162e-6,-3.7252902985e-9,1.2002255156e3,-1.6532529463e-2,5.8009411187e0,4.5662674142e-1,9.0669172660e-2,3.1825531274e-2
34.745918,1.2072787898e3,-2.0926715169e-4,9.7582303203e1,6.5307299774e-1,1.3642420527e-12,-3.7252902985e-9,1.2072787839e3,-2.1647090522e-4,2.5145575704e1,6.1469644746e-1,5.7128524986e-6,0.0000000000e0,1.2072394922e3,-1.6085252108e-2,5.8289961783e0,4.5754284459e-1,8.9406880318e-2,3.0973397195e-2
34.846939,1.2143090889e3,-2.0804271394e-4,9.8144727135e1,6.5315049813e-1,2.0463630790e-12,-3.7252902985e-9,1.2143090831e3,-2.1515813431e-4,2.5286181688e1,6.1497960213e-1,5.3250498695e-6,-3.7252902985e-9,1.2142716983e3,-1.5649189983e-2,5.8571241710e0,4.5845342581e-1,8.8158562831e-2,3.0140962452e-2
34.947959,1.2213597983e3,-2.0682903011e-4,9.8708783886e1,6.5322734104e-1,7.0485839387e-12,3.7252902985e-9,1.2213597926e3,-2.1385748855e-4,2.5427195877e1,6.1526049805e-1,4.9625107295e-6,7.4505805969e-9,1.2213232255e3,-1.5223918768e-2,5.8853294623e0,4.5935866396e-1,8.6924126252e-2,2.9327873141e-2
35.048980,1.2284309179e3,-2.0562597417e-4,9.9274473457e1,6.5330353386e-1,1.0004441720e-11,-3.7252902985e-9,1.2284309123e3,-2.1256881590e-4,2.5568618271e1,6.1553915863e-1,4.6237294100e-6,7.4505805969e-9,1.2283951484e3,-1.4809031050e-2,5.9136163504e0,4.6025873076e-1,8.5703476281e-2,2.8533771634e-2
35.150000,1.2355224478e3,-2.0443342196e-4,9.9841795847e1,6.5337908385e-1,5.9117155615e-12,0.0000000000e0,1.2355224423e3,-2.1129196678e-4,2.5710448870e1,6.1581560699e-1,4.3071938762e-6,0.0000000000e0,1.2354874678e3,-1.4404314549e-2,5.9419848386e0,4.6115365806e-1,8.4496518225e-2,2.7758337557e-2
35.251020,1.2426343879e3,-2.0325125109e-4,1.0041075106e2,6.5345399818e-1,4.0927261580e-12,0.0000000000e0,1.2426343825e3,-2.1002679400e-4,2.5852687673e1,6.1608986595e-1,4.0114916828e-6,-3.7252902985e-9,1.2426001785e3,-1.4009561021e-2,5.9704349062e0,4.6204347686e-1,8.3303157249e-2,2.7001217008e-2
35.352041,1.2497667383e3,-2.0207934100e-4,1.0098133909e2,6.5352828394e-1,2.2737367544e-13,-3.7252902985e-9,1.2497667329e3,-2.0877315272e-4,2.5995334682e1,6.1636195805e-1,3.7353572679e-6,1.1175870895e-8,1.2497332955e3,-1.3624561842e-2,5.9989666123e0,4.6292822049e-1,8.2123297908e-2,2.6262078434e-2
35.453061,1.2569194989e3,-2.0091757285e-4,1.0155355993e2,6.5360194810e-1,4.3200998334e-12,3.7252902985e-9,1.2569194936e3,-2.0753090039e-4,2.6138389895e1,6.1663190555e-1,3.4775077893e-6,-1.1175870895e-8,1.2568861363e3,-1.3249224526e-2,6.0275772275e0,4.6380783670e-1,8.0956844678e-2,2.5540594012e-2
35.554082,1.2640926698e3,-1.9976582954e-4,1.0212741360e2,6.5367499754e-1,1.3642420527e-12,0.0000000000e0,1.2640926645e3,-2.0629989672e-4,2.6281853313e1,6.1689973041e-1,3.2368393477e-6,0.0000000000e0,1.2640595078e3,-1.2883215419e-2,6.0562699789e0,4.6468245679e-1,7.9803701656e-2,2.4836428463e-2
35.655102,1.2712862509e3,-1.9862399565e-4,1.0270290009e2,6.5374743904e-1,8.1854523160e-12,-7.4505805969e-9,1.2712862457e3,-2.0508000364e-4,2.6425724936e1,6.1716545436e-1,3.0121320833e-6,-1.4901161194e-8,1.2712538165e3,-1.2526274380e-2,6.0850464922e0,4.6555216033e-1,7.8663772819e-2,2.4149272591e-2
35.756122,1.2785002422e3,-1.9749195742e-4,1.0328001940e2,6.5381927930e-1,5.0022208598e-12,-3.7252902985e-9,1.2785002371e3,-2.0387108522e-4,2.6570004764e1,6.1742909882e-1,2.8024692256e-6,-3.7252902985e-9,1.2784709147e3,-1.2177923491e-2,6.1139141762e0,4.6641719771e-1,7.7536961674e-2,2.3478768766e-2
35.857143,1.2857346438e3,-1.9636960275e-4,1.0385877152e2,6.5389052492e-1,4.5474735089e-13,-3.7252902985e-9,1.2857346387e3,-2.0267300766e-4,2.6714692797e1,6.1769068496e-1,2.6069021715e-6,-3.7252902985e-9,1.2857048107e3,-1.1838904079e-2,6.1428490652e0,4.6727688320e-1,7.6423171746e-2,2.2824604064e-2
35.958163,1.2929894556e3,-1.9525682110e-4,1.0443915647e2,6.5396118242e-1,0.0000000000e0,0.0000000000e0,1.2929894506e3,-2.0148563925e-4,2.6859789034e1,6.1795023369e-1,2.4244561700e-6,3.7252902985e-9,1.2929603038e3,-1.1508280493e-2,6.1718703551e0,4.6813182161e-1,7.5322306271e-2,2.2186487913e-2
36.059184,1.3002646777e3,-1.9415350355e-4,1.0502117424e2,6.5403125822e-1,3.8653524825e-12,-3.7252902985e-9,1.3002646727e3,-2.0030885031e-4,2.7005293477e1,6.1820776566e-1,2.2543576961e-6,-3.7252902985e-9,1.3002336305e3,-1.1186434624e-2,6.2009629923e0,4.6898160184e-1,7.4234268273e-2,2.1564066410e-2
36.160204,1.3075603100e3,-1.9305954270e-4,1.0560482482e2,6.5410075864e-1,3.8653524825e-12,-3.7252902985e-9,1.3075603051e3,-1.9914251318e-4,2.7151206124e1,6.1846330125e-1,2.0957213565e-6,-3.7252902985e-9,1.3075324861e3,-1.0872040842e-2,6.2301577572e0,4.6982714979e-1,7.3158960578e-2,2.0957060158e-2
36.261224,1.3148763526e3,-1.9197483270e-4,1.0619010822e2,6.5416968995e-1,1.5916157281e-12,3.7252902985e-9,1.3148763477e3,-1.9798650215e-4,2.7297526976e1,6.1871686062e-1,1.9478982267e-6,-1.1175870895e-8,1.3148480668e3,-1.0566223192e-2,6.2594194354e0,4.7066747326e-1,7.2096286075e-2,2.0365141332e-2
36.362245,1.3222128054e3,-1.9089926918e-4,1.0677702445e2,6.5423805832e-1,1.8189894035e-12,3.7252902985e-9,1.3222128006e3,-1.9684069343e-4,2.7444256033e1,6.1896846366e-1,1.8100881789e-6,0.0000000000e0,1.3221877373e3,-1.0267734690e-2,6.2887774839e0,4.7150344853e-1,7.1046147285e-2,1.9788008183e-2
36.463265,1.3295696684e3,-1.8983274925e-4,1.0736557349e2,6.5430586982e-1,6.8212102633e-13,7.4505805969e-9,1.3295696637e3,-1.9570496512e-4,2.7591393294e1,6.1921813001e-1,1.6817252799e-6,-3.7252902985e-9,1.3295473451e3,-9.9770067832e-3,6.3182152941e0,4.7233462775e-1,7.0008446744e-2,1.9225351512e-2
36.564286,1.3369469417e3,-1.8877517147e-4,1.0795575535e2,6.5437313045e-1,1.3642420527e-12,-3.7252902985e-9,1.3369469370e3,-1.9457919720e-4,2.7738938761e1,6.1946587910e-1,1.5621417333e-6,-3.7252902985e-9,1.3369216246e3,-9.6945929013e-3,6.3477118045e0,4.7316045469e-1,6.8983086885e-2,1.8676891923e-2
36.665306,1.3443446252e3,-1.8772643581e-4,1.0854757004e2,6.5443984615e-1,3.1832314562e-12,-3.7252902985e-9,1.3443446206e3,-1.9346327144e-4,2.7886892433e1,6.1971173008e-1,1.4507379547e-6,-1.1175870895e-8,1.3443199055e3,-9.4190211482e-3,6.3773043311e0,4.7398200703e-1,6.7969970057e-2,1.8142342567e-2
36.766327,1.3517627190e3,-1.8668644365e-4,1.0914101754e2,6.5450602275e-1,7.2759576142e-12,0.0000000000e0,1.3517627144e3,-1.9235707140e-4,2.8035254309e1,6.1995570192e-1,1.3470034901e-6,-3.7252902985e-9,1.3517397236e3,-9.1504788787e-3,6.4069830184e0,4.7479903385e-1,6.6968998553e-2,1.7621383071e-2
36.867347,1.3592012230e3,-1.8565509776e-4,1.0973609786e2,6.5457166601e-1,8.6401996668e-12,3.7252902985e-9,1.3592012185e3,-1.9126048241e-4,2.8184024390e1,6.2019781330e-1,1.2504781353e-6,0.0000000000e0,1.3591806690e3,-8.8888650197e-3,6.4367462259e0,4.7561151667e-1,6.5980074630e-2,1.7113734037e-2
36.968367,1.3666601373e3,-1.8463230222e-4,1.1033281100e2,6.5463678163e-1,5.2295945352e-12,0.0000000000e0,1.3666601328e3,-1.9017339150e-4,2.8333202676e1,6.2043808272e-1,1.1605852706e-6,-3.7252902985e-9,1.3666371385e3,-8.6347536230e-3,6.4665715418e0,4.7641887834e-1,6.5003100543e-2,1.6619138420e-2
37.069388,1.3741394618e3,-1.8361796249e-4,1.1093115696e2,6.5470137523e-1,6.8212102633e-13,-7.4505805969e-9,1.3741394574e3,-1.8909568740e-4,2.8482789167e1,6.2067652844e-1,1.0769238088e-6,3.7252902985e-9,1.3741170144e3,-8.3869495901e-3,6.4964904943e0,4.7722200414e-1,6.4037978494e-2,1.6137298197e-2
37.170408,1.3816391965e3,-1.8261198531e-4,1.1153113574e2,6.5476545233e-1,3.6379788071e-12,1.1175870895e-8,1.3816391922e3,-1.8802726049e-4,2.8632783863e1,6.2091316850e-1,9.9911608231e-7,3.7252902985e-9,1.3816172890e3,-8.1456965463e-3,6.5264910527e0,4.7802059574e-1,6.3084610750e-2,1.5667930245e-2
37.271429,1.3891593415e3,-1.8161427871e-4,1.1213274734e2,6.5482901841e-1,1.3642420527e-12,0.0000000000e0,1.3891593372e3,-1.8696800278e-4,2.8783186763e1,6.2114802071e-1,9.2678715191e-7,-7.4505805969e-9,1.3891391176e3,-7.9106999478e-3,6.5565778376e0,4.7881480333e-1,6.2142899513e-2,1.5210781246e-2
37.372449,1.3966998967e3,-1.8062475198e-4,1.1273599176e2,6.5489207886e-1,1.8189894035e-12,3.7252902985e-9,1.3966998925e3,-1.8591780788e-4,2.8933997869e1,6.2138110268e-1,8.5943111117e-7,3.7252902985e-9,1.3966790381e3,-7.6822423348e-3,6.5867370012e0,4.7960429130e-1,6.1212747125e-2,1.4765579253e-2
37.473469,1.4042608622e3,-1.7964331566e-4,1.1334086899e2,6.5495463900e-1,9.0949470177e-13,0.0000000000e0,1.4042608580e3,-1.8487657096e-4,2.9085217179e1,6.2161243181e-1,7.9683013610e-7,7.4505805969e-9,1.4042369592e3,-7.4601765124e-3,6.6169681783e0,4.8038908459e-1,6.0294055927e-2,1.4332063496e-2
37.574490,1.4118422379e3,-1.7866988153e-4,1.1394737905e2,6.5501670410e-1,1.4097167877e-11,7.4505805969e-9,1.4118422338e3,-1.8384418873e-4,2.9236844694e1,6.2184202528e-1,7.3867840911e-7,7.4505805969e-9,1.4118223848e3,-7.2432170385e-3,6.6473093822e0,4.8117019243e-1,5.9386728376e-2,1.3909980655e-2
37.675510,1.4194440239e3,-1.7770436255e-4,1.1455552193e2,6.5507827933e-1,5.0022208598e-12,-1.4901161194e-8,1.4194440198e3,-1.8282055943e-4,2.9388880414e1,6.2206990008e-1,6.8458007263e-7,-3.7252902985e-9,1.4194246582e3,-7.0325099555e-3,6.6777179885e0,4.8194654060e-1,5.8490666956e-2,1.3499062508e-2
37.776531,1.4270662201e3,-1.7674667286e-4,1.1516529763e2,6.5513936981e-1,1.4324541553e-11,3.7252902985e-9,1.4270662161e3,-1.8180558276e-4,2.9541324339e1,6.2229607299e-1,6.3434322328e-7,3.7252902985e-9,1.4270473318e3,-6.8274891045e-3,6.7082082057e0,4.8271852445e-1,5.7605774284e-2,1.3099059463e-2
37.877551,1.4347088266e3,-1.7579672779e-4,1.1577670614e2,6.5519998060e-1,6.8212102633e-12,-1.1175870895e-8,1.4347088226e3,-1.8079915990e-4,2.9694176469e1,6.2252056057e-1,5.8767568589e-7,0.0000000000e0,1.4346904058e3,-6.6280196339e-3,6.7387800340e0,4.8348617171e-1,5.6731953111e-2,1.2709725648e-2
37.978571,1.4423718433e3,-1.7485444380e-4,1.1638974748e2,6.5526011668e-1,2.0463630790e-12,-3.7252902985e-9,1.4423718393e3,-1.7980119344e-4,2.9847436804e1,6.2274337922e-1,5.4432734942e-7,0.0000000000e0,1.4423538804e3,-6.4339692225e-3,6.7694334748e0,4.8424951002e-1,5.5869106229e-2,1.2330833822e-2
38.079592,1.4500552702e3,-1.7391973847e-4,1.1700442163e2,6.5531978298e-1,1.1596057448e-11,-7.4505805969e-9,1.4500552663e3,-1.7881158741e-4,3.0001105343e1,6.2296454513e-1,5.0408038987e-7,0.0000000000e0,1.4500377551e3,-6.2452082178e-3,6.8001685258e0,4.8500856674e-1,5.5017136697e-2,1.1962123215e-2
38.180612,1.4577591074e3,-1.7299253051e-4,1.1762072861e2,6.5537898435e-1,2.2737367544e-13,-7.4505805969e-9,1.4577591035e3,-1.7783024718e-4,3.0155182087e1,6.2318407427e-1,4.6667310016e-7,0.0000000000e0,1.4577420308e3,-6.0616093059e-3,6.8309851902e0,4.8576336923e-1,5.4175947638e-2,1.1603370309e-2
38.281633,1.4654833548e3,-1.7207273969e-4,1.1823866840e2,6.5543772560e-1,5.4569682106e-12,0.0000000000e0,1.4654833510e3,-1.7685707952e-4,3.0309667037e1,6.2340198248e-1,4.3199065658e-7,0.0000000000e0,1.4654667079e3,-5.8830477227e-3,6.8618834694e0,4.8651394465e-1,5.3345442360e-2,1.1254355311e-2
38.382653,1.4732280125e3,-1.7116028688e-4,1.1885824101e2,6.5549601145e-1,6.3664629124e-12,0.0000000000e0,1.4732280087e3,-1.7589199250e-4,3.0464560191e1,6.2361828535e-1,3.9979136091e-7,0.0000000000e0,1.4732117851e3,-5.7094013332e-3,6.8928633583e0,4.8726031982e-1,5.2525524378e-2,1.0914824903e-2
38.483673,1.4809930804e3,-1.7025509400e-4,1.1947944645e2,6.5555384658e-1,1.1368683772e-12,7.4505805969e-9,1.4809930767e3,-1.7493489553e-4,3.0619861550e1,6.2383299833e-1,3.6992719288e-7,0.0000000000e0,1.4809772639e3,-5.5405501393e-3,6.9239248629e0,4.8800252171e-1,5.1716097466e-2,1.0584570467e-2
38.584694,1.4887785586e3,-1.6935708400e-4,1.2010228470e2,6.5561123561e-1,4.0927261580e-12,0.0000000000e0,1.4887785549e3,-1.7398569928e-4,3.0775571114e1,6.2404613668e-1,3.4226354728e-7,-7.4505805969e-9,1.4887631441e3,-5.3763767164e-3,6.9550679818e0,4.8874057693e-1,5.0917065403e-2,1.0263383389e-2
38.685714,1.4965844470e3,-1.6846618087e-4,1.2072675577e2,6.5566818309e-1,5.9117155615e-12,1.4901161194e-8,1.4965844433e3,-1.7304431571e-4,3.0931688882e1,6.2425771547e-1,3.1654622035e-7,7.4505805969e-9,1.4965703226e3,-5.2166759818e-3,6.9862963024e0,4.8947459598e-1,5.0128332349e-2,9.9510475993e-3
38.786735,1.5044107456e3,-1.6758230958e-4,1.2135285966e2,6.5572469353e-1,2.7284841053e-12,0.0000000000e0,1.5044107420e3,-1.7211065801e-4,3.1088214856e1,6.2446774960e-1,2.9270790947e-7,0.0000000000e0,1.5044008486e3,-5.0611369539e-3,7.0176180207e0,4.9020479349e-1,4.9349802666e-2,9.6473246813e-3
38.887755,1.5122574545e3,-1.6670539610e-4,1.2198059637e2,6.5578077136e-1,1.8189894035e-12,7.4505805969e-9,1.5122574509e3,-1.7118464060e-4,3.1245149034e1,6.2467625379e-1,2.7060400498e-7,0.0000000000e0,1.5122431943e3,-4.9107838074e-3,7.0489870284e0,4.9093012683e-1,4.8581381037e-2,9.3520432711e-3
38.988776,1.5201245736e3,-1.6583536740e-4,1.2260996590e2,6.5583642097e-1,9.0949470177e-13,0.0000000000e0,1.5201245701e3,-1.7026617909e-4,3.1402491417e1,6.2488324261e-1,2.5015106075e-7,0.0000000000e0,1.5201106813e3,-4.7641937392e-3,7.0804566087e0,4.9165185886e-1,4.7822972132e-2,9.0649649501e-3
39.089796,1.5280121030e3,-1.6497215136e-4,1.2324096825e2,6.5589164669e-1,6.8212102633e-13,7.4505805969e-9,1.5280120995e3,-1.6935519029e-4,3.1560242006e1,6.2508873043e-1,2.3117968340e-7,0.0000000000e0,1.5279985704e3,-4.6217290286e-3,7.1120078055e0,4.9236957518e-1,4.7074481265e-2,8.7859109044e-3
39.190816,1.5359200426e3,-1.6411567686e-4,1.2387360342e2,6.5594645280e-1,1.1141310097e-11,0.0000000000e0,1.5359200392e3,-1.6845159214e-4,3.1718400799e1,6.2529273147e-1,2.1359187485e-7,7.4505805969e-9,1.5359068617e3,-4.4832859391e-3,7.1436406191e0,4.9308330152e-1,4.6335813731e-2,8.5147023201e-3
39.291837,1.5438483925e3,-1.6326587367e-4,1.2450787141e2,6.5600084352e-1,1.8189894035e-12,7.4505805969e-9,1.5438483891e3,-1.6755530376e-4,3.1876967797e1,6.2549525979e-1,1.9731555767e-7,0.0000000000e0,1.5438355549e3,-4.3487629644e-3,7.1753550481e0,4.9379306341e-1,4.5606875186e-2,8.2511156797e-3
39.392857,1.5517971526e3,-1.6242267248e-4,1.2514377222e2,6.5605482302e-1,6.8212102633e-12,0.0000000000e0,1.5517971492e3,-1.6666624537e-4,3.2035942999e1,6.2569632927e-1,1.8224454834e-7,-7.4505805969e-9,1.5517846515e3,-4.2180605877e-3,7.2071510984e0,4.9449888639e-1,4.4887571720e-2,7.9949721694e-3
39.493878,1.5597663229e3,-1.6158600489e-4,1.2578130585e2,6.5610839542e-1,5.4569682106e-12,0.0000000000e0,1.5597663196e3,-1.6578433828e-4,3.2195326407e1,6.2589595366e-1,1.6825447346e-7,0.0000000000e0,1.5597541502e3,-4.0910816454e-3,7.2390287653e0,4.9520079560e-1,4.4177809603e-2,7.7460706234e-3
39.594898,1.5677559035e3,-1.6075580338e-4,1.2642047229e2,6.5616156478e-1,6.5938365879e-12,0.0000000000e0,1.5677559002e3,-1.6490950491e-4,3.2355118020e1,6.2609414651e-1,1.5533169062e-7,7.4505805969e-9,1.5677440514e3,-3.9677309309e-3,7.2709880492e0,4.9589881616e-1,4.3477495398e-2,7.5042918324e-3
39.695918,1.5757658943e3,-1.5993200130e-4,1.2706127156e2,6.5621433512e-1,2.2737367544e-12,7.4505805969e-9,1.5757658911e3,-1.6404166873e-4,3.2515317837e1,6.2629092126e-1,1.4336751519e-7,0.0000000000e0,1.5757562884e3,-3.8477497091e-3,7.3030366832e0,4.9659313992e-1,4.2786536090e-2,7.2693824768e-3
39.796939,1.5837962954e3,-1.5911453287e-4,1.2770370365e2,6.5626671042e-1,1.3642420527e-12,-7.4505805969e-9,1.5837962922e3,-1.6318075427e-4,3.2675925859e1,6.2648629115e-1,1.3230533114e-7,-7.4505805969e-9,1.5837850636e3,-3.7315434563e-3,7.3351514783e0,4.9728329116e-1,4.2104838926e-2,7.0412233472e-3
39.897959,1.5918471067e3,-1.5830333316e-4,1.2834776855e2,6.5631869458e-1,2.0463630790e-12,0.0000000000e0,1.5918471036e3,-1.6232668708e-4,3.2836942086e1,6.2668026930e-1,1.2208374756e-7,0.0000000000e0,1.5918361742e3,-3.6185265216e-3,7.3673556212e0,4.9796979498e-1,4.1432311695e-2,6.8196058273e-3
39.998980,1.5999183283e3,-1.5749833804e-4,1.2899346627e2,6.5637029147e-1,9.0949470177e-13,0.0000000000e0,1.5999183252e3,-1.6147939372e-4,3.2998366518e1,6.2687286868e-1,1.1262454791e-7,-7.4505805969e-9,1.5999076880e3,-3.5087772095e-3,7.3996413845e0,4.9865250907e-1,4.0768862213e-2,6.6043883562e-3
40.100000,1.6080099601e3,-1.5669948423e-4,1.2964079682e2,6.5642150492e-1,2.2737367544e-13,7.4505805969e-9,1.6080099571e3,-1.6063880177e-4,3.3160199155e1,6.2706410209e-1,1.0384792404e-7,7.4505805969e-9,1.6079996053e3,-3.4022102903e-3,7.4320087682e0,4.9933145778e-1,4.0114398950e-2,6.3954144716e-3
40.201020,1.6161220021e3,-1.5590670924e-4,1.3028976018e2,6.5647233871e-1,0.0000000000e0,0.0000000000e0,1.6161219992e3,-1.5980483975e-4,3.3322439997e1,6.2725398221e-1,9.5775703812e-8,0.0000000000e0,1.6161119261e3,-3.2987424197e-3,7.4644577729e0,5.0000666529e-1,3.9468830680e-2,6.1925053596e-3
40.302041,1.6242544544e3,-1.5511995140e-4,1.3094035636e2,6.5652279656e-1,0.0000000000e0,0.0000000000e0,1.6242544515e3,-1.5897743719e-4,3.3485089044e1,6.2744252156e-1,8.8277374743e-8,-7.4505805969e-9,1.6242446506e3,-3.1982921048e-3,7.4969883988e0,5.0067815563e-1,3.8832066395e-2,5.9954673052e-3
40.403061,1.6324073169e3,-1.5433914980e-4,1.3159258536e2,6.5657288215e-1,1.2732925825e-11,0.0000000000e0,1.6324073141e3,-1.5815652454e-4,3.3648146295e1,6.2762973252e-1,8.1372490968e-8,0.0000000000e0,1.6323977789e3,-3.1007797062e-3,7.5296006463e0,5.0134595270e-1,3.8204015717e-2,5.8042481542e-3
40.504082,1.6405805896e3,-1.5356424430e-4,1.3224644717e2,6.5662259913e-1,5.2295945352e-12,0.0000000000e0,1.6405805869e3,-1.5734203319e-4,3.3811611752e1,6.2781562733e-1,7.5002390076e-8,0.0000000000e0,1.6405713112e3,-3.0061273810e-3,7.5622945159e0,5.0201008023e-1,3.7584588591e-2,5.6186094880e-3
40.605102,1.6487742726e3,-1.5279517552e-4,1.3290194181e2,6.5667195109e-1,2.0463630790e-12,7.4505805969e-9,1.6487742700e3,-1.5653389544e-4,3.3975485413e1,6.2800021810e-1,6.9145926318e-8,7.4505805969e-9,1.6487652474e3,-2.9142590588e-3,7.5950700078e0,5.0267056181e-1,3.6973695373e-2,5.4384171963e-3
40.706122,1.6569883657e3,-1.5203188485e-4,1.3355906926e2,6.5672094158e-1,1.1368683772e-12,-7.4505805969e-9,1.6569883633e3,-1.5573204450e-4,3.4139767279e1,6.2818351679e-1,6.3680545281e-8,0.0000000000e0,1.6569795879e3,-2.8251004066e-3,7.6279271224e0,5.0332742087e-1,3.6371246770e-2,5.2635744214e-3
40.807143,1.6652228691e3,-1.5127431439e-4,1.3421782953e2,6.5676957411e-1,3.8653524825e-12,0.0000000000e0,1.6652228669e3,-1.5493641448e-4,3.4304457350e1,6.2836553524e-1,5.8604427977e-8,0.0000000000e0,1.6652143326e3,-2.7385788031e-3,7.6608658601e0,5.0398068069e-1,3.5777153918e-2,5.0938948989e-3
40.908163,1.6734777827e3,-1.5052240698e-4,1.3487822262e2,6.5681785215e-1,1.0004441720e-11,0.0000000000e0,1.6734777807e3,-1.5414694034e-4,3.4469555626e1,6.2854628515e-1,5.3994426708e-8,0.0000000000e0,1.6734694817e3,-2.6546233191e-3,7.6938862213e0,5.0463036443e-1,3.5191328531e-2,4.9292594194e-3
41.009184,1.6817531066e3,-1.4977610616e-4,1.3554024852e2,6.5686577912e-1,3.6379788071e-12,0.0000000000e0,1.6817531047e3,-1.5336355791e-4,3.4635062107e1,6.2872577809e-1,4.9692516768e-8,0.0000000000e0,1.6817450353e3,-2.5731646671e-3,7.7269882063e0,5.0527649505e-1,3.4613682629e-2,4.7695338726e-3
41.110204,1.6900488406e3,-1.4903535619e-4,1.3620390724e2,6.5691335841e-1,8.6401996668e-12,-7.4505805969e-9,1.6900488390e3,-1.5258620388e-4,3.4800976792e1,6.2890402550e-1,4.5727119868e-8,-7.4505805969e-9,1.6900409936e3,-2.4941351865e-3,7.7601718154e0,5.0591909542e-1,3.4044128754e-2,4.6145766973e-3
41.211224,1.6983649848e3,-1.4830010201e-4,1.3686919877e2,6.5696059335e-1,1.4551915228e-11,0.0000000000e0,1.6983649835e3,-1.5181481574e-4,3.4967299683e1,6.2908103868e-1,4.2060491978e-8,7.4505805969e-9,1.6983573566e3,-2.4174688029e-3,7.7934370490e0,5.0655818822e-1,3.3482579812e-2,4.4642761350e-3
41.312245,1.7067015392e3,-1.4757028925e-4,1.3753612312e2,6.5700748726e-1,5.4569682106e-12,-7.4505805969e-9,1.7067015383e3,-1.5104933182e-4,3.5134030778e1,6.2925682884e-1,3.8709458750e-8,0.0000000000e0,1.7066941244e3,-2.3431010193e-3,7.8267839074e0,5.0719379600e-1,3.2928949387e-2,4.3185129762e-3
41.413265,1.7150585037e3,-1.4684586421e-4,1.3820468027e2,6.5705404340e-1,2.9558577808e-12,-7.4505805969e-9,1.7150585033e3,-1.5028969127e-4,3.5301170079e1,6.2943140702e-1,3.5630591810e-8,-1.4901161194e-8,1.7150512972e3,-2.2709688484e-3,7.8602123909e0,5.0782594117e-1,3.2383151165e-2,4.1771456599e-3
41.514286,1.7234358784e3,-1.4612677385e-4,1.3887487024e2,6.5710026500e-1,5.6843418861e-12,0.0000000000e0,1.7234358786e3,-1.4953583400e-4,3.5468717584e1,6.2960478418e-1,3.2752723200e-8,-1.4901161194e-8,1.7234288751e3,-2.2010108273e-3,7.8937224999e0,5.0845464597e-1,3.1845099592e-2,4.0400400758e-3
41.615306,1.7318336632e3,-1.4541296580e-4,1.3954669301e2,6.5714615525e-1,8.8675733423e-12,7.4505805969e-9,1.7318336641e3,-1.4878770073e-4,3.5636673294e1,6.2977697112e-1,3.0111323213e-8,1.4901161194e-8,1.7318268582e3,-2.1331669684e-3,7.9273142347e0,5.0907993253e-1,3.1314709575e-2,3.9070919156e-3
41.716327,1.7402518580e3,-1.4470438831e-4,1.4022014859e2,6.5719171729e-1,8.4128259914e-12,-7.4505805969e-9,1.7402518599e3,-1.4804523292e-4,3.5805037209e1,6.2994797855e-1,2.7674559533e-8,0.0000000000e0,1.7402452466e3,-2.0673787229e-3,7.9609875956e0,5.0970182282e-1,3.0791896351e-2,3.7782117724e-3
41.817347,1.7486904630e3,-1.4400099027e-4,1.4089523697e2,6.5723695425e-1,4.0927261580e-12,-7.4505805969e-9,1.7486904659e3,-1.4730837282e-4,3.5973809329e1,6.3011781705e-1,2.5440840545e-8,0.0000000000e0,1.7486840403e3,-2.0035889750e-3,7.9947425829e0,5.1032033864e-1,3.0276575848e-2,3.6532729864e-3
41.918367,1.7571494779e3,-1.4330272120e-4,1.4157195815e2,6.5728186920e-1,4.5474735089e-13,0.0000000000e0,1.7571494821e3,-1.4657706338e-4,3.6142989653e1,6.3028649708e-1,2.3390157367e-8,1.4901161194e-8,1.7571432396e3,-1.9417419880e-3,8.0285791970e0,5.1093550170e-1,2.9768664260e-2,3.5321488976e-3
42.019388,1.7656289028e3,-1.4260953123e-4,1.4225031212e2,6.5732646519e-1,2.5011104299e-12,-1.4901161194e-8,1.7656289086e3,-1.4585124833e-4,3.6312578183e1,6.3045402900e-1,2.1496816771e-8,0.0000000000e0,1.7656228444e3,-1.8817834079e-3,8.0624974380e0,5.1154733353e-1,2.9268078562e-2,3.4147650003e-3
42.120408,1.7741287376e3,-1.4192137112e-4,1.4293029888e2,6.5737074523e-1,1.0913936421e-11,1.4901161194e-8,1.7741287453e3,-1.4513087210e-4,3.6482574917e1,6.3062042303e-1,1.9727849576e-8,0.0000000000e0,1.7741228550e3,-1.8236602098e-3,8.0964973064e0,5.1215585551e-1,2.8774736077e-2,3.3010020852e-3
42.221429,1.7826489822e3,-1.4123819218e-4,1.4361191842e2,6.5741471230e-1,4.7748471843e-12,0.0000000000e0,1.7826489923e3,-1.4441587982e-4,3.6652979857e1,6.3078568931e-1,1.8135779101e-8,7.4505805969e-9,1.7826432713e3,-1.7673206721e-3,8.1305788024e0,5.1276108893e-1,2.8288554490e-2,3.1907632947e-3
42.322449,1.7911896365e3,-1.4055994634e-4,1.4429517073e2,6.5745836933e-1,3.8653524825e-12,7.4505805969e-9,1.7911896495e3,-1.4370621732e-4,3.6823793001e1,6.3094983786e-1,1.6638296074e-8,-7.4505805969e-9,1.7911840935e3,-1.7127143751e-3,8.1647419264e0,5.1336305488e-1,2.7809452272e-2,3.0838921666e-3
42.423469,1.7997507005e3,-1.3988658613e-4,1.4498005581e2,6.5750171925e-1,1.1368683772e-11,-7.4505805969e-9,1.7997507170e3,-1.4300183115e-4,3.6995014350e1,6.3111287856e-1,1.5271325537e-8,-1.4901161194e-8,1.7997453218e3,-1.6597921542e-3,8.1989866785e0,5.1396177434e-1,2.7337348346e-2,2.9804110527e-3
42.524490,1.8083321740e3,-1.3921806460e-4,1.4566657364e2,6.5754476492e-1,2.5011104299e-12,7.4505805969e-9,1.8083321947e3,-1.4230266849e-4,3.7166643904e1,6.3127482123e-1,1.4012357497e-8,7.4505805969e-9,1.8083269560e3,-1.6085060742e-3,8.2333130591e0,5.1455726816e-1,2.6872162080e-2,2.8801336884e-3
42.625510,1.8169340568e3,-1.3855433541e-4,1.4635472420e2,6.5758750921e-1,5.0022208598e-12,-7.4505805969e-9,1.8169340826e3,-1.4160867723e-4,3.7338681663e1,6.3143567555e-1,1.2870941646e-8,7.4505805969e-9,1.8169289965e3,-1.5588094113e-3,8.2677210684e0,5.1514955703e-1,2.6413813416e-2,2.7829855680e-3
42.726531,1.8255563488e3,-1.3789535275e-4,1.4704450749e2,6.5762995492e-1,6.3664629124e-12,0.0000000000e0,1.8255563808e3,-1.4091980589e-4,3.7511127627e1,6.3159545110e-1,1.1787051335e-8,-1.4901161194e-8,1.8255514432e3,-1.5106566251e-3,8.3022107068e0,5.1573866151e-1,2.5962222830e-2,2.6888847351e-3
42.827551,1.8341990498e3,-1.3724107138e-4,1.4773592347e2,6.5767210485e-1,1.3642420527e-12,1.4901161194e-8,1.8341990893e3,-1.4023600364e-4,3.7683981796e1,6.3175415738e-1,1.0849362297e-8,-7.4505805969e-9,1.8341942963e3,-1.4640033318e-3,8.3367819744e0,5.1632460203e-1,2.5517311294e-2,2.5977492332e-3
42.928571,1.8428621594e3,-1.3659144658e-4,1.4842897214e2,6.5771396177e-1,1.4779288904e-11,7.4505805969e-9,1.8428622079e3,-1.3955722030e-4,3.7857244169e1,6.3191180376e-1,9.9282715382e-9,0.0000000000e0,1.8428575557e3,-1.4188062868e-3,8.3714348716e0,5.1690739887e-1,2.5079000415e-2,2.5094971061e-3
43.029592,1.8515456775e3,-1.3594643416e-4,1.4912365345e2,6.5775552839e-1,9.0949470177e-13,-7.4505805969e-9,1.8515457369e3,-1.3888340631e-4,3.8030914748e1,6.3206839952e-1,9.1235961008e-9,0.0000000000e0,1.8515412218e3,-1.3750233525e-3,8.4061693986e0,5.1748707219e-1,2.4647212283e-2,2.4240538478e-3
43.130612,1.8602496035e3,-1.3530599049e-4,1.4981996739e2,6.5779680745e-1,3.1832314562e-12,7.4505805969e-9,1.8602496760e3,-1.3821451271e-4,3.8204993531e1,6.3222395385e-1,8.3612121671e-9,0.0000000000e0,1.8602452944e3,-1.3326134757e-3,8.4409855557e0,5.1806364201e-1,2.4221869481e-2,2.3412927985e-3
43.231633,1.8689739372e3,-1.3467007241e-4,1.5051791390e2,6.5783780161e-1,1.3642420527e-12,-1.4901161194e-8,1.8689740255e3,-1.3755049119e-4,3.8379480519e1,6.3237847581e-1,7.6388460002e-9,-7.4505805969e-9,1.8689697737e3,-1.2915366749e-3,8.4758833431e0,5.1863712820e-1,2.3802895329e-2,2.2611767054e-3
43.332653,1.8777186779e3,-1.3403863731e-4,1.5121749294e2,6.5787851354e-1,2.7284841053e-12,7.4505805969e-9,1.8777187851e3,-1.3689129400e-4,3.8554375712e1,6.3253197439e-1,7.0037913247e-9,-7.4505805969e-9,1.8777146598e3,-1.2517539980e-3,8.5108627610e0,5.1920755052e-1,2.3390213472e-2,2.1836087108e-3
43.433673,1.8864838251e3,-1.3341164307e-4,1.5191870446e2,6.5791894588e-1,3.8653524825e-12,1.4901161194e-8,1.8864839550e3,-1.3623687400e-4,3.8729679110e1,6.3268445849e-1,6.4417235990e-9,7.4505805969e-9,1.8864799527e3,-1.2132275152e-3,8.5459238097e0,5.1977492859e-1,2.2983748205e-2,2.1085664630e-3
43.534694,1.8952693781e3,-1.3278904806e-4,1.5262154839e2,6.5795910125e-1,2.2737367544e-13,-7.4505805969e-9,1.8952695352e3,-1.3558718462e-4,3.8905390713e1,6.3283593689e-1,5.8553268900e-9,0.0000000000e0,1.8952656525e3,-1.1759202950e-3,8.5810664895e0,5.2033928188e-1,2.2583424461e-2,2.0359009504e-3
43.635714,1.9040753360e3,-1.3217081116e-4,1.5332602466e2,6.5799898225e-1,1.4779288904e-11,7.4505805969e-9,1.9040755256e3,-1.3494217987e-4,3.9081510521e1,6.3298641830e-1,5.3973963077e-9,0.0000000000e0,1.9040717594e3,-1.1397963753e-3,8.6162908005e0,5.2090062976e-1,2.2189167645e-2,1.9655749202e-3
43.736735,1.9129016978e3,-1.3155689172e-4,1.5403213317e2,6.5803859146e-1,7.5033312896e-12,-7.4505805969e-9,1.9129019262e3,-1.3430181433e-4,3.9258038533e1,6.3313591132e-1,4.9228674470e-9,0.0000000000e0,1.9128982733e3,-1.1048207457e-3,8.6515967430e0,5.2145899143e-1,2.1800903733e-2,1.8974989653e-3
43.837755,1.9217484624e3,-1.3094724957e-4,1.5473987383e2,6.5807793145e-1,3.4106051316e-12,7.4505805969e-9,1.9217487371e3,-1.3366604313e-4,3.9434974751e1,6.3328442446e-1,4.4926764531e-9,-1.4901161194e-8,1.9217451944e3,-1.0709593278e-3,8.6869843172e0,5.2201438601e-1,2.1418559308e-2,1.8316358328e-3
43.938776,1.9306156283e3,-1.3034184502e-4,1.5544924651e2,6.5811700478e-1,1.2505552149e-11,1.4901161194e-8,1.9306159582e3,-1.3303482194e-4,3.9612319173e1,6.3343196616e-1,4.1341081669e-9,7.4505805969e-9,1.9306125228e3,-1.0381789494e-3,8.7224535233e0,5.2256683244e-1,2.1042061450e-2,1.7679333687e-3
44.039796,1.9395031941e3,-1.2974063883e-4,1.5616025106e2,6.5815581400e-1,1.0913936421e-11,1.4901161194e-8,1.9395035896e3,-1.3240810697e-4,3.9790071801e1,6.3357854474e-1,3.7653080653e-9,0.0000000000e0,1.9395002584e3,-1.0064473349e-3,8.7580043616e0,5.2311634956e-1,2.0671338001e-2,1.7063096166e-3
44.140816,1.9484111578e3,-1.2914359225e-4,1.5687288732e2,6.5819436163e-1,3.1832314562e-12,-7.4505805969e-9,1.9484116312e3,-1.3178585498e-4,3.9968232633e1,6.3372416846e-1,3.4362983570e-9,0.0000000000e0,1.9484084014e3,-9.7573305882e-4,8.7936368322e0,5.2366295608e-1,2.0306316932e-2,1.6466528177e-3
44.241837,1.9573395172e3,-1.2855066695e-4,1.5758715509e2,6.5823265022e-1,3.1832314562e-12,-1.4901161194e-8,1.9573400830e3,-1.3116802324e-4,4.0146801670e1,6.3386884549e-1,3.1707259041e-9,7.4505805969e-9,1.9573369518e3,-9.4600556737e-4,8.8293509354e0,5.2420667057e-1,1.9946927354e-2,1.5889927745e-3
44.342857,1.9662882697e3,-1.2796182509e-4,1.5830305414e2,6.5827068231e-1,5.2295945352e-12,7.4505805969e-9,1.9662889452e3,-1.3055456953e-4,4.0325778912e1,6.3401258388e-1,2.8869635571e-9,0.0000000000e0,1.9662859098e3,-9.1723512071e-4,8.8651466714e0,5.2474751150e-1,1.9593098591e-2,1.5331953764e-3
44.443878,1.9752574125e3,-1.2737702924e-4,1.5902058421e2,6.5830846041e-1,3.8653524825e-12,0.0000000000e0,1.9752582175e3,-1.2994545214e-4,4.0505164359e1,6.3415539164e-1,2.6379893825e-9,7.4505805969e-9,1.9752552753e3,-8.8939278953e-4,8.9010240404e0,5.2528549718e-1,1.9244760565e-2,1.4792457223e-3
44.544898,1.9842469419e3,-1.2679624243e-4,1.5973974499e2,6.5834598708e-1,6.5938365879e-12,7.4505805969e-9,1.9842479001e3,-1.2934062989e-4,4.0684958011e1,6.3429727668e-1,2.3997017706e-9,0.0000000000e0,1.9842450484e3,-8.6245044261e-4,8.9369830425e0,5.2582064582e-1,1.8901843964e-2,1.4270693064e-3
44.645918,1.9932568541e3,-1.2621942812e-4,1.6046053611e2,6.5838326487e-1,1.4324541553e-11,-7.4505805969e-9,1.9932579929e3,-1.2874006204e-4,4.0865159867e1,6.3443824682e-1,2.1941559680e-9,0.0000000000e0,1.9932552293e3,-8.3638071057e-4,8.9730236779e0,5.2635297549e-1,1.8564279792e-2,1.3766288757e-3
44.746939,2.0022871442e3,-1.2564655021e-4,1.6118295716e2,6.5842029635e-1,1.5006662579e-11,0.0000000000e0,2.0022884960e3,-1.2814370839e-4,4.1045769929e1,6.3457830979e-1,2.0227162167e-9,0.0000000000e0,2.0022858179e3,-8.1115698959e-4,9.0091459469e0,5.2688250415e-1,1.8231999944e-2,1.3278499246e-3
44.847959,2.0113378070e3,-1.2507757302e-4,1.6190700766e2,6.5845708410e-1,7.9580786405e-12,-1.4901161194e-8,2.0113394093e3,-1.2755152919e-4,4.1226788195e1,6.3471747328e-1,1.7985257728e-9,1.4901161194e-8,2.0113368144e3,-7.8675340232e-4,9.0453498496e0,5.2740924964e-1,1.7904936643e-2,1.2807101011e-3
44.948980,2.0204088361e3,-1.2451246129e-4,1.6263268705e2,6.5849363073e-1,5.2295945352e-12,0.0000000000e0,2.0204107329e3,-1.2696348517e-4,4.1408214667e1,6.3485574485e-1,1.6743797460e-9,0.0000000000e0,2.0204082187e3,-7.6314478993e-4,9.0816353863e0,5.2793322965e-1,1.7583022698e-2,1.2351274490e-3
45.050000,2.0295002243e3,-1.2395118021e-4,1.6335999469e2,6.5852993890e-1,4.3200998334e-12,-7.4505805969e-9,2.0295024667e3,-1.2637953751e-4,4.1590049343e1,6.3499313201e-1,1.5156729205e-9,-7.4505805969e-9,2.0295000310e3,-7.4030669827e-4,9.1180025570e0,5.2845446178e-1,1.7266191600e-2,1.1910721660e-3
45.151020,2.0386119633e3,-1.2339369536e-4,1.6408892984e2,6.5856601130e-1,6.5938365879e-12,-7.4505805969e-9,2.0386146108e3,-1.2579964788e-4,4.1772292224e1,6.3512964220e-1,1.3953922462e-9,7.4505805969e-9,2.0386122513e3,-7.1821536051e-4,9.1544513619e0,5.2897296349e-1,1.6954377519e-2,1.1484622955e-3
45.252041,2.0477440435e3,-1.2283997274e-4,1.6481949164e2,6.5860185064e-1,1.0459189070e-11,-7.4505805969e-9,2.0477471651e3,-1.2522377839e-4,4.1954943310e1,6.3526528276e-1,1.2835243979e-9,-7.4505805969e-9,2.0477448797e3,-6.9684766837e-4,9.1909818013e0,5.2948875214e-1,1.6647514952e-2,1.1073350906e-3
45.353061,2.0568964539e3,-1.2228997879e-4,1.6555167913e2,6.5863745972e-1,8.1854523160e-12,-1.4901161194e-8,2.0569001296e3,-1.2465189157e-4,4.2138002601e1,6.3540006096e-1,1.1641532183e-9,0.0000000000e0,2.0568979161e3,-6.7618116906e-4,9.2275938753e0,5.3000184494e-1,1.6345539101e-2,1.0675638914e-3
45.454082,2.0660691817e3,-1.2174368032e-4,1.6628549118e2,6.5867284140e-1,1.1368683772e-11,-2.9802322388e-8,2.0660735044e3,-1.2408395043e-4,4.2321470097e1,6.3553398401e-1,1.1023075785e-9,-2.9802322388e-8,2.0660713608e3,-6.5619404936e-4,9.2642875840e0,5.3051225901e-1,1.6048385892e-2,1.0291188955e-3
45.555102,2.0752622126e3,-1.2120104460e-4,1.6702092651e2,6.5870799858e-1,1.1823431123e-11,0.0000000000e0,2.0752672895e3,-1.2351991840e-4,4.2505345797e1,6.3566705903e-1,9.9453245639e-10,2.9802322388e-8,2.0752652136e3,-6.3686510063e-4,9.3010629277e0,5.3102001134e-1,1.5755991372e-2,9.9201500416e-4
45.656122,2.0844755298e3,-1.2066203928e-4,1.6775798365e2,6.5874293429e-1,1.4551915228e-11,0.0000000000e0,2.0844814847e3,-1.2295975931e-4,4.2689629703e1,6.3579929308e-1,9.1813490144e-10,1.4901161194e-8,2.0844794748e3,-6.1817374466e-4,9.3379199064e0,5.3152511880e-1,1.5468292998e-2,9.5613300800e-4
45.757143,2.0937091144e3,-1.2012663243e-4,1.6849666092e2,6.5877765161e-1,2.1827872843e-11,0.0000000000e0,2.0937160903e3,-1.2240343745e-4,4.2874321813e1,6.3593069313e-1,8.1990947365e-10,1.4901161194e-8,2.0937141442e3,-6.0009996217e-4,9.3748585203e0,5.3202759815e-1,1.5185227860e-2,9.2151761055e-4
45.858163,2.1029629447e3,-1.1959479254e-4,1.6923695642e2,6.5881215375e-1,3.3196556615e-11,-2.9802322388e-8,2.1029711060e3,-1.2185091751e-4,4.3059422129e1,6.3606126609e-1,7.5260686572e-10,-1.4901161194e-8,2.1029692221e3,-5.8262432619e-4,9.4118787697e0,5.3252746604e-1,1.4906734203e-2,8.8804960251e-4
45.959184,2.1122369960e3,-1.1906648851e-4,1.6997886797e2,6.5884644404e-1,1.7735146685e-11,-1.4901161194e-8,2.1122465321e3,-1.2130216459e-4,4.3244930649e1,6.3619101880e-1,6.4619598561e-10,1.4901161194e-8,2.1122447083e3,-5.6572796704e-4,9.4489806545e0,5.3302473900e-1,1.4632750781e-2,8.5575878620e-4
46.060204,2.1215312404e3,-1.1854168966e-4,1.7072239310e2,6.5888052593e-1,3.1832314562e-11,1.4901161194e-8,2.1215423683e3,-1.2075714418e-4,4.3430847374e1,6.3631995804e-1,6.2391336542e-10,-1.4901161194e-8,2.1215406030e3,-5.4939255805e-4,9.4861641750e0,5.3351943343e-1,1.4363216846e-2,8.2452595234e-4
46.161224,2.1308456458e3,-1.1802036571e-4,1.7146752901e2,6.5891440301e-1,3.5925040720e-11,-1.4901161194e-8,2.1308586148e3,-1.2021582219e-4,4.3617172304e1,6.3644809050e-1,5.2750692703e-10,0.0000000000e0,2.1308569063e3,-5.3360029965e-4,9.5234293312e0,5.3401156563e-1,1.4098072066e-2,7.9441070557e-4
46.262245,2.1401801761e3,-1.1750248682e-4,1.7221427253e2,6.5894807906e-1,4.2291503632e-11,2.9802322388e-8,2.1401952716e3,-1.1967816491e-4,4.3803905439e1,6.3657542282e-1,4.7566572903e-10,0.0000000000e0,2.1401936181e3,-5.1833392224e-4,9.5607761234e0,5.3450115181e-1,1.3837257107e-2,7.6530873775e-4
46.363265,2.1495347904e3,-1.1698802359e-4,1.7296262005e2,6.5898155801e-1,5.6388671510e-11,0.0000000000e0,2.1495523386e3,-1.1914413902e-4,4.3991046779e1,6.3670196156e-1,4.5292836148e-10,0.0000000000e0,2.1495507385e3,-5.0357664739e-4,9.5982045517e0,5.3498820802e-1,1.3580712734e-2,7.3719024658e-4
46.464286,2.1589094424e3,-1.1647694702e-4,1.7371256753e2,6.5901484399e-1,5.9571902966e-11,-2.9802322388e-8,2.1589298158e3,-1.1861371158e-4,4.4178596324e1,6.3682771321e-1,3.8471625885e-10,0.0000000000e0,2.1589282676e3,-4.8931220120e-4,9.6357146162e0,5.3547275023e-1,1.3328380749e-2,7.1007013321e-4
46.565306,2.1683040798e3,-1.1596922857e-4,1.7446411038e2,6.5904794135e-1,5.1841198001e-11,0.0000000000e0,2.1683277033e3,-1.1808685003e-4,4.4366554073e1,6.3695268423e-1,4.1472958401e-10,0.0000000000e0,2.1683262054e3,-4.7552477893e-4,9.6733063170e0,5.3595479431e-1,1.3080203178e-2,6.8388879299e-4
46.666327,2.1777186436e3,-1.1546484014e-4,1.7521724345e2,6.5908085468e-1,8.2309270510e-11,0.0000000000e0,2.1777460010e3,-1.1756352218e-4,4.4554920028e1,6.3707688096e-1,3.7789504859e-10,-2.9802322388e-8,2.1777445519e3,-4.6219904404e-4,9.7109796543e0,5.3643435599e-1,1.2836122679e-2,6.5864622593e-4
46.767347,2.1871530676e3,-1.1496375408e-4,1.7597196094e2,6.5911358878e-1,8.9585228125e-11,-1.4901161194e-8,2.1871847090e3,-1.1704369621e-4,4.4743694187e1,6.3720030972e-1,3.3060132409e-10,-1.4901161194e-8,2.1871833071e3,-4.4932012032e-4,9.7487346281e0,5.3691145091e-1,1.2596082725e-2,6.3422322273e-4
46.868367,2.1966072773e3,-1.1446594320e-4,1.7672825635e2,6.5914614878e-1,9.4132701633e-11,1.4901161194e-8,2.1966438272e3,-1.1652734064e-4,4.4932876551e1,6.3732297675e-1,2.7011992643e-10,0.0000000000e0,2.1966424712e3,-4.3687356360e-4,9.7865712386e0,5.3738609459e-1,1.2360026958e-2,6.1069428921e-4
46.969388,2.2060811890e3,-1.1397138079e-4,1.7748612239e2,6.5917854006e-1,1.2096279534e-10,0.0000000000e0,2.2061233557e3,-1.1601442437e-4,4.5122467120e1,6.3744488823e-1,2.7330315788e-10,1.4901161194e-8,2.2061220442e3,-4.2484536860e-4,9.8244894859e0,5.3785830246e-1,1.2127899919e-2,5.8797001839e-4
47.070408,2.2155747092e3,-1.1348004063e-4,1.7824555089e2,6.5921076832e-1,1.2050804798e-10,-1.4901161194e-8,2.2156232944e3,-1.1550491666e-4,4.5312465895e1,6.3756605028e-1,2.6602720027e-10,1.4901161194e-8,2.2156220260e3,-4.1322194589e-4,9.8624893702e0,5.3832808982e-1,1.1899646588e-2,5.6609511375e-4
47.171429,2.2250877331e3,-1.1299189697e-4,1.7900653274e2,6.5924283963e-1,1.3233147911e-10,0.0000000000e0,2.2251436433e3,-1.1499878707e-4,4.5502872874e1,6.3768646894e-1,2.0463630790e-10,0.0000000000e0,2.2251424168e3,-4.0199011219e-4,9.9005708915e0,5.3879547188e-1,1.1675212437e-2,5.4492056370e-4
47.272449,2.2346201439e3,-1.1250692460e-4,1.7976905777e2,6.5927476037e-1,1.6007106751e-10,-1.4901161194e-8,2.2346844025e3,-1.1449600555e-4,4.5693688057e1,6.3780615023e-1,1.7234924599e-10,-1.4901161194e-8,2.2346832165e3,-3.9113708592e-4,9.9387340499e0,5.3926046375e-1,1.1454543699e-2,5.2456557751e-4
47.373469,2.2441718112e3,-1.1202509880e-4,1.8053311465e2,6.5930653735e-1,1.9690560293e-10,1.4901161194e-8,2.2442455720e3,-1.1399654236e-4,4.5884911446e1,6.3792510008e-1,1.5052137314e-10,-2.9802322388e-8,2.2442444253e3,-3.8065046825e-4,9.9769788456e0,5.3972308041e-1,1.1237587022e-2,5.0486624241e-4
47.474490,2.2537425901e3,-1.1154639542e-4,1.8129869079e2,6.5933817776e-1,2.2737367544e-10,1.4901161194e-8,2.2538271517e3,-1.1350036811e-4,4.6076543040e1,6.3804332435e-1,1.5961632016e-10,-1.4901161194e-8,2.2538260430e3,-3.7051823621e-4,1.0015305279e1,5.4018333676e-1,1.1024289612e-2,4.8586726189e-4
47.575510,2.2633323193e3,-1.1107079086e-4,1.8206577220e2,6.5936968922e-1,2.4874680093e-10,-1.4901161194e-8,2.2634291416e3,-1.1300745373e-4,4.6268582838e1,6.3816082888e-1,1.5916157281e-10,1.4901161194e-8,2.2634280699e3,-3.6072873318e-4,1.0053713349e1,5.4064124758e-1,1.0814599264e-2,4.6762824059e-4
47.676531,2.2729408201e3,-1.1059826208e-4,1.8283434340e2,6.5940107982e-1,2.8694557841e-10,-2.9802322388e-8,2.2730515418e3,-1.1251777046e-4,4.6461030842e1,6.3827761943e-1,1.1732481653e-10,0.0000000000e0,2.2730505058e3,-3.5127065671e-4,1.0092203057e1,5.4109682757e-1,1.0608464258e-2,4.4992566109e-4
47.777551,2.2825678946e3,-1.1012878664e-4,1.8360438724e2,6.5943235810e-1,3.1468516681e-10,-1.4901161194e-8,2.2826943522e3,-1.1203128987e-4,4.6653887050e1,6.3839370169e-1,9.7770680441e-11,-1.4901161194e-8,2.2826933509e3,-3.4213305710e-4,1.0130774403e1,5.4155009130e-1,1.0405833752e-2,4.3296813965e-4
47.878571,2.2922133239e3,-1.0966234273e-4,1.8437588478e2,6.5946353312e-1,3.6470737541e-10,1.4901161194e-8,2.2923575728e3,-1.1154798386e-4,4.6847151464e1,6.3850908133e-1,1.0413714335e-10,-1.4901161194e-8,2.2923566051e3,-3.3330530896e-4,1.0169427386e1,5.4200105325e-1,1.0206656882e-2,4.1653215885e-4
47.979592,2.3018768664e3,-1.0919890915e-4,1.8514881514e2,6.5949461445e-1,4.1472958401e-10,-1.4901161194e-8,2.3020412038e3,-1.1106782462e-4,4.7040824082e1,6.3862376393e-1,1.0004441720e-10,1.4901161194e-8,2.3020402686e3,-3.2477712373e-4,1.0208162007e1,5.4244972781e-1,1.0010883792e-2,4.0067732334e-4
48.080612,2.3115582561e3,-1.0873846539e-4,1.8592315533e2,6.5952561220e-1,4.8112269724e-10,0.0000000000e0,2.3117452449e3,-1.1059078465e-4,4.7234904905e1,6.3873775503e-1,7.6852302300e-11,-1.4901161194e-8,2.3117443412e3,-3.1653852714e-4,1.0246978267e1,5.4289612925e-1,9.8184649978e-3,3.8546323776e-4
48.181633,2.3212572000e3,-1.0828099158e-4,1.8669888009e2,6.5955653702e-1,5.2568793762e-10,-1.4901161194e-8,2.3214696963e3,-1.1011683677e-4,4.7429393933e1,6.3885106012e-1,9.9134922493e-11,0.0000000000e0,2.3214688231e3,-3.0857985615e-4,1.0285876164e1,5.4334027176e-1,9.6293516608e-3,3.7074089050e-4
48.282653,2.3309733767e3,-1.0782646860e-4,1.8747596171e2,6.5958740014e-1,5.9890226112e-10,1.4901161194e-8,2.3312145580e3,-1.0964595407e-4,4.7624291165e1,6.3896368462e-1,4.1382008931e-11,1.4901161194e-8,2.3312137143e3,-3.0089174452e-4,1.0324855699e1,5.4378216941e-1,9.4434952930e-3,3.5659968853e-4
48.383673,2.3407064337e3,-1.0737487804e-4,1.8825436981e2,6.5961821339e-1,7.0076566772e-10,1.4901161194e-8,2.3409798298e3,-1.0917810995e-4,4.7819596603e1,6.3907563392e-1,7.8671291703e-11,1.4901161194e-8,2.3409790148e3,-2.9346511974e-4,1.0363916872e1,5.4422183620e-1,9.2608480254e-3,3.4293532372e-4
48.484694,2.3504559854e3,-1.0692620224e-4,1.8903407122e2,6.5964898917e-1,7.7261574916e-10,2.9802322388e-8,2.3507655120e3,-1.0871327810e-4,4.8015310246e1,6.3918691335e-1,7.0031092037e-11,-1.4901161194e-8,2.3507647247e3,-2.8629119767e-4,1.0403059684e1,5.4465928601e-1,9.0813627712e-3,3.2974779606e-4
48.585714,2.3602216106e3,-1.0648042433e-4,1.8981502972e2,6.5967974049e-1,8.7447915575e-10,-1.4901161194e-8,2.3605716044e3,-1.0825143250e-4,4.8211432093e1,6.3929752816e-1,6.8212102633e-11,2.9802322388e-8,2.3605708439e3,-2.7936146273e-4,1.0442284134e1,5.4509453263e-1,8.9049925873e-3,3.1709671021e-4
48.686735,2.3700028499e3,-1.0603752826e-4,1.9059720584e2,6.5971048096e-1,9.8771124613e-10,0.0000000000e0,2.3703981070e3,-1.0779254741e-4,4.8407962146e1,6.3940748360e-1,5.6388671510e-11,0.0000000000e0,2.3703973725e3,-2.7266767083e-4,1.0481590223e1,5.4552758976e-1,8.7316912482e-3,3.0489265919e-4
48.787755,2.3797992033e3,-1.0559749880e-4,1.9138055668e2,6.5974122482e-1,1.0950316209e-9,-1.4901161194e-8,2.3802450199e3,-1.0733659736e-4,4.8604900403e1,6.3951678482e-1,4.8203219194e-11,0.0000000000e0,2.3802443105e3,-2.6620183920e-4,1.0520977950e1,5.4595847098e-1,8.5614131158e-3,2.9309093952e-4
48.888776,2.3896101278e3,-1.0516032158e-4,1.9216503567e2,6.5977198686e-1,1.2369127944e-9,-1.4901161194e-8,2.3901123430e3,-1.0688355717e-4,4.8802246865e1,6.3962543696e-1,3.9108272176e-11,2.9802322388e-8,2.3901116580e3,-2.5995623298e-4,1.0560447315e1,5.4638718982e-1,8.3941127873e-3,2.8175115585e-4
48.989796,2.3994350344e3,-1.0472598315e-4,1.9295059235e2,6.5980278252e-1,1.3642420527e-9,-1.4901161194e-8,2.4000000763e3,-1.0643340193e-4,4.9000001533e1,6.3973344507e-1,3.7744030124e-11,-1.4901161194e-8,2.3999994149e3,-2.5392337139e-4,1.0599998319e1,5.4681375967e-1,8.2297458803e-3,2.7085840702e-4
49.090816,2.4092732855e3,-1.0429447093e-4,1.9373717215e2,6.5983362778e-1,1.5302248357e-9,1.4901161194e-8,2.4099082199e3,-1.0598610698e-4,4.9198164405e1,6.3984081420e-1,5.1386450650e-11,1.4901161194e-8,2.4099075813e3,-2.4809600494e-4,1.0639630962e1,5.4723819386e-1,8.0682681082e-3,2.6029348373e-4
49.191837,2.4191241924e3,-1.0386577329e-4,1.9452471618e2,6.5986453918e-1,1.7039383238e-9,-1.4901161194e-8,2.4198367738e3,-1.0554164795e-4,4.9396735481e1,6.3994754931e-1,4.4110493036e-11,1.4901161194e-8,2.4198361572e3,-2.4246711835e-4,1.0679345244e1,5.4766050560e-1,7.9096358540e-3,2.5016069412e-4
49.292857,2.4289870126e3,-1.0343987958e-4,1.9531316097e2,6.5989553379e-1,1.9053914002e-9,-1.4901161194e-8,2.4297857379e3,-1.0510000072e-4,4.9595714763e1,6.4005365533e-1,2.2737367544e-11,-2.9802322388e-8,2.4297851426e3,-2.3702992042e-4,1.0719141164e1,5.4808070804e-1,7.7538059659e-3,2.4040043354e-4
49.393878,2.4388609467e3,-1.0301678011e-4,1.9610243831e2,6.5992662919e-1,2.1254891180e-9,1.4901161194e-8,2.4397551122e3,-1.0466114143e-4,4.9795102250e1,6.4015913714e-1,3.4560798667e-11,0.0000000000e0,2.4397545376e3,-2.3177783960e-4,1.0759018723e1,5.4849881420e-1,7.6007358880e-3,2.3104250431e-4
49.494898,2.4487451362e3,-1.0259646620e-4,1.9689247497e2,6.5995784340e-1,2.3746906663e-9,0.0000000000e0,2.4497448968e3,-1.0422504647e-4,4.9994897942e1,6.4026399957e-1,8.1854523160e-12,-1.4901161194e-8,2.4497443421e3,-2.2670451516e-4,1.0798977922e1,5.4891483705e-1,7.4503835058e-3,2.2201240063e-4
49.595918,2.4586386610e3,-1.0217893017e-4,1.9768319254e2,6.5998919488e-1,2.6343514037e-9,2.9802322388e-8,2.4597550916e3,-1.0379169248e-4,5.0195101838e1,6.4036824742e-1,3.1832314562e-11,0.0000000000e0,2.4597545563e3,-2.2180379012e-4,1.0839018759e1,5.4932878944e-1,7.3027070766e-3,2.1331012249e-4
49.696939,2.4685405365e3,-1.0176416540e-4,1.9847450721e2,6.6002070241e-1,2.9176590033e-9,0.0000000000e0,2.4697856967e3,-1.0336105636e-4,5.0395713940e1,6.4047188542e-1,5.4569682106e-12,0.0000000000e0,2.4697851801e3,-2.1706971039e-4,1.0879141235e1,5.4974068413e-1,7.1576655778e-3,2.0489096642e-4
49.797959,2.4784497115e3,-1.0135216629e-4,1.9926632956e2,6.6005238511e-1,3.2450770959e-9,-2.9802322388e-8,2.4798367120e3,-1.0293311524e-4,5.0596734246e1,6.4057491827e-1,2.7739588404e-11,-1.4901161194e-8,2.4798362134e3,-2.1249651739e-4,1.0919345351e1,5.5015053382e-1,7.0152186231e-3,1.9679963589e-4
49.898980,2.4883650660e3,-1.0094292831e-4,2.0005856441e2,6.6008426232e-1,3.5997800296e-9,0.0000000000e0,2.4899081376e3,-1.0250784652e-4,5.0798162757e1,6.4067735062e-1,3.4106051316e-11,-1.4901161194e-8,2.4899076565e3,-2.0807863109e-4,1.0959631105e1,5.5055835108e-1,6.8753256578e-3,1.8902122974e-4
50.000000,2.4982854090e3,-1.0053644795e-4,2.0085111066e2,6.6011635352e-1,3.9663063944e-9,-1.4901161194e-8,2.4999999734e3,-1.0208522779e-4,5.0999999473e1,6.4077918709e-1,2.5011104299e-11,-2.9802322388e-8,2.4999995092e3,-2.0381066571e-4,1.0999998499e1,5.5096414844e-1,6.7379474685e-3,1.8158555031e-4
