lambda,ntilde_eta50,sigmaz_eta50,x2_eta50,u4x_eta50,gap_eta50,cv_eta50,ntilde_eta200,sigmaz_eta200,x2_eta200,u4x_eta200,gap_eta200,cv_eta200,ntilde_eta1000,sigmaz_eta1000,x2_eta1000,u4x_eta1000,gap_eta1000,cv_eta1000
0.500000,2.4038463041e-1,-9.9043253389e-1,1.0194211832e0,2.3978330665e-4,9.9004595052e-1,0.0000000000e0,2.4752474540e-1,-9.9752784404e-1,1.0049628403e0,1.6220979353e-5,9.9750306036e-1,0.0000000000e0,2.4950099861e-1,-9.9950112273e-1,1.0009985027e0,6.6304268231e-7,9.9950012448e-1,0.0000000000e0
0.601020,3.4739126677e-1,-9.8620426295e-1,1.0280652660e0,4.9236705934e-4,9.8564932852e-1,0.0000000000e0,3.5765296474e-1,-9.9642992228e-1,1.0071708776e0,3.3717539509e-5,9.9639417170e-1,0.0000000000e0,3.6050468335e-1,-9.9927925102e-1,1.0014427392e0,1.3830353758e-6,9.9927780912e-1,0.0000000000e0
0.702041,4.7408054875e-1,-9.8122249592e-1,1.0382983754e0,8.9893563283e-4,9.8047117138e-1,0.0000000000e0,4.8799319742e-1,-9.9513207401e-1,1.0097841439e0,6.2446405284e-5,9.9508339120e-1,0.0000000000e0,4.9187802255e-1,-9.9901672865e-1,1.0019684949e0,2.5719963693e-6,9.9901476207e-1,0.0000000000e0
0.803061,6.2047546815e-1,-9.7549840000e-1,1.0501218968e0,1.5052582655e-3,9.7452403561e-1,0.0000000000e0,6.3854698479e-1,-9.9363507629e-1,1.0128026623e0,1.0628482944e-4,9.9357151920e-1,0.0000000000e0,6.4362107276e-1,-9.9871358765e-1,1.0025757699e0,4.3983488913e-6,9.9871101551e-1,0.0000000000e0
0.904082,7.8660227449e-1,-9.6904477048e-1,1.0635374129e0,2.3583873069e-3,9.6782228637e-1,0.0000000000e0,8.0931616727e-1,-9.9193982397e-1,1.0162264606e0,1.6958547883e-4,9.9185947796e-1,0.0000000000e0,8.1573398207e-1,-9.9836986481e-1,1.0032645647e0,7.0555302419e-6,9.9836660662e-1,0.0000000000e0
1.005102,9.7249026544e-1,-9.6187598988e-1,1.0785466894e0,3.5048428069e-3,9.6038203938e-1,0.0000000000e0,1.0003027630e0,-9.9004733001e-1,1.0200555689e0,2.5712616052e-4,9.8994831070e-1,0.0000000000e0,1.0082167449e0,-9.9798560220e-1,1.0040348793e0,1.0761519976e-5,9.9798157752e-1,0.0000000000e0
1.106122,1.1781717256e0,-9.5400797551e-1,1.0951516732e0,4.9889238505e-3,9.5222109604e-1,0.0000000000e0,1.2115089870e0,-9.8795872425e-1,1.0242900204e0,3.7405539148e-4,9.8783918055e-1,0.0000000000e0,1.2210694822e0,-9.9756084658e-1,1.0048867141e0,1.5758317625e-5,9.9755597532e-1,0.0000000000e0
1.207143,1.4036815865e0,-9.4545813184e-1,1.1133544689e0,6.8512146452e-3,9.4335887214e-1,0.0000000000e0,1.4429374108e0,-9.8567525072e-1,1.0289298539e0,5.2583473729e-4,9.8553336938e-1,0.0000000000e0,1.4542923204e0,-9.9709564962e-1,1.0058200694e0,2.2311358900e-5,9.9708985206e-1,0.0000000000e0
1.308163,1.6490574496e0,-9.3624528351e-1,1.1331573445e0,9.1273419124e-3,9.3381632062e-1,0.0000000000e0,1.6945907690e0,-9.8319826831e-1,1.0339751108e0,7.1817849688e-4,9.8303227647e-1,0.0000000000e0,1.7078853682e0,-9.9659006798e-1,1.0068349456e0,3.0708878057e-5,9.9658326472e-1,0.0000000000e0
1.409184,1.9143391072e0,-9.2638962217e-1,1.1545626963e0,1.1847009395e-2,9.2361584872e-1,0.0000000000e0,1.9664719024e0,-9.8052924997e-1,1.0394258331e0,9.5699180412e-4,9.8033741714e-1,0.0000000000e0,1.9818484383e0,-9.9604416382e-1,1.0079313417e0,4.1261206705e-5,9.9603627518e-1,0.0000000000e0
1.510204,2.1995686537e0,-9.1591262606e-1,1.1775730634e0,1.5033332187e-2,9.1278123009e-1,0.0000000000e0,2.2585840282e0,-9.7766977853e-1,1.0452820695e0,1.2483083178e-3,9.7745042119e-1,0.0000000000e0,2.2761825417e0,-9.9545800181e-1,1.0091092618e0,5.4300096393e-5,9.9544895030e-1,0.0000000000e0
1.611224,2.5047898403e0,-9.0483700314e-1,1.2021910790e0,1.8702453786e-2,9.0133751226e-1,0.0000000000e0,2.5709304666e0,-9.7462154792e-1,1.0515438696e0,1.5982276057e-3,9.7437303124e-1,0.0000000000e0,2.5908868379e0,-9.9483165520e-1,1.0103687023e0,7.0177805165e-5,9.9482136177e-1,0.0000000000e0
1.712245,2.8300484220e0,-8.9318659344e-1,1.2284195043e0,2.2863445993e-2,8.8931092003e-1,0.0000000000e0,2.9035148350e0,-9.7138635947e-1,1.0582112880e0,2.0128538993e-3,9.7110710101e-1,0.0000000000e0,2.9259619938e0,-9.9416519912e-1,1.0117096657e0,8.9266409654e-5,9.9415358621e-1,0.0000000000e0
1.813265,3.1753911929e0,-8.8098631515e-1,1.2562611549e0,2.7518435394e-2,8.7672875527e-1,0.0000000000e0,3.2563408843e0,-9.6796612179e-1,1.0652843810e0,2.4982362011e-3,9.6765459347e-1,0.0000000000e0,3.2814080047e0,-9.9345871489e-1,1.0131321518e0,1.1195683402e-4,9.9344570508e-1,0.0000000000e0
1.914286,3.5408662898e0,-8.6826206117e-1,1.2857189309e0,3.2662950261e-2,8.6361929374e-1,0.0000000000e0,3.6294125619e0,-9.6436284825e-1,1.0727632078e0,3.0603110475e-3,9.6401757882e-1,0.0000000000e0,3.6572251135e0,-9.9271228818e-1,1.0146361615e0,1.3865798231e-4,9.9269780472e-1,0.0000000000e0
2.015306,3.9265228680e0,-8.5504061558e-1,1.3167957957e0,3.8286424161e-2,8.5001167935e-1,0.0000000000e0,4.0227340558e0,-9.6057865454e-1,1.0806478313e0,3.7048483408e-3,9.6019823246e-1,0.0000000000e0,4.0534134879e0,-9.9192600966e-1,1.0162216952e0,1.6979577094e-4,9.9190997628e-1,0.0000000000e0
2.116327,4.3324104788e0,-8.4134957704e-1,1.3494947312e0,4.4372816577e-2,8.3593581653e-1,0.0000000000e0,4.4363097119e0,-9.5661575742e-1,1.0889383170e0,4.4374005875e-3,9.5619883282e-1,0.0000000000e0,4.4699733113e0,-9.9109997474e-1,1.0178887535e0,2.0581215080e-4,9.9108231577e-1,0.0000000000e0
2.217347,4.7585792791e0,-8.2721725137e-1,1.3838187599e0,5.0901327151e-2,8.2142226122e-1,0.0000000000e0,4.8701439875e0,-9.5247647296e-1,1.0976347315e0,5.2632562084e-3,9.5202175908e-1,0.0000000000e0,4.9069047900e0,-9.9023428360e-1,1.0196373370e0,2.4716409478e-4,9.9021492393e-1,0.0000000000e0
2.318367,5.2050793638e0,-8.1267257210e-1,1.4197708964e0,5.7847141487e-2,8.0650211105e-1,0.0000000000e0,5.3242415664e0,-9.4816321316e-1,1.1067371451e0,6.1873975979e-3,9.4766948882e-1,0.0000000000e0,5.3642081132e0,-9.8932904123e-1,1.0214674462e0,2.9432255330e-4,9.8930790634e-1,0.0000000000e0
2.419388,5.6719607755e0,-7.9774499666e-1,1.4573541537e0,6.5182199230e-2,7.9120689518e-1,0.0000000000e0,5.7986073255e0,-9.4367848393e-1,1.1162456312e0,7.2144636711e-3,9.4314459558e-1,0.0000000000e0,5.8418835451e0,-9.8838435718e-1,1.0233790820e0,3.4777139914e-4,9.8836137331e-1,0.0000000000e0
2.520408,6.1592732493e0,-7.8246441087e-1,1.4965715273e0,7.2875943347e-2,7.7556846447e-1,0.0000000000e0,6.2932462930e0,-9.3902488304e-1,1.1261602655e0,8.3487172978e-3,9.3844974630e-1,0.0000000000e0,6.3399312359e0,-9.8740034600e-1,1.0253722448e0,4.0800632100e-4,9.8737543987e-1,0.0000000000e0
2.621429,6.6670656296e0,-7.6686104270e-1,1.5374259540e0,8.0896027896e-2,7.5961888240e-1,0.0000000000e0,6.8081634698e0,-9.3420509923e-1,1.1364811223e0,9.5940174081e-3,9.3358769873e-1,0.0000000000e0,6.8583514836e0,-9.8637712661e-1,1.0274469355e0,4.7553374996e-4,9.8635022578e-1,0.0000000000e0
2.722449,7.1953862460e0,-7.5096534639e-1,1.5799203467e0,8.9208988744e-2,7.4339031732e-1,0.0000000000e0,7.3433644253e0,-9.2922190407e-1,1.1472082866e0,1.0953798062e-2,9.2856129871e-1,0.0000000000e0,7.3971446688e0,-9.8531482247e-1,1.0296031554e0,5.5086973887e-4,9.8528585551e-1,0.0000000000e0
2.823469,7.7442818005e0,-7.3480793235e-1,1.6240575096e0,9.7780827666e-2,7.2691493643e-1,0.0000000000e0,7.8988543558e0,-9.2407815807e-1,1.1583418354e0,1.2431048810e-2,9.2337347740e-1,0.0000000000e0,7.9563105729e0,-9.8421356287e-1,1.0318409033e0,6.3453873203e-4,9.8418245810e-1,0.0000000000e0
2.924490,8.3137981966e0,-7.1841943967e-1,1.6698402098e0,1.0657755732e-1,7.1022480208e-1,0.0000000000e0,8.4746388413e0,-9.1877680083e-1,1.1698818525e0,1.4028304118e-2,9.1802724844e-1,0.0000000000e0,8.5358499380e0,-9.8307347982e-1,1.0341601821e0,7.2707265508e-4,9.8304016735e-1,0.0000000000e0
3.025510,8.9039792858e0,-7.0183047155e-1,1.7172710805e0,1.1556564110e-1,6.9335177079e-1,0.0000000000e0,9.0707237208e0,-9.1332084942e-1,1.1818284265e0,1.5747635500e-2,9.1252570505e-1,0.0000000000e0,9.1357630033e0,-9.8189471095e-1,1.0365609922e0,8.2900956566e-4,9.8185912157e-1,0.0000000000e0
3.126531,9.5148674236e0,-6.8507147965e-1,1.7663526703e0,1.2471238900e-1,6.7632739535e-1,0.0000000000e0,9.6871144950e0,-9.0771340097e-1,1.1941816385e0,1.7590646639e-2,9.0687201700e-1,0.0000000000e0,9.7560496610e0,-9.8067739911e-1,1.0390433332e0,9.4089251362e-4,9.8063946371e-1,0.0000000000e0
3.227551,1.0146502602e1,-6.6817269103e-1,1.8170873765e0,1.3398626191e-1,6.5918283053e-1,0.0000000000e0,1.0323817233e1,-9.0195762144e-1,1.2069415807e0,1.9558477150e-2,9.0106942763e-1,0.0000000000e0,1.0396710504e1,-9.7942169034e-1,1.0416072069e0,1.0632685863e-3,9.7938134118e-1,0.0000000000e0
3.328571,1.0798923815e1,-6.5116397788e-1,1.8694775601e0,1.4335714343e-1,6.4194874260e-1,0.0000000000e0,1.0980838043e1,-8.9605674742e-1,1.2201083454e0,2.1651806201e-2,8.9512125072e-1,0.0000000000e0,1.1057745993e1,-9.7812773545e-1,1.0442526150e0,1.1966876370e-3,9.7808490606e-1,0.0000000000e0
3.429592,1.1472166367e1,-6.3407483764e-1,1.9235253304e0,1.5279649236e-1,6.2465522319e-1,0.0000000000e0,1.1658182657e1,-8.9001408680e-1,1.2336820171e0,2.3870859838e-2,8.8903086736e-1,0.0000000000e0,1.1739156286e1,-9.7679569033e-1,1.0469795579e0,1.3417011104e-3,9.7675031479e-1,0.0000000000e0
3.530612,1.2166263700e1,-6.1693425545e-1,1.9792326925e0,1.6227750817e-1,6.0733170759e-1,0.0000000000e0,1.2355857310e1,-8.8383300778e-1,1.2476626898e0,2.6215425789e-2,8.8280172272e-1,0.0000000000e0,1.2440941228e1,-9.7542571594e-1,1.0497880344e0,1.4988609057e-3,9.7537772830e-1,0.0000000000e0
3.631633,1.2881246701e1,-5.9977064521e-1,2.0366015142e0,1.7177520760e-1,5.9000689795e-1,0.0000000000e0,1.3073868475e1,-8.7751693808e-1,1.2620504622e0,2.8684867683e-2,8.7643732287e-1,0.0000000000e0,1.3163101879e1,-9.7401797526e-1,1.0526780487e0,1.6687186213e-3,9.7396731200e-1,0.0000000000e0
3.732653,1.3617143409e1,-5.8261176484e-1,2.0956334635e0,1.8126647687e-1,5.7270869147e-1,0.0000000000e0,1.3812221998e1,-8.7106936944e-1,1.2768454198e0,3.1278139489e-2,8.6994123142e-1,0.0000000000e0,1.3905638186e1,-9.7257263786e-1,1.0556496001e0,1.8518239453e-3,9.7251923564e-1,0.0000000000e0
3.833673,1.4373979778e1,-5.6548463646e-1,2.1563301129e0,1.9073008868e-1,5.5546411383e-1,0.0000000000e0,1.4570924494e1,-8.6449384200e-1,1.2920476635e0,3.3993810020e-2,8.6331706631e-1,0.0000000000e0,1.4668550744e1,-9.7108987640e-1,1.0587026907e0,2.0487239879e-3,9.7103367335e-1,0.0000000000e0
3.934694,1.5151777826e1,-5.4841551248e-1,2.2186927720e0,2.0014666736e-1,5.3829925812e-1,0.0000000000e0,1.5349982293e1,-8.5779395037e-1,1.3076572882e0,3.6830080775e-2,8.5656849636e-1,0.0000000000e0,1.5451839197e1,-9.6956986968e-1,1.0618373187e0,2.2599618269e-3,9.6951080357e-1,0.0000000000e0
4.035714,1.5950557567e1,-5.3142976817e-1,2.2827226475e0,2.0949867406e-1,5.2123922922e-1,0.0000000000e0,1.6149401615e1,-8.5097333871e-1,1.3236743864e0,3.9784809452e-2,8.4969923797e-1,0.0000000000e0,1.6255504754e1,-9.6801279779e-1,1.0650534886e0,2.4860761482e-3,9.6795080904e-1,0.0000000000e0
4.136735,1.6770335317e1,-5.1455187919e-1,2.3484207081e0,2.1877032897e-1,5.0430809389e-1,0.0000000000e0,1.6969189151e1,-8.4403569246e-1,1.3400990601e0,4.2855536188e-2,8.4271305170e-1,0.0000000000e0,1.7079547392e1,-9.6641884740e-1,1.0683511999e0,2.7275995014e-3,9.6635387674e-1,0.0000000000e0
4.237755,1.7611125039e1,-4.9780533887e-1,2.4157877928e0,2.2794755545e-1,4.8752883657e-1,0.0000000000e0,1.7809351097e1,-8.3698474322e-1,1.3569314009e0,4.6039504892e-2,8.3561373884e-1,0.0000000000e0,1.7923967241e1,-9.6478820916e-1,1.0717304528e0,2.9850576833e-3,9.6472019791e-1,0.0000000000e0
4.338776,1.8472937830e1,-4.8121262109e-1,2.4848245703e0,2.3701789129e-1,4.7092332086e-1,0.0000000000e0,1.8669893804e1,-8.2982425985e-1,1.3741715040e0,4.9333691058e-2,8.2840513803e-1,0.0000000000e0,1.8788765484e1,-9.6312107580e-1,1.0751912516e0,3.2589690949e-3,9.6304996793e-1,0.0000000000e0
4.439796,1.9355781261e1,-4.6479514989e-1,2.5555314848e0,2.4597039215e-1,4.5451225684e-1,0.0000000000e0,1.9550824102e1,-8.2255804243e-1,1.3918194736e0,5.2734828718e-2,8.2109112179e-1,0.0000000000e0,1.9673941694e1,-9.6141764733e-1,1.0787335943e0,3.5498429996e-3,9.6134338626e-1,0.0000000000e0
4.540816,2.0259660414e1,-4.4857324213e-1,2.6279088393e0,2.5479554820e-1,4.3831517401e-1,0.0000000000e0,2.0452148146e1,-8.1518992849e-1,1.4098754010e0,5.6239431664e-2,8.1367559308e-1,0.0000000000e0,2.0579496595e1,-9.5967812562e-1,1.0823574834e0,3.8581795058e-3,9.5960065658e-1,0.0000000000e0
4.641837,2.1184577682e1,-4.3256608088e-1,2.7019567782e0,2.6348518465e-1,4.2235039991e-1,0.0000000000e0,2.1373872265e1,-8.0772378253e-1,1.4283393807e0,5.9843822106e-2,8.0616248187e-1,0.0000000000e0,2.1505430500e1,-9.5790271739e-1,1.0860629196e0,4.1844682313e-3,9.5782198657e-1,0.0000000000e0
4.742857,2.2130532005e1,-4.1679170282e-1,2.7776752247e0,2.7203235732e-1,4.0663504430e-1,0.0000000000e0,2.2316003029e1,-8.0016349213e-1,1.4472115123e0,6.3544155947e-2,7.9855574173e-1,0.0000000000e0,2.2451743766e1,-9.5609163327e-1,1.0898499041e0,4.5291876370e-3,9.5600758787e-1,0.0000000000e0
4.843878,2.3097520318e1,-4.0126695359e-1,2.8550639956e0,2.8043126987e-1,3.9118498872e-1,0.0000000000e0,2.3278546704e1,-7.9251296899e-1,1.4664918894e0,6.7336445029e-2,7.9085934633e-1,0.0000000000e0,2.3418437023e1,-9.5424508737e-1,1.0937184389e0,4.8928043475e-3,9.5415767618e-1,0.0000000000e0
4.944898,2.4085536707e1,-3.8600748845e-1,2.9341227313e0,2.8867717147e-1,3.7601488136e-1,0.0000000000e0,2.4261509584e1,-7.8477614286e-1,1.4861806065e0,7.1216582037e-2,7.8307728610e-1,0.0000000000e0,2.4405510672e1,-9.5236329816e-1,1.0976685252e0,5.2757722353e-3,9.5227247111e-1,0.0000000000e0
5.045918,2.5094572521e1,-3.7102776143e-1,3.0148509032e0,2.9676626710e-1,3.6113813706e-1,0.0000000000e0,2.5264898068e1,-7.7695695758e-1,1.5062777605e0,7.5180363521e-2,7.7521356475e-1,0.0000000000e0,2.5412964838e1,-9.5044648850e-1,1.1017001631e0,5.6785316938e-3,9.5035219613e-1,0.0000000000e0
5.146939,2.6124617185e1,-3.5634101004e-1,3.0972478760e0,3.0469563676e-1,3.4656694221e-1,0.0000000000e0,2.6288718267e1,-7.6905937082e-1,1.5267834425e0,7.9223510070e-2,7.6727219596e-1,0.0000000000e0,2.6440800298e1,-9.4849488388e-1,1.1058133552e0,6.1015093551e-3,9.4839707858e-1,0.0000000000e0
5.247959,2.7175657637e1,-3.4195926626e-1,3.1813128600e0,3.1246314769e-1,3.3231226431e-1,0.0000000000e0,2.7332975751e1,-7.6108735257e-1,1.5476977334e0,8.3341685948e-2,7.5925719996e-1,0.0000000000e0,2.7489017304e1,-9.4650871457e-1,1.1100081022e0,6.5451170084e-3,9.4640734958e-1,0.0000000000e0
5.348980,2.8247678710e1,-3.2789335811e-1,3.2670449394e0,3.2006737905e-1,3.1838386610e-1,0.0000000000e0,2.8397677592e1,-7.5304486626e-1,1.5690207444e0,8.7530526667e-2,7.5117260026e-1,0.0000000000e0,2.8557616309e1,-9.4448821421e-1,1.1142844054e0,7.0097513179e-3,9.4438324405e-1,0.0000000000e0
5.450000,2.9340663294e1,-3.1415291968e-1,3.3544430819e0,3.2750754927e-1,3.0479032383e-1,0.0000000000e0,2.9482829207e1,-7.4493588962e-1,1.5907525542e0,9.1785644805e-2,7.4302242029e-1,0.0000000000e0,2.9646597849e1,-9.4243362000e-1,1.1186422664e0,7.4957932485e-3,9.4232500053e-1,0.0000000000e0
5.551020,3.0454589201e1,-3.0074644447e-1,3.4435058848e0,3.3478342727e-1,2.9153904954e-1,0.0000000000e0,3.0588436233e1,-7.3676439695e-1,1.6128932461e0,9.6102654522e-2,7.3481068016e-1,0.0000000000e0,3.0755962155e1,-9.4034517337e-1,1.1230816859e0,8.0036074020e-3,9.4023286130e-1,0.0000000000e0
5.652041,3.1589442246e1,-2.8768115198e-1,3.5342326193e0,3.4189535288e-1,2.7863631704e-1,0.0000000000e0,3.1714505092e1,-7.2853435196e-1,1.6354429197e0,1.0047718955e-1,7.2654139343e-1,0.0000000000e0,3.1885710399e1,-9.3822311758e-1,1.1276026678e0,8.5335421430e-3,9.3810707224e-1,0.0000000000e0
5.753061,3.2745201202e1,-2.7496319770e-1,3.6266220224e0,3.4884407680e-1,2.6608729130e-1,0.0000000000e0,3.2861040785e1,-7.2024972075e-1,1.6584016466e0,1.0490490920e-1,7.1821856393e-1,0.0000000000e0,3.3035841931e1,-9.3606770291e-1,1.1322052093e0,9.0859279014e-3,9.3594788276e-1,0.0000000000e0
5.854082,3.3921835564e1,-2.6259771046e-1,3.7206721145e0,3.5563070060e-1,2.5389606098e-1,0.0000000000e0,3.4028049664e1,-7.1191444849e-1,1.6817695260e0,1.0938152250e-1,7.0984618262e-1,0.0000000000e0,3.4206357415e1,-9.3387918065e-1,1.1368893125e0,9.6610782671e-3,9.3375554583e-1,0.0000000000e0
5.955102,3.5119323959e1,-2.5058862717e-1,3.8163816708e0,3.6225673543e-1,2.4206567375e-1,0.0000000000e0,3.5215537195e1,-7.0353247258e-1,1.7055466401e0,1.1390279163e-1,7.0142822450e-1,0.0000000000e0,3.5397259018e1,-9.3165780278e-1,1.1416549855e0,1.0259289833e-2,9.3153031783e-1,0.0000000000e0
6.056122,3.6337643327e1,-2.3893885290e-1,3.9137493504e0,3.6872398783e-1,2.3059817422e-1,0.0000000000e0,3.6423506991e1,-6.9510772596e-1,1.7297330343e0,1.1846453940e-1,6.9296864552e-1,0.0000000000e0,3.6608545318e1,-9.2940383140e-1,1.1465022223e0,1.0880839353e-2,9.2927245864e-1,0.0000000000e0
6.157143,3.7576761648e1,-2.2765036144e-1,4.0127731124e0,3.7503448259e-1,2.1949464409e-1,0.0000000000e0,3.7651966208e1,-6.8664409652e-1,1.7543288259e0,1.2306267942e-1,6.8447137972e-1,0.0000000000e0,3.7840217507e1,-9.2711752708e-1,1.1514310270e0,1.1525986589e-2,9.2698223142e-1,0.0000000000e0
6.258163,3.8836655950e1,-2.1672406736e-1,4.1134516528e0,3.8119051908e-1,2.0875524424e-1,0.0000000000e0,3.8900918658e1,-6.7814547214e-1,1.7793340657e0,1.2769319879e-1,6.7594033615e-1,0.0000000000e0,3.9092276032e1,-9.2479915512e-1,1.1564414009e0,1.2194972433e-2,9.2465990269e-1,0.0000000000e0
6.359184,4.0117299468e1,-2.0615999240e-1,4.2157833739e0,3.8719456786e-1,1.9837925846e-1,0.0000000000e0,4.0170370367e1,-6.6961569945e-1,1.8047488496e0,1.3235218663e-1,6.6737939611e-1,0.0000000000e0,4.0364721155e1,-9.2244898441e-1,1.1615333447e0,1.2888019017e-2,9.2230574227e-1,0.0000000000e0
6.460204,4.1418666635e1,-1.9595726552e-1,4.3197667804e0,3.9304926462e-1,1.8836513861e-1,0.0000000000e0,4.1460326296e1,-6.6105860349e-1,1.8305732529e0,1.3703582840e-1,6.5879241033e-1,0.0000000000e0,4.1657553730e1,-9.2006728596e-1,1.1667068612e0,1.3605330006e-2,9.1992002309e-1,0.0000000000e0
6.561224,4.2740724503e1,-1.8611423393e-1,4.4253997906e0,3.9875734441e-1,1.7871055081e-1,0.0000000000e0,4.2770789864e1,-6.5247798776e-1,1.8568073207e0,1.4174041007e-1,6.5018319621e-1,0.0000000000e0,4.2970774229e1,-9.1765433466e-1,1.1719619517e0,1.4347089991e-2,9.1750302133e-1,0.0000000000e0
6.662245,4.4083448248e1,-1.7662839151e-1,4.5326809732e0,4.0432168536e-1,1.6941242247e-1,0.0000000000e0,4.4101766136e1,-6.4387761037e-1,1.8834511320e0,1.4646233441e-1,6.4155553514e-1,0.0000000000e0,4.4304382767e1,-9.1521040916e-1,1.1772986163e0,1.5113464426e-2,9.1505501628e-1,0.0000000000e0
6.763265,4.5446808521e1,-1.6749652453e-1,4.6416085331e0,4.0974522957e-1,1.6046698986e-1,0.0000000000e0,4.5453258041e1,-6.3526120614e-1,1.9105047235e0,1.5119811140e-1,6.3291316997e-1,0.0000000000e0,4.5658380696e1,-9.1273578889e-1,1.1827168598e0,1.5904600542e-2,9.1257629020e-1,0.0000000000e0
6.864286,4.6830775289e1,-1.5871472906e-1,4.7521806158e0,4.1503098092e-1,1.5186984601e-1,0.0000000000e0,4.6825273784e1,-6.2663243696e-1,1.9379682388e0,1.5594438723e-1,6.2425980242e-1,0.0000000000e0,4.7032767742e1,-9.1023075926e-1,1.1882166807e0,1.6720625702e-2,9.1006712840e-1,0.0000000000e0
6.965306,4.8235329402e1,-1.5027839239e-1,4.8643962296e0,4.2018202905e-1,1.4361598857e-1,0.0000000000e0,4.8217813298e1,-6.1799497490e-1,1.9658416562e0,1.6069789957e-1,6.1559909068e-1,0.0000000000e0,4.8427544843e1,-9.0769560642e-1,1.1937980820e0,1.7561649105e-2,9.0752781914e-1,0.0000000000e0
7.066327,4.9660440356e1,-1.4218238147e-1,4.9782534656e0,4.2520144874e-1,1.3569986761e-1,0.0000000000e0,4.9630882535e1,-6.0935240971e-1,1.9941250758e0,1.6545552892e-1,6.0693464700e-1,0.0000000000e0,4.9842712344e1,-9.0513062048e-1,1.1994610647e0,1.8427760815e-2,9.0495865358e-1,0.0000000000e0
7.167347,5.1106075475e1,-1.3442102600e-1,5.0937502298e0,4.3009232467e-1,1.2811543293e-1,0.0000000000e0,5.1064484070e1,-6.0070830524e-1,2.0228185305e0,1.7021426729e-1,5.9827003543e-1,0.0000000000e0,5.1278271335e1,-9.0253609306e-1,1.2052056326e0,1.9319032678e-2,9.0235992564e-1,0.0000000000e0
7.268367,5.2572217799e1,-1.2698807668e-1,5.2108856707e0,4.3485779732e-1,1.2085618081e-1,0.0000000000e0,5.2518622723e1,-5.9206616270e-1,2.0519220995e0,1.7497123773e-1,5.8960876959e-1,0.0000000000e0,5.2734220692e1,-8.9991232252e-1,1.2110317807e0,2.0235516632e-2,8.9973193214e-1,0.0000000000e0
7.369388,5.4058840041e1,-1.1987689531e-1,5.3296580959e0,4.3950096238e-1,1.1391519994e-1,0.0000000000e0,5.3993298648e1,-5.8342945960e-1,2.0814357691e0,1.7972367168e-1,5.8095431056e-1,0.0000000000e0,5.4210562792e1,-8.9725960367e-1,1.2169395179e0,2.1177248445e-2,8.9707497246e-1,0.0000000000e0
7.470408,5.5565918389e1,-1.1308042671e-1,5.4500660736e0,4.4402490879e-1,1.0728521644e-1,0.0000000000e0,5.5488518248e1,-5.7480158335e-1,2.1113596518e0,1.8446894393e-1,5.7231006484e-1,0.0000000000e0,5.5707297768e1,-8.9457823802e-1,1.2229288442e0,2.2144244338e-2,8.9438934879e-1,0.0000000000e0
7.571429,5.7093430077e1,-1.0659125874e-1,5.5721082374e0,4.4843270179e-1,1.0095863769e-1,0.0000000000e0,5.7004283208e1,-5.6618589367e-1,2.1416937664e0,1.8920453617e-1,5.6367938235e-1,0.0000000000e0,5.7224425840e1,-8.9186852954e-1,1.2289997599e0,2.3136502638e-2,8.9167536586e-1,0.0000000000e0
7.672449,5.8641353281e1,-1.0040166823e-1,5.6957832761e0,4.5272737519e-1,9.4927594927e-2,0.0000000000e0,5.8540599516e1,-5.5758566876e-1,2.1724382190e0,1.9392806433e-1,5.5506555461e-1,0.0000000000e0,5.8761947517e1,-8.8913078421e-1,1.2351522666e0,2.4154004180e-2,8.8893333095e-1,0.0000000000e0
7.773469,6.0209667399e1,-9.4503663683e-2,5.8210899555e0,4.5691192595e-1,8.9183984421e-2,0.0000000000e0,6.0097462424e1,-5.4900418743e-1,2.2035929014e0,1.9863723077e-1,5.4647181293e-1,0.0000000000e0,6.0319863981e1,-8.8636530933e-1,1.2413863683e0,2.5196712838e-2,8.8616355383e-1,0.0000000000e0
7.874490,6.1798345331e1,-8.8889054089e-2,5.9480265007e0,4.6098928921e-1,8.3719507178e-2,0.0000000000e0,6.1674882229e1,-5.4044458426e-1,2.2351580078e0,2.0332990100e-1,5.3790132671e-1,0.0000000000e0,6.1898174289e1,-8.8357241842e-1,1.2477020608e0,2.6264573947e-2,8.8336634673e-1,0.0000000000e0
7.975510,6.3407390621e1,-8.3549363348e-2,6.0765935627e0,4.6496242742e-1,7.8525706990e-2,0.0000000000e0,6.3272856270e1,-5.3191000255e-1,2.2671334737e0,2.0800401655e-1,5.2935720185e-1,0.0000000000e0,6.3496880263e1,-8.8075242245e-1,1.2540993508e0,2.7357517903e-2,8.8054202421e-1,0.0000000000e0
8.076531,6.5036763914e1,-7.8476118878e-2,6.2067883420e0,4.6883414127e-1,7.3594006814e-2,0.0000000000e0,6.4891387956e1,-5.2340348824e-1,2.2995193571e0,2.1265764997e-1,5.2084247918e-1,0.0000000000e0,6.5115983509e1,-8.7790563515e-1,1.2605782442e0,2.8475458521e-2,8.7769090322e-1,0.0000000000e0
8.177551,6.6686456429e1,-7.3660639397e-2,6.3386104586e0,4.7260725162e-1,6.8915743382e-2,0.0000000000e0,6.6530479342e1,-5.1492802905e-1,2.3323156900e0,2.1728897988e-1,5.1236013314e-1,0.0000000000e0,6.6755481776e1,-8.7503237926e-1,1.2671387313e0,2.9618290830e-2,8.7481330285e-1,0.0000000000e0
8.278571,6.8356453202e1,-6.9094194814e-2,6.4720590150e0,4.7628450436e-1,6.4482200002e-2,0.0000000000e0,6.8190131741e1,-5.0648654957e-1,2.3655224902e0,2.2189629019e-1,5.0391307030e-1,0.0000000000e0,6.8415378393e1,-8.7213296994e-1,1.2737808250e0,3.0785897986e-2,8.7190954451e-1,0.0000000000e0
8.379592,7.0046740400e1,-6.4768014532e-2,6.6071331806e0,4.7986858688e-1,6.0284637475e-2,0.0000000000e0,6.9870345673e1,-4.9808190982e-1,2.3991397608e0,2.2647796724e-1,4.9550412821e-1,0.0000000000e0,7.0095671138e1,-8.6920773421e-1,1.2805045157e0,3.1978143893e-2,8.6897995167e-1,0.0000000000e0
8.480612,7.1757305307e1,-6.0673318645e-2,6.7438321904e0,4.8336212654e-1,5.6314323160e-2,0.0000000000e0,7.1571125097e1,-4.8971688330e-1,2.4331675746e0,2.3103250817e-1,4.8713607422e-1,0.0000000000e0,7.1796363351e1,-8.6625699148e-1,1.2873098163e0,3.3194881420e-2,8.6602484994e-1,0.0000000000e0
8.581633,7.3488136651e1,-5.6801346336e-2,6.8821553713e0,4.8676769019e-1,5.2562558108e-2,0.0000000000e0,7.3292469149e1,-4.8139419676e-1,2.4676059086e0,2.3555849540e-1,4.7881160439e-1,0.0000000000e0,7.3517453911e1,-8.6328107094e-1,1.2941967217e0,3.4435945714e-2,8.6304456686e-1,0.0000000000e0
8.682653,7.5239224147e1,-5.3143384114e-2,7.0221021063e0,4.9008778248e-1,4.9020702286e-2,0.0000000000e0,7.5034379250e1,-4.7311649388e-1,2.5024547868e0,2.4005461283e-1,4.7053334254e-1,0.0000000000e0,7.5258944161e1,-8.6028029947e-1,1.3011652367e0,3.5701159543e-2,8.6003943198e-1,0.0000000000e0
8.783673,7.7010558628e1,-4.9690790527e-2,7.1636718450e0,4.9332484576e-1,4.5680197920e-2,0.0000000000e0,7.6796855369e1,-4.6488635256e-1,2.5377142048e0,2.4451963263e-1,4.6230383934e-1,0.0000000000e0,7.7020834993e1,-8.5725500665e-1,1.3082153642e0,3.6990331654e-2,8.5700977679e-1,0.0000000000e0
8.884694,7.8802142695e1,-4.6435000748e-2,7.3068649554e0,4.9648127831e-1,4.2532590933e-2,0.0000000000e0,7.8579898977e1,-4.5670627009e-1,2.5733841892e0,2.4895241964e-1,4.5412557151e-1,0.0000000000e0,7.8803125601e1,-8.5420552683e-1,1.3153471006e0,3.8303256273e-2,8.5395593453e-1,0.0000000000e0
8.985714,8.0613937605e1,-4.3367639786e-2,7.4516784796e0,4.9955934261e-1,3.9569550523e-2,0.0000000000e0,8.0383510231e1,-4.4857867564e-1,2.6094647413e0,2.5335192091e-1,4.4600094113e-1,0.0000000000e0,8.0605817568e1,-8.5113219201e-1,1.3225604515e0,3.9639716555e-2,8.5087824028e-1,0.0000000000e0
9.086735,8.2445969285e1,-4.0480357726e-2,7.5981146078e0,5.0256134908e-1,3.6782886926e-2,0.0000000000e0,8.2207689308e1,-4.4050592325e-1,2.6459558636e0,2.5771716592e-1,4.3793227502e-1,0.0000000000e0,8.2428909400e1,-8.4803534118e-1,1.3298554104e0,4.0999481000e-2,8.4777703082e-1,0.0000000000e0
9.187755,8.4298222223e1,-3.7765030942e-2,7.7461721980e0,5.0548947299e-1,3.4164567374e-2,0.0000000000e0,8.4052436118e1,-4.3249029249e-1,2.6828575540e0,2.6204726262e-1,4.2992182415e-1,0.0000000000e0,8.4272405856e1,-8.4491530439e-1,1.3372319958e0,4.2382310862e-2,8.4465264452e-1,0.0000000000e0
9.288776,8.6170692527e1,-3.5213685421e-2,7.8958510177e0,5.0834584698e-1,3.1706730339e-2,2.8610229492e-6,8.5917750659e1,-4.2453398649e-1,2.7201698134e0,2.6634139512e-1,4.2197176326e-1,0.0000000000e0,8.6136304392e1,-8.4177242565e-1,1.3446901969e0,4.3787950490e-2,8.4150542144e-1,0.0000000000e0
9.389796,8.8063377191e1,-3.2818528888e-2,8.0471508869e0,5.1113254327e-1,2.9401698079e-2,9.5367431641e-7,8.7803632456e1,-4.1663913383e-1,2.7578926337e0,2.7059881919e-1,4.1408419046e-1,0.0000000000e0,8.8020607187e1,-8.3860704255e-1,1.3522300217e0,4.5216136782e-2,8.3833570315e-1,0.0000000000e0
9.490816,8.9976274090e1,-3.0571962603e-2,8.2000716788e0,5.1385157466e-1,2.7241987578e-2,1.9073486328e-6,8.9710080978e1,-4.0880778645e-1,2.7960260066e0,2.7481886018e-1,4.0626112696e-1,0.0000000000e0,8.9925312776e1,-8.3541950027e-1,1.3598514640e0,4.6666593358e-2,8.3514383262e-1,0.0000000000e0
9.591837,9.1909381926e1,-2.8466591577e-2,8.3546133160e0,5.1650489544e-1,2.5220319918e-2,0.0000000000e0,9.1637096049e1,-4.0104191773e-1,2.8345699319e0,2.7900091076e-1,3.9850451685e-1,0.0000000000e0,9.1850423536e1,-8.3221013896e-1,1.3675545326e0,4.8139036701e-2,8.3193015436e-1,0.0000000000e0
9.692857,9.3862700177e1,-2.6495233190e-2,8.5107757679e0,5.1909440244e-1,2.3329628148e-2,0.0000000000e0,9.3584676413e1,-3.9334342817e-1,2.8735243884e0,2.8314442485e-1,3.9081622705e-1,0.0000000000e0,9.3795939675e1,-8.2897930379e-1,1.3753392278e0,4.9633172061e-2,8.2869501405e-1,0.0000000000e0
9.793878,9.5836229048e1,-2.4650924286e-2,8.6685590472e0,5.2162193618e-1,2.1563063798e-2,1.9073486328e-6,9.5552820906e1,-3.8571414040e-1,2.9128893576e0,2.8724891732e-1,3.8319804717e-1,0.0000000000e0,9.5761861216e1,-8.2572734150e-1,1.3832055491e0,5.1148695426e-2,8.2543875879e-1,0.0000000000e0
9.894898,9.7829969420e1,-2.2926926835e-2,8.8279632074e0,5.2408928201e-1,1.9914001977e-2,0.0000000000e0,9.7541529273e1,-3.7815579621e-1,2.9526648398e0,2.9131396264e-1,3.7565168966e-1,0.0000000000e0,9.7748188690e1,-8.2245459922e-1,1.3911534979e0,5.2685294515e-2,8.2216173689e-1,0.0000000000e0
9.995918,9.9843922800e1,-2.1316732193e-2,8.9889883395e0,5.2649817134e-1,1.8376045256e-2,3.8146972656e-6,9.9550799495e1,-3.7067006683e-1,2.9928508011e0,2.9533918669e-1,3.6817878984e-1,0.0000000000e0,9.9754924454e1,-8.1916142228e-1,1.3991830833e0,5.4242650280e-2,8.1886429776e-1,0.0000000000e0
10.096939,1.0187809127e2,-1.9814063969e-2,9.1516345690e0,5.2885028291e-1,1.6943026347e-2,7.6293945312e-6,1.0158063041e2,-3.6325854304e-1,3.0334472250e0,2.9932426940e-1,3.6078090620e-1,0.0000000000e0,1.0178206729e2,-8.1584816297e-1,1.4072942997e0,5.5820433174e-2,8.1554679198e-1,0.0000000000e0
10.197959,1.0393247744e2,-1.8412879310e-2,9.3159020530e0,5.3114724404e-1,1.5609009693e-2,3.0517578125e-5,1.0363102049e2,-3.5592274004e-1,3.0744540887e0,3.0326893958e-1,3.5345952055e-1,0.0000000000e0,1.0382961747e2,-8.1251517219e-1,1.4154871477e0,5.7418307525e-2,8.1220957113e-1,0.0000000000e0
10.298980,1.0600708441e2,-1.7107368163e-2,9.4817909781e0,5.3339063198e-1,1.4368291970e-2,8.9645385742e-5,1.0570196787e2,-3.4866409752e-1,3.1158713633e0,3.0717297253e-1,3.4621603846e-1,0.0000000000e0,1.0589757757e2,-8.0916279807e-1,1.4237616369e0,5.9035932651e-2,8.0885298775e-1,0.0000000000e0
10.400000,1.0810191574e2,-1.5891949538e-2,9.6493015580e0,5.3558197519e-1,1.3215401733e-2,2.4223327637e-4,1.0779347111e2,-3.4148397752e-1,3.1576990289e0,3.1103618893e-1,3.3905178963e-1,0.0000000000e0,1.0798594591e2,-8.0579139662e-1,1.4321177600e0,6.0672958160e-2,8.0547739534e-1,0.0000000000e0
10.501020,1.1021697542e2,-1.4761263198e-2,9.8184340329e0,5.3772275478e-1,1.2145098091e-2,6.1225891113e-4,1.0990552788e2,-3.3438366917e-1,3.1999370487e0,3.1485845006e-1,3.3196802834e-1,0.0000000000e0,1.1009472345e2,-8.0240132035e-1,1.4405555205e0,6.2329029818e-2,8.0208314824e-1,0.0000000000e0
10.602041,1.1235226791e2,-1.3710154653e-2,9.9891886709e0,5.3981440584e-1,1.1152368626e-2,1.4324188232e-3,1.1203813645e2,-3.2736438438e-1,3.2425853980e0,3.1863965813e-1,3.2496593408e-1,0.0000000000e0,1.1222391107e2,-7.9899292278e-1,1.4490749211e0,6.4003787813e-2,7.9867060159e-1,0.0000000000e0
10.703061,1.1450779819e2,-1.2733651447e-2,1.0161565771e1,5.4185831900e-1,1.0232426608e-2,3.0918121338e-3,1.1419129434e2,-3.2042726260e-1,3.2856440386e0,3.2237975181e-1,3.1804661208e-1,0.0000000000e0,1.1437351155e2,-7.9556655513e-1,1.4576759725e0,6.5696868778e-2,7.9524011122e-1,0.0000000000e0
10.804082,1.1668357190e2,-1.1826929974e-2,1.0335565673e1,5.4385584188e-1,9.3807074820e-3,6.2160491943e-3,1.1636499969e2,-3.1357336735e-1,3.3291129441e0,3.2607870626e-1,3.1121109402e-1,0.0000000000e0,1.1654352299e2,-7.9212257680e-1,1.4663586664e0,6.7407901018e-2,7.9179203371e-1,0.0000000000e0
10.905102,1.1887959547e2,-1.0985274968e-2,1.0511188761e1,5.4580828073e-1,8.5928648910e-3,1.1678695679e-2,1.1855924982e2,-3.0680369122e-1,3.3729920730e0,3.2973652875e-1,3.0446033876e-1,0.0000000000e0,1.1873394610e2,-7.8866134360e-1,1.4751230052e0,6.9136510668e-2,7.8832672616e-1,0.0000000000e0
11.006122,1.2109587635e2,-1.0204038030e-2,1.0688435485e1,5.4771690192e-1,7.8647660240e-3,2.0608901978e-2,1.2077404198e2,-3.0011915429e-1,3.4172813829e0,3.3335325797e-1,2.9779523314e-1,0.0000000000e0,1.2094478124e2,-7.8518321247e-1,1.4839689898e0,7.0882319764e-2,7.8484454629e-1,0.0000000000e0
11.107143,1.2333242315e2,-9.4786060544e-3,1.0867306360e1,5.4958293343e-1,7.1924866711e-3,3.4294128418e-2,1.2300937403e2,-2.9352060306e-1,3.4619808438e0,3.3692896312e-1,2.9121659280e-1,0.0000000000e0,1.2317603103e2,-7.8168853731e-1,1.4928966299e0,7.2644948714e-2,7.8134585226e-1,0.0000000000e0
11.208163,1.2558924571e2,-8.8043933571e-3,1.1047801978e1,5.5140756604e-1,6.5723057532e-3,5.3976058960e-2,1.2526524324e2,-2.8700881478e-1,3.5070904143e0,3.4046374020e-1,2.8472516308e-1,0.0000000000e0,1.2542769372e2,-7.7817767932e-1,1.5019059182e0,7.4424011427e-2,7.7783100272e-1,0.0000000000e0
11.309184,1.2786635499e2,-8.1768708173e-3,1.1229922996e1,5.5319195426e-1,6.0006996364e-3,8.0633163452e-2,1.2754164658e2,-2.8058449749e-1,3.5526100480e0,3.4395771077e-1,2.7832162002e-1,0.0000000000e0,1.2769977094e2,-7.7465099479e-1,1.5109968605e0,7.6219121844e-2,7.7430035663e-1,0.0000000000e0
11.410204,1.3016376266e2,-7.5916403248e-3,1.1413670115e1,5.5493721684e-1,5.4743360481e-3,1.1469268799e-1,1.2983858141e2,-2.7424828910e-1,3.5985397060e0,3.4741102131e-1,2.7200657129e-1,0.0000000000e0,1.2999226306e2,-7.7110884229e-1,1.5201694578e0,7.8029890626e-2,7.7075427329e-1,0.0000000000e0
11.511224,1.3248148049e2,-7.0445535188e-3,1.1599044041e1,5.5664443689e-1,4.9900678943e-3,1.5574264526e-1,1.3215604446e2,-2.6800076119e-1,3.6448793376e0,3.5082384004e-1,2.6578055731e-1,0.0000000000e0,1.3230517052e2,-7.6755158055e-1,1.5294237113e0,7.9855926578e-2,7.6719311220e-1,0.0000000000e0
11.612245,1.3481951942e2,-6.5318619583e-3,1.1786045432e1,5.5831466184e-1,4.5449267971e-3,2.0240402222e-1,1.3449403367e2,-2.6184241514e-1,3.6916289167e0,3.5419635818e-1,2.5964405227e-1,0.0000000000e0,1.3463849285e2,-7.6397956988e-1,1.5387596185e0,8.1696836217e-2,7.6361723311e-1,0.0000000000e0
11.713265,1.3717788856e2,-6.0503743768e-3,1.1974674834e1,5.5994890318e-1,4.1361165382e-3,2.5229263306e-1,1.3685258776e2,-2.5577358328e-1,3.7387892328e0,3.5752884352e-1,2.5359746528e-1,0.0000000000e0,1.3699223391e2,-7.6039316410e-1,1.5481771944e0,8.3552228268e-2,7.6002699587e-1,0.0000000000e0
11.814286,1.3955659423e2,-5.5975889317e-3,1.2164932626e1,5.6154813654e-1,3.7610064497e-3,3.0224227905e-1,1.3923155426e2,-2.4979501696e-1,3.7863572521e0,3.6082131563e-1,2.4764114158e-1,0.0000000000e0,1.3936639093e2,-7.5679272731e-1,1.5576764273e0,8.5421705320e-2,7.5642276038e-1,0.0000000000e0
11.915306,1.4195563921e2,-5.1717673913e-3,1.2356818976e1,5.6311330209e-1,3.4171246885e-3,3.4865951538e-1,1.4163114960e2,-2.4390647626e-1,3.8343373191e0,3.6407432276e-1,2.4177536375e-1,0.0000000000e0,1.4176096195e2,-7.5317862223e-1,1.5672573089e0,8.7304870064e-2,7.5280488662e-1,0.0000000000e0
12.016327,1.4437502245e2,-4.7719258568e-3,1.2550333821e1,5.6464530568e-1,3.1021515449e-3,3.8800811768e-1,1.4405118146e2,-2.3810867566e-1,3.8827256035e0,3.6728786738e-1,2.3600035288e-1,0.0000000000e0,1.4417595831e2,-7.4955119161e-1,1.5769198839e0,8.9201335383e-2,7.4917373443e-1,0.0000000000e0
12.117347,1.4681473934e2,-4.3977323120e-3,1.2745476884e1,5.6614502065e-1,2.8139127897e-3,4.1730880737e-1,1.4649177275e2,-2.3240149846e-1,3.9315245800e0,3.7046239290e-1,2.3031626991e-1,0.0000000000e0,1.4661137174e2,-7.4591080763e-1,1.5866641189e0,9.1110698801e-2,7.4552966365e-1,0.0000000000e0
12.218367,1.4927478247e2,-4.0493216384e-3,1.2942247721e1,5.6761329016e-1,2.5503729532e-3,4.3458175659e-1,1.4895284490e2,-2.2678525011e-1,3.9807326937e0,3.7359808854e-1,2.2472321695e-1,0.0000000000e0,1.4906720120e2,-7.4225783133e-1,1.5964900090e0,9.3032563881e-2,7.4187303379e-1,0.0000000000e0
12.319388,1.5175514287e2,-3.7270581581e-3,1.3140645795e1,5.6905093001e-1,2.3096288350e-3,4.3909072876e-1,1.5143440444e2,-2.2125997416e-1,4.0303500918e0,3.7669526886e-1,2.1922123854e-1,0.0000000000e0,1.5154345069e2,-7.3859261609e-1,1.6063975697e0,9.4966538762e-2,7.3820420433e-1,0.0000000000e0
12.420408,1.5425581141e2,-3.4312876759e-3,1.3340670556e1,5.7045873143e-1,2.0899029882e-3,4.3135070801e-1,1.5393648239e2,-2.1582560700e-1,4.0803774117e0,3.7975428820e-1,2.1381032310e-1,0.0000000000e0,1.5404012113e2,-7.3491551961e-1,1.6163868043e0,9.6912230064e-2,7.3452353436e-1,0.0000000000e0
12.521429,1.5677678016e2,-3.1621218906e-3,1.3542321531e1,5.7183746349e-1,1.8895374381e-3,4.1287231445e-1,1.5645905652e2,-2.1048214793e-1,4.1308142260e0,3.8277544466e-1,2.0849040426e-1,0.0000000000e0,1.5655721243e2,-7.3122690078e-1,1.6264577118e0,9.8869244789e-2,7.3083138263e-1,0.0000000000e0
12.622449,1.5931804346e2,-2.9192874710e-3,1.3745598379e1,5.7318787512e-1,1.7069873891e-3,3.8591766357e-1,1.5900212326e2,-2.0522950013e-1,4.1816604802e0,3.8575906917e-1,2.0326136226e-1,0.0000000000e0,1.5909472517e2,-7.2752711710e-1,1.6366102941e0,1.0083719187e-1,7.2712810754e-1,0.0000000000e0
12.723469,1.6187959861e2,-2.7020549160e-3,1.3950500939e1,5.7451069630e-1,1.5408152320e-3,3.5308074951e-1,1.6156569721e2,-2.0006747783e-1,4.2329164836e0,3.8870552187e-1,1.9812302541e-1,0.0000000000e0,1.6165266039e2,-7.2381652500e-1,1.6468445547e0,1.0281568225e-1,7.2341406702e-1,0.0000000000e0
12.824490,1.6446144602e2,-2.5092439009e-3,1.4157029235e1,5.7580663875e-1,1.3896846102e-3,3.1686401367e-1,1.6414970711e2,-1.9499601367e-1,4.2845808283e0,3.9161507312e-1,1.9307517152e-1,0.0000000000e0,1.6423101530e2,-7.2009548590e-1,1.6571604822e0,1.0480432583e-1,7.1968961852e-1,0.0000000000e0
12.925510,1.6706358905e2,-2.3392883206e-3,1.4365183470e1,5.7707639609e-1,1.2523547682e-3,2.7955627441e-1,1.6675424531e2,-1.9001466860e-1,4.3366553783e0,3.9448818498e-1,1.8811752934e-1,0.0000000000e0,1.6682979541e2,-7.1636434874e-1,1.6675580979e0,1.0680274101e-1,7.1595511884e-1,0.0000000000e0
13.026531,1.6968603356e2,-2.1903375195e-3,1.4574963994e1,5.7832064370e-1,1.1276749701e-3,2.4295425415e-1,1.6937924839e2,-1.8512325999e-1,4.3891388830e0,3.9732515035e-1,1.8324978003e-1,0.0000000000e0,1.6944899827e2,-7.1262347332e-1,1.6780373915e0,1.0881054236e-1,7.1221092427e-1,0.0000000000e0
13.127551,1.7232878720e2,-2.0603706319e-3,1.4786371267e1,5.7954003851e-1,1.0145791641e-3,2.0837020874e-1,1.7202474310e2,-1.8032138542e-1,4.4420318945e0,4.0012636732e-1,1.7847155864e-1,0.0000000000e0,1.7208862470e2,-7.0887321405e-1,1.6885983660e0,1.1082734954e-1,7.0845739043e-1,0.0000000000e0
13.228571,1.7499185886e2,-1.9473057116e-3,1.4999405823e1,5.8073521877e-1,9.1208094216e-4,1.7665481567e-1,1.7469067722e2,-1.7560874029e-1,4.4953333857e0,4.0289215503e-1,1.7378245564e-1,0.0000000000e0,1.7474867574e2,-7.0511392435e-1,1.6992410249e0,1.1285278508e-1,7.0469487207e-1,0.0000000000e0
13.329592,1.7767525798e2,-1.8490918432e-3,1.5214068228e1,5.8190680397e-1,8.1926850621e-4,1.4828491211e-1,1.7737709612e2,-1.7098480160e-1,4.5490442812e0,4.0562293899e-1,1.6918201834e-1,0.0000000000e0,1.7742915075e2,-7.0134595920e-1,1.7099653653e0,1.1488647314e-1,7.0092372332e-1,0.0000000000e0
13.430612,1.8037899407e2,-1.7637790475e-3,1.5430359053e1,5.8305539495e-1,7.3530002453e-4,1.2340164185e-1,1.8008394366e2,-1.6644918044e-1,4.6031634755e0,4.0831904409e-1,1.6466975242e-1,0.0000000000e0,1.8013005133e2,-6.9756966970e-1,1.7207713930e0,1.1692804263e-1,6.9714429741e-1,0.0000000000e0
13.531633,1.8310307636e2,-1.6895653569e-3,1.5648278852e1,5.8418157408e-1,6.5939907748e-4,1.0190582275e-1,1.8281136206e2,-1.6200111912e-1,4.6576938295e0,4.1098099400e-1,1.6024512346e-1,0.0000000000e0,1.8285137860e2,-6.9378540666e-1,1.7316591121e0,1.1897712540e-1,6.9335694667e-1,0.0000000000e0
13.632653,1.8584751349e2,-1.6248236714e-3,1.5867828142e1,5.8528590566e-1,5.9085039007e-4,8.3633422852e-2,1.8555912927e2,-1.5764041502e-1,4.7126309203e0,4.1360895862e-1,1.5590755840e-1,0.0000000000e0,1.8559312991e2,-6.8999352526e-1,1.7426285114e0,1.2103335382e-1,6.8956202256e-1,0.0000000000e0
13.733673,1.8861231336e2,-1.5681123230e-3,1.6089007400e1,5.8636893640e-1,5.2899572350e-4,6.8222045898e-2,1.8832736428e2,-1.5336627177e-1,4.7679771437e0,4.1620344298e-1,1.5165644705e-1,0.0000000000e0,1.8835530471e2,-6.8619437672e-1,1.7536795884e0,1.2309636543e-1,6.8575987542e-1,0.0000000000e0
13.834694,1.9139748308e2,-1.5181736507e-3,1.6311817050e1,5.8743119598e-1,4.7322996542e-4,5.5381774902e-2,1.9111608551e2,-1.4917802616e-1,4.8237328848e0,4.1876485283e-1,1.4749114358e-1,0.0000000000e0,1.9113791481e2,-6.8238829430e-1,1.7648123898e0,1.2516581067e-1,6.8195085468e-1,0.0000000000e0
13.935714,1.9420302892e2,-1.4739244979e-3,1.6536257470e1,5.8847319762e-1,4.2299744234e-4,4.4776916504e-2,1.9392525637e2,-1.4507506273e-1,4.8798974285e0,4.2129354435e-1,1.4341096806e-1,0.0000000000e0,1.9394094892e2,-6.7857564190e-1,1.7760268701e0,1.2724132655e-1,6.7813530861e-1,0.0000000000e0
14.036735,1.9702895634e2,-1.4344418436e-3,1.6762328986e1,5.8949543871e-1,3.7778845885e-4,3.6048889160e-2,1.9675484725e2,-1.4105671737e-1,4.9364701993e0,4.2378988294e-1,1.3941520784e-1,0.0000000000e0,1.9676440960e2,-6.7475676322e-1,1.7873230389e0,1.2932256440e-1,6.7431358433e-1,0.0000000000e0
14.137755,1.9987527004e2,-1.3989459918e-3,1.6990031882e1,5.9049840142e-1,3.3713595406e-4,2.8930664062e-2,1.9960490450e2,-1.3712218694e-1,4.9934521397e0,4.2625430103e-1,1.3550311917e-1,0.0000000000e0,1.9960829897e2,-6.7093200145e-1,1.7987009045e0,1.3140917923e-1,6.7048602780e-1,0.0000000000e0
14.238776,2.0274197405e2,-1.3667830849e-3,1.7219366399e1,5.9148255326e-1,3.0061240608e-4,2.3124694824e-2,2.0247538795e2,-1.3327075974e-1,5.0508424630e0,4.2868715497e-1,1.3167392851e-1,0.0000000000e0,2.0247262060e2,-6.6710169669e-1,1.8101604805e0,1.3350083127e-1,6.6665298375e-1,0.0000000000e0
14.339796,2.0562907178e2,-1.3374080727e-3,1.7450332742e1,5.9244834774e-1,2.6782688735e-4,1.8455505371e-2,2.0536630685e2,-1.2950162623e-1,5.1086413692e0,4.3108884377e-1,1.2792683413e-1,0.0000000000e0,2.0535736548e2,-6.6326620449e-1,1.8217017306e0,1.3559717584e-1,6.6281479548e-1,0.0000000000e0
14.440816,2.0853656611e2,-1.3103688409e-3,1.7682931083e1,5.9339622484e-1,2.3842230360e-4,1.4686584473e-2,2.0827765793e2,-1.2581396687e-1,5.1668488090e0,4.3345975481e-1,1.2426100746e-1,0.0000000000e0,2.0826254279e2,-6.5942585481e-1,1.8333246911e0,1.3769788589e-1,6.5897180517e-1,0.0000000000e0
14.541837,2.1146445944e2,-1.2852918695e-3,1.7917161567e1,5.9432661156e-1,2.1207281651e-4,1.1650085449e-2,2.1120943806e2,-1.2220693595e-1,5.2254647349e0,4.3580027452e-1,1.2067559454e-1,0.0000000000e0,2.1118815359e2,-6.5558098718e-1,1.8450293657e0,1.3980263283e-1,6.5512435339e-1,0.0000000000e0
14.642857,2.1441275378e2,-1.2618695626e-3,1.8153024314e1,5.9523992245e-1,1.8848143628e-4,9.2239379883e-3,2.1416164446e2,-1.1867966285e-1,5.2844891061e0,4.3811078824e-1,1.1716971746e-1,0.0000000000e0,2.1413418628e2,-6.5173195618e-1,1.8568157078e0,1.4191108359e-1,6.5127277947e-1,0.0000000000e0
14.743878,2.1738145080e2,-1.2398492402e-3,1.8390519425e1,5.9613656002e-1,1.6737770241e-4,7.2784423828e-3,2.1713427394e2,-1.1523125426e-1,5.3439218737e0,4.4039167948e-1,1.1374247573e-1,0.0000000000e0,2.1710065651e2,-6.4787907927e-1,1.8686837794e0,1.4402292917e-1,6.4741742111e-1,0.0000000000e0
14.844898,2.2037055186e2,-1.2190237165e-3,1.8629646981e1,5.9701691523e-1,1.4851560192e-4,5.7296752930e-3,2.2012732365e2,-1.1186079476e-1,5.4037629950e0,4.4264333019e-1,1.1039294768e-1,0.0000000000e0,2.2008755743e2,-6.4402270185e-1,1.8806335528e0,1.4613784912e-1,6.4355861451e-1,0.0000000000e0
14.945918,2.2338005811e2,-1.1992233086e-3,1.8870407052e1,5.9788136788e-1,1.3167154921e-4,4.5242309570e-3,2.2314079146e2,-1.0856734782e-1,5.4640124415e0,4.4486612080e-1,1.0712019182e-1,0.0000000000e0,2.2309488917e2,-6.4016315857e-1,1.8926650282e0,1.4825553274e-1,6.3969669435e-1,0.0000000000e0
15.046939,2.2640997049e2,-1.1803091324e-3,1.9112799693e1,5.9873028703e-1,1.1664263698e-4,3.5476684570e-3,2.2617463010e2,-1.0535000505e-1,5.5246692820e0,4.4706039716e-1,1.0392324813e-1,0.0000000000e0,2.2612264977e2,-6.3630078512e-1,1.9047781972e0,1.5037567262e-1,6.3583199364e-1,0.0000000000e0
15.147959,2.2946028974e2,-1.1621674950e-3,1.9356824950e1,5.9956403133e-1,1.0324477250e-4,2.7923583984e-3,2.2922896818e2,-1.0220765702e-1,5.5857361018e0,4.4922662877e-1,1.0080113948e-1,0.0000000000e0,2.2917084701e2,-6.3243590318e-1,1.9169730908e0,1.5249797296e-1,6.3196484374e-1,0.0000000000e0
15.248980,2.3253101651e2,-1.1447052638e-3,1.9602482860e1,6.0038294946e-1,9.1311244034e-5,2.1743774414e-3,2.3230367190e2,-9.9139451519e-2,5.6472102382e0,4.5136509450e-1,9.7752872824e-2,0.0000000000e0,2.3223947554e2,-6.2856884945e-1,1.9292496869e0,1.5462213362e-1,6.2809557431e-1,0.0000000000e0
15.350000,2.3562215129e2,-1.1278460331e-3,1.9849773455e1,6.0118738037e-1,8.0691156626e-5,1.6937255859e-3,2.3539878230e2,-9.6144339031e-2,5.7090925251e0,4.5347619579e-1,9.4777440548e-2,0.0000000000e0,2.3532855611e2,-6.2469992610e-1,1.9416080685e0,1.5674787738e-1,6.2422451321e-1,0.0000000000e0
15.451020,2.3873369451e2,-1.1115269793e-3,2.0098696759e1,6.0197765367e-1,7.1248050176e-5,1.3198852539e-3,2.3851429767e2,-9.3221300962e-2,5.7713829406e0,4.5556030052e-1,9.1873821680e-2,0.0000000000e0,2.3843802781e2,-6.2082953549e-1,1.9540479914e0,1.5887487587e-1,6.2035198654e-1,0.0000000000e0
15.552041,2.4186564651e2,-1.0956962928e-3,2.0349252793e1,6.0275408993e-1,6.2858729365e-5,1.0528564453e-3,2.4165021410e2,-9.0369308236e-2,5.8340814190e0,4.5761777209e-1,8.9040983133e-2,0.0000000000e0,2.4156796102e2,-6.1695791437e-1,1.9665697368e0,1.6100289570e-1,6.1647831859e-1,0.0000000000e0
15.653061,2.4501800754e2,-1.0803110745e-3,2.0601441573e1,6.0351700094e-1,5.5411956595e-5,8.0108642578e-4,2.4480653027e2,-8.7587318085e-2,5.8971879456e0,4.5964897249e-1,8.6277880925e-2,0.0000000000e0,2.4471832397e2,-6.1308542496e-1,1.9791731773e0,1.6313163842e-1,6.1260383174e-1,0.0000000000e0
15.754082,2.4819077785e2,-1.0653356355e-3,2.0855263112e1,6.0426669003e-1,4.8807531641e-5,6.3323974609e-4,2.4798324388e2,-8.4874278579e-2,5.9607024856e0,4.6165425981e-1,8.3583461312e-2,0.0000000000e0,2.4788912142e2,-6.0921238208e-1,1.9918583316e0,1.6526083557e-1,6.0872884641e-1,0.0000000000e0
15.855102,2.5138395759e2,-1.0507401104e-3,2.1110717421e1,6.0500345233e-1,4.2955199916e-5,4.8828125000e-4,2.5118035203e2,-8.2229129310e-2,6.0246249926e0,4.6363398845e-1,8.0956661971e-2,0.0000000000e0,2.5108035416e2,-6.0533910358e-1,2.0046252025e0,1.6739022096e-1,6.0485368120e-1,0.0000000000e0
15.956122,2.5459754693e2,-1.0364993381e-3,2.1367804509e1,6.0572757502e-1,3.7773739990e-5,3.7384033203e-4,2.5439785358e2,-7.9650800630e-2,6.0889554546e0,4.6558851047e-1,7.8396413101e-2,0.0000000000e0,2.5429202231e2,-6.0146590609e-1,2.0174737902e0,1.6951953292e-1,6.0097865250e-1,0.0000000000e0
16.057143,2.5783154597e2,-1.0225919601e-3,2.1626524383e1,6.0643933760e-1,3.3190190891e-5,2.7465820312e-4,2.5763574543e2,-7.7138217823e-2,6.1536938195e0,4.6751817321e-1,7.5901638536e-2,0.0000000000e0,2.5752412353e2,-5.9759310719e-1,2.0304040851e0,1.7164851316e-1,5.9710407486e-1,0.0000000000e0
16.158163,2.6108595481e2,-1.0089996905e-3,2.1886877048e1,6.0713901210e-1,2.9139017272e-5,1.9836425781e-4,2.6089402577e2,-7.4690299479e-2,6.2188400618e0,4.6942332126e-1,7.3471256802e-2,0.0000000000e0,2.6077666546e2,-5.9372101043e-1,2.0434161174e0,1.7377691494e-1,5.9323026059e-1,0.0000000000e0
16.259184,2.6436077353e2,-9.9570673183e-4,2.2148862509e1,6.0782686334e-1,2.5561450457e-5,1.6784667969e-4,2.6417269351e2,-7.2305959175e-2,6.2843941690e0,4.7130429593e-1,7.1104182136e-2,0.0000000000e0,2.6404963703e2,-5.8984993958e-1,2.0565098425e0,1.7590448424e-1,5.8935752008e-1,0.0000000000e0
16.360204,2.6765600218e2,-9.8269930359e-4,2.2412480770e1,6.0850314913e-1,2.2404829451e-5,1.3732910156e-4,2.6747174561e2,-6.9984108368e-2,6.3503560899e0,4.7316143376e-1,6.8799325533e-2,0.0000000000e0,2.6734303586e2,-5.8598020572e-1,2.0696852506e0,1.7803097780e-1,5.8548616133e-1,0.0000000000e0
16.461224,2.7097164081e2,-9.6996526517e-4,2.2677731834e1,6.0916812051e-1,1.9621982858e-5,9.1552734375e-5,2.7079118090e2,-6.7723654646e-2,6.4167258099e0,4.7499506858e-1,6.6555595712e-2,0.0000000000e0,2.7065689427e2,-5.8211207730e-1,2.0829424707e0,1.8015617954e-1,5.8161649037e-1,0.0000000000e0
16.562245,2.7430768947e2,-9.5749381420e-4,2.2944615703e1,6.0982202194e-1,1.7170771002e-5,4.5776367188e-5,2.7413099783e2,-6.5523504334e-2,6.4835033067e0,4.7680553023e-1,6.4371900022e-2,0.0000000000e0,2.7399117516e2,-5.7824590179e-1,2.0962813541e0,1.8227983367e-1,5.7774881088e-1,0.0000000000e0
16.663265,2.7766414818e2,-9.4527524354e-4,2.3213132378e1,6.1046509150e-1,1.5013509255e-5,6.1035156250e-5,2.7749119496e2,-6.3382563074e-2,6.5506885595e0,4.7859314478e-1,6.2247145455e-2,0.0000000000e0,2.7734589963e2,-5.7438195644e-1,2.1097019850e0,1.8440172671e-1,5.7388342433e-1,0.0000000000e0
16.764286,2.8104101697e2,-9.3330074818e-4,2.3483281862e1,6.1109756108e-1,1.3116564389e-5,6.1035156250e-5,2.8087176978e2,-6.1299737443e-2,6.6182815264e0,4.8035823390e-1,6.0180239434e-2,0.0000000000e0,2.8072105822e2,-5.7052055167e-1,2.1232043252e0,1.8652163052e-1,5.7002062992e-1,0.0000000000e0
16.865306,2.8443829586e2,-9.2156227026e-4,2.3755064156e1,6.1171965657e-1,1.1449945987e-5,3.0517578125e-5,2.8427272103e2,-5.9273934373e-2,6.6862821895e0,4.8210111605e-1,5.8170090748e-2,0.0000000000e0,2.8411665449e2,-5.6666198061e-1,2.1367883888e0,1.8863933013e-1,5.6616072442e-1,0.0000000000e0
16.966327,2.8785598487e2,-9.1005237506e-4,2.4028479261e1,6.1233159806e-1,9.9869238852e-6,3.0517578125e-5,2.8769361364e2,-5.7304307724e-2,6.7546818567e0,4.8382188955e-1,5.6215610351e-2,0.0000000000e0,2.8753269263e2,-5.6280653338e-1,2.1504541923e0,1.9075461572e-1,5.6230400237e-1,0.0000000000e0
17.067347,2.9129408401e2,-8.9876415209e-4,2.4303527178e1,6.1293359997e-1,8.7037383878e-6,3.0517578125e-5,2.9113584188e2,-5.5388983238e-2,6.8235084130e0,4.8552155981e-1,5.4315712175e-2,0.0000000000e0,2.9096916153e2,-5.5895451497e-1,2.1642016909e0,1.9286727283e-1,5.5845075588e-1,0.0000000000e0
17.168367,2.9475259330e2,-8.8769113527e-4,2.4580207907e1,6.1352587125e-1,7.5792457892e-6,3.0517578125e-5,2.9459782109e2,-5.3527764826e-2,6.8927301799e0,4.8719964690e-1,5.2469313898e-2,0.0000000000e0,2.9442606949e2,-5.5510620604e-1,2.1780309177e0,1.9497710379e-1,5.5460127462e-1,0.0000000000e0
17.269388,2.9823151273e2,-8.7682723921e-4,2.4858521448e1,6.1410861555e-1,6.5946372843e-6,-1.5258789062e-5,2.9808060700e2,-5.1718999840e-2,6.9623682727e0,4.8885696876e-1,5.0675337666e-2,0.0000000000e0,2.9790342055e2,-5.5126188979e-1,2.1919418886e0,1.9708391294e-1,5.5075584583e-1,0.0000000000e0
17.370408,3.0173084232e2,-8.6616670811e-4,2.5138467804e1,6.1468203133e-1,5.7332513848e-6,4.5776367188e-5,3.0158291048e2,-4.9962269110e-2,7.0323969209e0,4.9049321675e-1,4.8932710864e-2,0.0000000000e0,3.0140120571e2,-5.4742186128e-1,2.2059345674e0,1.9918750144e-1,5.4691475424e-1,0.0000000000e0
17.471429,3.0525058207e2,-8.5570407423e-4,2.5420046973e1,6.1524631208e-1,4.9803181241e-6,-1.5258789062e-5,3.0510647619e2,-4.8255630731e-2,7.1028510142e0,4.9210950123e-1,4.7240366721e-2,0.0000000000e0,3.0491943538e2,-5.4358639177e-1,2.2200089955e0,2.0128768681e-1,5.4307828209e-1,0.0000000000e0
17.572449,3.0879073200e2,-8.4543412425e-4,2.5703258956e1,6.1580164639e-1,4.3227286710e-6,-1.5258789062e-5,3.0864981615e2,-4.6598747695e-2,7.1737008058e0,4.9370542737e-1,4.5597245023e-2,0.0000000000e0,3.0845810148e2,-5.3975577018e-1,2.2341651404e0,2.0338428011e-1,5.3924670912e-1,0.0000000000e0
17.673469,3.1235129210e2,-8.3535187212e-4,2.5988103753e1,6.1634821816e-1,3.7489041347e-6,-1.5258789062e-5,3.1221373536e2,-4.4990178587e-2,7.2449623964e0,4.9528165032e-1,4.4002292701e-2,0.0000000000e0,3.1201720707e2,-5.3593027071e-1,2.2484030141e0,2.0547710363e-1,5.3542031243e-1,0.0000000000e0
17.774490,3.1593226238e2,-8.2545253659e-4,2.6274581365e1,6.1688620668e-1,3.2486074133e-6,-1.5258789062e-5,3.1579802096e2,-4.3428975618e-2,7.3166315339e0,4.9683835718e-1,4.2454464451e-2,0.0000000000e0,3.1559674733e2,-5.3211017346e-1,2.2627225972e0,2.0756597953e-1,5.3159936660e-1,0.0000000000e0
17.875510,3.1953364283e2,-8.1573152278e-4,2.6562691793e1,6.1741578683e-1,2.8127795986e-6,-4.5776367188e-5,3.1940267198e2,-4.1914098685e-2,7.3887082030e0,4.9837582753e-1,4.0952723311e-2,0.0000000000e0,3.1919673680e2,-5.2829573531e-1,2.2771239476e0,2.0965074575e-1,5.2778414351e-1,0.0000000000e0
17.976531,3.2315543348e2,-8.0618440690e-4,2.6852435035e1,6.1793712911e-1,2.4334298132e-6,-3.0517578125e-5,3.2302768783e2,-4.0444516323e-2,7.4611923959e0,4.9989433726e-1,3.9496041141e-2,0.0000000000e0,3.2281716006e2,-5.2448724235e-1,2.2916070035e0,2.1173122722e-1,5.2397491249e-1,0.0000000000e0
18.077551,3.2679763431e2,-7.9680692336e-4,2.7143811092e1,6.1845039988e-1,2.1035182840e-6,0.0000000000e0,3.2667306778e2,-3.9019206459e-2,7.5340841012e0,5.0139415836e-1,3.8083399191e-2,0.0000000000e0,3.2645802630e2,-5.2068495191e-1,2.3061718016e0,2.1380726753e-1,5.2017194012e-1,0.0000000000e0
18.178571,3.3046024532e2,-7.8759495389e-4,2.7436819965e1,6.1895576139e-1,1.8168468046e-6,-3.0517578125e-5,3.3033881121e2,-3.7637156786e-2,7.6073833096e0,5.0287555908e-1,3.6713788595e-2,0.0000000000e0,3.3011933132e2,-5.1688913274e-1,2.3208183248e0,2.1587870687e-1,5.1637549036e-1,0.0000000000e0
18.279592,3.3414326653e2,-7.7854451821e-4,2.7731461653e1,6.1945337192e-1,1.5679702301e-6,-1.5258789062e-5,3.3402491755e2,-3.6297365257e-2,7.6810900128e0,5.0433880388e-1,3.5386210729e-2,-1.5258789062e-5,3.3380107673e2,-5.1310004483e-1,2.3355465794e0,2.1794539306e-1,5.1258582434e-1,0.0000000000e0
18.380612,3.3784669793e2,-7.6965176598e-4,2.8027736158e1,6.1994338593e-1,1.3520883044e-6,4.5776367188e-5,3.3773138633e2,-3.4998840517e-2,7.7552042033e0,5.0578415350e-1,3.4099677790e-2,0.0000000000e0,3.3750326066e2,-5.0931794896e-1,2.3503565579e0,2.2000717616e-1,5.0880320061e-1,0.0000000000e0
18.481633,3.4157053953e2,-7.6091296973e-4,2.8325643477e1,6.2042595412e-1,1.1649750604e-6,1.5258789062e-5,3.4145821708e2,-3.3740602319e-2,7.8297258744e0,5.0721186499e-1,3.2853213095e-2,0.0000000000e0,3.4122588924e2,-5.0554309506e-1,2.3652482845e0,2.2206391486e-1,5.0502787479e-1,0.0000000000e0
18.582653,3.4531479132e2,-7.5232451868e-4,2.8625183613e1,6.2090122356e-1,1.0029348232e-6,1.5258789062e-5,3.4520540942e2,-3.2521681906e-2,7.9046550204e0,5.0862219170e-1,3.1645851430e-2,0.0000000000e0,3.4496895592e2,-5.0177574316e-1,2.3802217330e0,2.2411546491e-1,5.0126009988e-1,0.0000000000e0
18.683673,3.4907945331e2,-7.4388291310e-4,2.8926356565e1,6.2136933778e-1,8.6272052613e-7,3.0517578125e-5,3.4897296304e2,-3.1341122376e-2,7.9799916364e0,5.1001538334e-1,3.0476639505e-2,0.0000000000e0,3.4873246510e2,-4.9801613938e-1,2.3952769209e0,2.2616169222e-1,4.9750012596e-1,0.0000000000e0
18.784694,3.5286452549e2,-7.3558475937e-4,2.9229162333e1,6.2183043689e-1,7.4151836316e-7,-4.5776367188e-5,3.5276087764e2,-3.0197979010e-2,8.0557357181e0,5.1139168602e-1,2.9344636275e-2,0.0000000000e0,3.5251641412e2,-4.9426453416e-1,2.4104138374e0,2.2820246278e-1,4.9374820032e-1,0.0000000000e0
18.885714,3.5667000788e2,-7.2742676529e-4,2.9533600917e1,6.2228465764e-1,6.3681000029e-7,4.5776367188e-5,3.5656915299e2,-2.9091319590e-2,8.1318872620e0,5.1275134223e-1,2.8248913091e-2,0.0000000000e0,3.5632080687e2,-4.9052116858e-1,2.4256324979e0,2.3023765009e-1,4.9000456741e-1,0.0000000000e0
18.986735,3.6049590047e2,-7.1940573601e-4,2.9839672318e1,6.2273213355e-1,5.4644249303e-7,0.0000000000e0,3.6039778991e2,-2.8020224404e-2,8.2084462853e0,5.1409459130e-1,2.7188554180e-2,0.0000000000e0,3.6014563492e2,-4.8678629295e-1,2.4409328687e0,2.3226712497e-1,4.8626946885e-1,0.0000000000e0
19.087755,3.6434220326e2,-7.1151857005e-4,3.0147376535e1,6.2317299498e-1,4.6853045887e-7,3.0517578125e-5,3.6424678539e2,-2.6983787839e-2,8.2854127285e0,5.1542166766e-1,2.6162656760e-2,3.0517578125e-5,3.6399090844e2,-4.8306013651e-1,2.4563149904e0,2.3429077195e-1,4.8254314331e-1,0.0000000000e0
19.188776,3.6820891625e2,-7.0376225569e-4,3.0456713568e1,6.2360736923e-1,4.0138507984e-7,0.0000000000e0,3.6811614221e2,-2.5981116002e-2,8.3627866474e0,5.1673280430e-1,2.5170331366e-2,3.0517578125e-5,3.6785662328e2,-4.7934293962e-1,2.4717788462e0,2.3630847174e-1,4.7882582670e-1,0.0000000000e0
19.289796,3.7209603945e2,-6.9613386764e-4,3.0767683418e1,6.2403538060e-1,3.4358646417e-7,0.0000000000e0,3.7200585939e2,-2.5011329531e-2,8.4405680228e0,5.1802822941e-1,2.4210701973e-2,6.1035156250e-5,3.7174277778e2,-4.7563493726e-1,2.4873244295e0,2.3832011011e-1,4.7511775179e-1,0.0000000000e0
19.390816,3.7600357286e2,-6.8863056383e-4,3.1080286085e1,6.2445715049e-1,2.9386217193e-7,0.0000000000e0,3.7591593695e2,-2.4073562501e-2,8.5187568548e0,5.1930816813e-1,2.3282906253e-2,-3.0517578125e-5,3.7564937623e2,-4.7193635580e-1,2.5029517572e0,2.4032557955e-1,4.7141914866e-1,0.0000000000e0
19.491837,3.7993151647e2,-6.8124958235e-4,3.1394521568e1,6.2487279748e-1,2.5114144364e-7,-3.0517578125e-5,3.7984637494e2,-2.3166962852e-2,8.5973531444e0,5.2057284222e-1,2.2386095727e-2,-3.0517578125e-5,3.7957641555e2,-4.6824742572e-1,2.5186608172e0,2.4232477236e-1,4.6773024434e-1,0.0000000000e0
19.592857,3.8387987029e2,-6.7398823870e-4,3.1710389868e1,6.2528243739e-1,2.1444981257e-7,6.1035156250e-5,3.8379717346e2,-2.2290692541e-2,8.6763568929e0,5.2182247011e-1,2.1519435907e-2,0.0000000000e0,3.8352389430e2,-4.6456837289e-1,2.5344516035e0,2.4431758525e-1,4.6405126288e-1,0.0000000000e0
19.693878,3.8784863432e2,-6.6684392299e-4,3.2027890985e1,6.2568618340e-1,1.8296515236e-7,-3.0517578125e-5,3.8776833266e2,-2.1443927676e-2,8.7557681025e0,5.2305726695e-1,2.0682106427e-2,0.0000000000e0,3.8749181716e2,-4.6089941458e-1,2.5503241348e0,2.4630392148e-1,4.6038242545e-1,0.0000000000e0
19.794898,3.9183780856e2,-6.5981409742e-4,3.2347024919e1,6.2608414606e-1,1.5597947822e-7,3.0517578125e-5,3.9175985271e2,-2.0625858625e-2,8.8355867759e0,5.2427744464e-1,1.9873301139e-2,0.0000000000e0,3.9148018145e2,-4.5724077191e-1,2.5662784004e0,2.4828368403e-1,4.5672395017e-1,0.0000000000e0
19.895918,3.9584739301e2,-6.5289629383e-4,3.2667791670e1,6.2647643339e-1,1.3287268530e-7,3.0517578125e-5,3.9577173382e2,-1.9835690105e-2,8.9158129162e0,5.2548321187e-1,1.9092228238e-2,0.0000000000e0,3.9548898692e2,-4.5359266077e-1,2.5823143992e0,2.5025678048e-1,4.5307605212e-1,0.0000000000e0
19.996939,3.9987738767e2,-6.4608811129e-4,3.2990191237e1,6.2686315095e-1,1.1309032288e-7,0.0000000000e0,3.9980397624e2,-1.9072641256e-2,8.9964465273e0,5.2667477416e-1,1.8338110316e-2,3.0517578125e-5,3.9951823435e2,-4.4995529305e-1,2.5984321344e0,2.5222312221e-1,4.4943894354e-1,0.0000000000e0
20.097959,4.0392779254e2,-6.3938721391e-4,3.3314223622e1,6.2724440191e-1,9.6175881481e-8,3.0517578125e-5,4.0385658026e2,-1.8335945680e-2,9.0774876134e0,5.2785233389e-1,1.7610184412e-2,-3.0517578125e-5,4.0356792350e2,-4.4632887862e-1,2.6146316049e0,2.5418262335e-1,4.4581283354e-1,0.0000000000e0
20.198980,4.0799860763e2,-6.3279132865e-4,3.3639888825e1,6.2762028711e-1,8.1722021150e-8,-3.0517578125e-5,4.0792954620e2,-1.7624851468e-2,9.1589361792e0,5.2901609036e-1,1.6907702051e-2,0.0000000000e0,4.0763805487e2,-4.4271362363e-1,2.6309128127e0,2.5613520158e-1,4.4219792815e-1,0.0000000000e0
20.300000,4.1208983292e2,-6.2629824329e-4,3.3967186844e1,6.2799090510e-1,6.9389386681e-8,0.0000000000e0,4.1202287439e2,-1.6938621186e-2,9.2407922300e0,5.3016623981e-1,1.6229929260e-2,6.1035156250e-5,4.1172862728e2,-4.3910973269e-1,2.6472757532e0,2.5808077690e-1,4.3859443051e-1,0.0000000000e0
20.401020,4.1620146844e2,-6.1990580441e-4,3.4296117681e1,6.2835635222e-1,5.8868408814e-8,0.0000000000e0,4.1613656523e2,-1.6276531831e-2,9.3230557714e0,5.3130297549e-1,1.5576146660e-2,0.0000000000e0,4.1583964164e2,-4.3551740553e-1,2.6637204300e0,2.6001927339e-1,4.3500254059e-1,0.0000000000e0
20.502041,4.2033351417e2,-6.1361191550e-4,3.4626681335e1,6.2871672268e-1,4.9900279464e-8,0.0000000000e0,4.2027061911e2,-1.5637874742e-2,9.4057268094e0,5.3242648766e-1,1.4945649313e-2,6.1035156250e-5,4.1997109778e2,-4.3193683980e-1,2.6802468423e0,2.6195061762e-1,4.3142245540e-1,0.0000000000e0
20.603061,4.2448597011e2,-6.0741453516e-4,3.4958877806e1,6.2907210856e-1,4.2262172428e-8,-3.0517578125e-5,4.2442503646e2,-1.5021955453e-2,9.4888053507e0,5.3353696366e-1,1.4337746811e-2,9.1552734375e-5,4.2411995173e2,-4.2837083439e-1,2.6968428121e0,2.6387333474e-1,4.2785436890e-1,0.0000000000e0
20.704082,4.2865883627e2,-6.0131167530e-4,3.5292707095e1,6.2942259991e-1,3.5765197026e-8,-3.0517578125e-5,4.2859981776e2,-1.4428093476e-2,9.5722914021e0,5.3463458796e-1,1.3751763213e-2,1.5258789062e-4,4.2829533584e2,-4.2481176682e-1,2.7135448756e0,2.6579157088e-1,4.2429847183e-1,0.0000000000e0
20.805102,4.3285211265e2,-5.9530139945e-4,3.5628169201e1,6.2976828481e-1,3.0241096738e-8,3.0517578125e-5,4.3279496348e2,-1.3855622002e-2,9.6561849710e0,5.3571954214e-1,1.3187036973e-2,3.0517578125e-4,4.3248811721e2,-4.2126763973e-1,2.7303164944e0,2.6770104753e-1,4.2075495208e-1,0.0000000000e0
20.906122,4.3706579925e2,-5.8938182118e-4,3.5965264125e1,6.3010924937e-1,2.5550491500e-8,-3.0517578125e-5,4.3701047414e2,-1.3303887488e-2,9.7404860651e0,5.3679200503e-1,1.2642920908e-2,3.6621093750e-4,4.3670134080e2,-4.1773603299e-1,2.7471698507e0,2.6960310776e-1,4.1722399433e-1,0.0000000000e0
21.007143,4.4129989606e2,-5.8355110249e-4,3.6303991866e1,6.3044557783e-1,2.1567586828e-8,-3.0517578125e-5,4.4124635029e2,-1.2772249135e-2,9.8251946925e0,5.3785215264e-1,1.2118782109e-2,6.4086914062e-4,4.4093500514e2,-4.1421712999e-1,2.7641049386e0,2.7149769179e-1,4.1370578021e-1,0.0000000000e0
21.108163,4.4555440310e2,-5.7780745231e-4,3.6644352425e1,6.3077735259e-1,1.8193929918e-8,0.0000000000e0,4.4550259250e2,-1.2260078208e-2,9.9103108619e0,5.3890015829e-1,1.1614001916e-2,9.4604492188e-4,4.4518911185e2,-4.1071110844e-1,2.7811217647e0,2.7338474391e-1,4.1020048826e-1,0.0000000000e0
21.209184,4.4982932035e2,-5.7214912506e-4,3.6986345802e1,6.3110465424e-1,1.5333853298e-8,3.0517578125e-5,4.4977920138e2,-1.1766757220e-2,9.9958345823e0,5.3993619262e-1,1.1127975697e-2,1.4648437500e-3,4.4946365961e2,-4.0721814541e-1,2.7982203237e0,2.7526420972e-1,4.0670829402e-1,0.0000000000e0
21.310204,4.5412464782e2,-5.6657441924e-4,3.7329971997e1,6.3142756165e-1,1.2910561509e-8,3.0517578125e-5,4.5407617756e2,-1.1291678954e-2,1.0081765863e1,5.4096042359e-1,1.0660112874e-2,2.1972656250e-3,4.5375864871e2,-4.0373841355e-1,2.8154006169e0,2.7713603810e-1,4.0322936979e-1,0.0000000000e0
21.411224,4.5844038552e2,-5.6108167609e-4,3.7675231009e1,6.3174615197e-1,1.0859196209e-8,0.0000000000e0,4.5839352173e2,-1.0834245330e-2,1.0168104715e1,5.4197301660e-1,1.0209836730e-2,3.1433105469e-3,4.5807407938e2,-4.0027208248e-1,2.8326626453e0,2.7900018042e-1,3.9976388492e-1,0.0000000000e0
21.512245,4.6277653344e2,-5.5566927829e-4,3.8022122839e1,6.3206050069e-1,9.1350784714e-9,3.0517578125e-5,4.6273123462e2,-1.0393866160e-2,1.0254851149e1,5.4297413448e-1,9.7765843347e-3,4.5471191406e-3,4.6240995095e2,-3.9681931945e-1,2.8500064062e0,2.8085659013e-1,3.9631200553e-1,0.0000000000e0
21.613265,4.6713309157e2,-5.5033564870e-4,3.8370647487e1,6.3237068169e-1,7.6748847277e-9,3.0517578125e-5,4.6708931700e2,-9.9699578063e-3,1.0342005177e1,5.4396393752e-1,9.3598063509e-3,6.3171386719e-3,4.6676626460e2,-3.9338028713e-1,2.8674319044e0,2.8270522387e-1,3.9287389482e-1,0.0000000000e0
21.714286,4.7151005993e2,-5.4507924915e-4,3.8720804952e1,6.3267676728e-1,6.4497385210e-9,0.0000000000e0,4.7146776970e2,-9.5619418200e-3,1.0429566810e1,5.4494258354e-1,8.9589669714e-3,8.6975097656e-3,4.7114301871e2,-3.8995514734e-1,2.8849391337e0,2.8454603947e-1,3.8944971274e-1,0.0000000000e0
21.815306,4.7590743852e2,-5.3989857928e-4,3.9072595236e1,6.3297882821e-1,5.4116640058e-9,0.0000000000e0,4.7586659363e2,-9.1692436310e-3,1.0517536063e1,5.4591022794e-1,8.5735437385e-3,1.1901855469e-2,4.7554021435e2,-3.8654405668e-1,2.9025280983e0,2.8637899816e-1,3.8603961630e-1,0.0000000000e0
21.916327,4.8032522732e2,-5.3479217545e-4,3.9426018337e1,6.3327693375e-1,4.5226329348e-9,-3.0517578125e-5,4.8028578975e2,-8.7912913900e-3,1.0605912949e1,5.4686702370e-1,8.2030273190e-3,1.5838623047e-2,4.7995785063e2,-3.8314717020e-1,2.9201987947e0,2.8820406265e-1,3.8264375928e-1,0.0000000000e0
22.017347,4.8476342636e2,-5.2975860957e-4,3.9781074257e1,6.3357115170e-1,3.7929908103e-9,-3.0517578125e-5,4.8472535909e2,-8.4275150700e-3,1.0694697485e1,5.4781312145e-1,7.8469214935e-3,2.0935058594e-2,4.8439592778e2,-3.7976463897e-1,2.9379512240e0,2.9002119830e-1,3.7926229243e-1,0.0000000000e0
22.118367,4.8922203561e2,-5.2479648814e-4,4.0137762995e1,6.3386154845e-1,3.1806166589e-9,0.0000000000e0,4.8918530278e2,-8.0773459456e-3,1.0783889688e1,5.4874866947e-1,7.5047428851e-3,2.7099609375e-2,4.8885444566e2,-3.7639661129e-1,2.9557853859e0,2.9183037249e-1,3.7589536347e-1,0.0000000000e0
22.219388,4.9370105509e2,-5.1990445120e-4,4.0496084550e1,6.3414818898e-1,2.6557813726e-9,3.0517578125e-5,4.9366562202e2,-7.7402165644e-3,1.0873489575e1,5.4967381380e-1,7.1760207532e-3,3.4698486328e-2,4.9333340411e2,-3.7304323235e-1,2.9737012796e0,2.9363155469e-1,3.7254311698e-1,0.0000000000e0
22.320408,4.9820048479e2,-5.1508117134e-4,4.0856038924e1,6.3443113692e-1,2.2092194740e-9,0.0000000000e0,4.9816631806e2,-7.4155613181e-3,1.0963497164e1,5.5058869817e-1,6.8602969344e-3,4.3823242188e-2,4.9783280300e2,-3.6970464429e-1,2.9916989049e0,2.9542471643e-1,3.6920569444e-1,0.0000000000e0
22.421429,5.0272032473e2,-5.1032535279e-4,4.1217626116e1,6.3471045458e-1,1.8457058104e-9,0.0000000000e0,5.0268739226e2,-7.1028176960e-3,1.1053912478e1,5.5149346414e-1,6.5571256028e-3,5.4534912109e-2,5.0235456800e2,-3.6637957696e-1,3.0097859655e0,2.9721058840e-1,3.6588323434e-1,0.0000000000e0
22.522449,5.0726057488e2,-5.0563573050e-4,4.1580846125e1,6.3498620298e-1,1.5443220036e-9,0.0000000000e0,5.0722884602e2,-6.8014282755e-3,1.1144735536e1,5.5238825104e-1,6.2660730047e-3,6.7077636719e-2,5.0689292131e2,-3.6307239407e-1,3.0279393475e0,2.9898687463e-1,3.6257587202e-1,0.0000000000e0
22.623469,5.1182123526e2,-5.0101106924e-4,4.1945698954e1,6.3525844189e-1,1.2840928321e-9,0.0000000000e0,5.1179068079e2,-6.5108434695e-3,1.1235966360e1,5.5327319606e-1,5.9867173734e-3,8.1451416016e-2,5.1145364128e2,-3.5977900019e-1,3.0461821673e0,3.0075582437e-1,3.5928373984e-1,0.0000000000e0
22.724490,5.1640230587e2,-4.9645016276e-4,4.2312184600e1,6.3552722984e-1,1.0676330930e-9,6.1035156250e-5,5.1637289805e2,-6.2305249996e-3,1.1327604972e1,5.5414843426e-1,5.7186487578e-3,9.7595214844e-2,5.1603621007e2,-3.5649993183e-1,3.0645123532e0,3.0251719853e-1,3.5600696700e-1,0.0000000000e0
22.825510,5.2100378671e2,-4.9195183301e-4,4.2680303064e1,6.3579262415e-1,8.8186880021e-10,0.0000000000e0,5.2097549928e2,-5.9599500132e-3,1.1419651396e1,5.5501409856e-1,5.4614686881e-3,1.1566162109e-1,5.2063411388e2,-3.5323993858e-1,3.0829038476e0,3.0426849402e-1,3.5274567977e-1,0.0000000000e0
22.926531,5.2562567778e2,-4.8751492927e-4,4.3050054347e1,6.3605468100e-1,7.4317085819e-10,-6.1035156250e-5,5.2559848594e2,-5.6986157244e-3,1.1512105652e1,5.5587031983e-1,5.2147901032e-3,1.3549804688e-1,5.2525843873e2,-3.4999129560e-1,3.1014009993e0,3.0601391162e-1,3.4950000129e-1,0.0000000000e0
23.027551,5.3026797907e2,-4.8313832743e-4,4.3421438448e1,6.3631345541e-1,6.1652372096e-10,6.1035156250e-5,5.3024185945e2,-5.4460443939e-3,1.1604967761e1,5.5671722686e-1,4.9782370851e-3,1.5686035156e-1,5.2990091708e2,-3.4675996526e-1,3.1199707349e0,3.0775029660e-1,3.4627005167e-1,0.0000000000e0
23.128571,5.3493069059e2,-4.7882092925e-4,4.3794455368e1,6.3656900129e-1,5.0977178034e-10,0.0000000000e0,5.3490562114e2,-5.2017884368e-3,1.1698237745e1,5.5755494639e-1,4.7514447155e-3,1.7980957031e-1,5.3456383497e2,-3.4354445242e-1,3.1386221995e0,3.0947850211e-1,3.4305594809e-1,0.0000000000e0
23.229592,5.3961381234e2,-4.7456166162e-4,4.4169105106e1,6.3682137145e-1,4.3075942813e-10,6.1035156250e-5,5.3958977221e2,-4.9654353899e-3,1.1791915620e1,5.5838360317e-1,4.5340587508e-3,2.0367431641e-1,5.3924719130e2,-3.4034487241e-1,3.1573553891e0,3.1119851581e-1,3.3985780459e-1,0.0000000000e0
23.330612,5.4431734432e2,-4.7035947588e-4,4.4545387662e1,6.3707061767e-1,3.4947333916e-10,1.2207031250e-4,5.4429431374e2,-4.7366124955e-3,1.1886001404e1,5.5920331993e-1,4.3257355494e-3,2.2845458984e-1,5.4395098626e2,-3.3716133666e-1,3.1761703046e0,3.1291032745e-1,3.3667573228e-1,0.0000000000e0
23.431633,5.4904128652e2,-4.6621334714e-4,4.4923303036e1,6.3731679066e-1,2.8308022593e-10,1.2207031250e-4,5.4901924659e2,-4.5149905921e-3,1.1980495108e1,5.6001421743e-1,4.1261417852e-3,2.5354003906e-1,5.4867522038e2,-3.3399395337e-1,3.1950669481e0,3.1461392850e-1,3.3350983920e-1,0.0000000000e0
23.532653,5.5378563896e2,-4.6212227365e-4,4.5302851229e1,6.3755994013e-1,2.3578650143e-10,0.0000000000e0,5.5376457146e2,-4.3002870685e-3,1.2075396744e1,5.6081641450e-1,3.9349542446e-3,2.7874755859e-1,5.5341989389e2,-3.3084282800e-1,3.2140453209e0,3.1630931180e-1,3.3036023056e-1,0.0000000000e0
23.633673,5.5855040163e2,-4.5808527611e-4,4.5684032240e1,6.3780011481e-1,1.9053914002e-10,6.1035156250e-5,5.5853028880e2,-4.0922676552e-3,1.2170706318e1,5.6161002804e-1,3.7518597144e-3,3.0346679688e-1,5.5818500671e2,-3.2770806321e-1,3.2331054229e0,3.1799647162e-1,3.2722700843e-1,0.0000000000e0
23.734694,5.6333557453e2,-4.5410139716e-4,4.6066846070e1,6.3803736245e-1,1.7337242753e-10,6.1035156250e-5,5.6331639883e2,-3.8907468052e-3,1.2266423833e1,5.6239517304e-1,3.5765545134e-3,3.2733154297e-1,5.6297055487e2,-3.2458976122e-1,3.2522472383e0,3.1967540229e-1,3.2411027199e-1,0.0000000000e0
23.835714,5.6814115765e2,-4.5016970068e-4,4.6451292719e1,6.3827172987e-1,1.3767476048e-10,0.0000000000e0,5.6812290151e2,-3.6955866884e-3,1.2362549290e1,5.6317196267e-1,3.4087446464e-3,3.4973144531e-1,5.6777654236e2,-3.2148801611e-1,3.2714707833e0,3.2134610236e-1,3.2101011742e-1,0.0000000000e0
23.936735,5.7296715101e2,-4.4628927132e-4,4.6837372185e1,6.3850326296e-1,1.1812062439e-10,6.1035156250e-5,5.7294979659e2,-3.5066945676e-3,1.2459082683e1,5.6394050825e-1,3.2481453045e-3,3.7036132812e-1,5.7260445688e2,-3.1840197565e-1,3.2907820093e0,3.2300908042e-1,3.1792663804e-1,0.0000000000e0
24.037755,5.7781355460e2,-4.4245921385e-4,4.7225084471e1,6.3873200672e-1,8.9016793936e-11,0.0000000000e0,5.7779708357e2,-3.3240187632e-3,1.2556024006e1,5.6470091932e-1,3.0944807733e-3,3.8891601562e-1,5.7744983016e2,-3.1533457190e-1,3.3101630421e0,3.2466280439e-1,3.1485992416e-1,0.0000000000e0
24.138776,5.8268036842e2,-4.3867865272e-4,4.7614429575e1,6.3895800527e-1,6.7188921093e-11,6.1035156250e-5,5.8266476174e2,-3.1475432532e-3,1.2653373248e1,5.6545330367e-1,2.9474841920e-3,4.0490722656e-1,5.8231713061e2,-3.1228305140e-1,3.3296317571e0,3.2630880745e-1,3.1181006326e-1,0.0000000000e0
24.239796,5.8756759247e2,-4.3494673146e-4,4.8005407497e1,6.3918130185e-1,5.4114934755e-11,1.8310546875e-4,5.8755283024e2,-2.9772811737e-3,1.2751130396e1,5.6619776739e-1,2.8068974235e-3,4.1790771484e-1,5.8720486751e2,-3.0924844706e-1,3.3491821909e0,3.2794658096e-1,3.0877713986e-1,0.0000000000e0
24.340816,5.9247522676e2,-4.3126261222e-4,4.8398018238e1,6.3940193890e-1,5.1386450650e-11,1.2207031250e-4,5.9246128806e2,-2.8132674291e-3,1.2849295436e1,5.6693441488e-1,2.6724707363e-3,4.2791748047e-1,5.9211304174e2,-3.0623084042e-1,3.3688143474e0,3.2957612889e-1,3.0576123559e-1,0.0000000000e0
24.441837,5.9740327128e2,-4.2762547528e-4,4.8792261798e1,6.3961995801e-1,3.9676706365e-11,0.0000000000e0,5.9739013407e2,-2.6555508377e-3,1.2947868349e1,5.6766334895e-1,2.5439626636e-3,4.3505859375e-1,5.9704165251e2,-3.0323031119e-1,3.3885282236e0,3.3119745588e-1,3.0276242931e-1,0.0000000000e0
24.542857,6.0235172602e2,-4.2403451856e-4,4.9188138176e1,6.3983539999e-1,3.2059688237e-11,0.0000000000e0,6.0233936712e2,-2.5041861282e-3,1.3046849119e1,5.6838467080e-1,2.4211398357e-3,4.3853759766e-1,6.0199069943e2,-3.0024693597e-1,3.4083238182e0,3.3281056785e-1,2.9978079682e-1,0.0000000000e0
24.643878,6.0732059101e2,-4.2048895717e-4,4.9585647373e1,6.4004830484e-1,3.0922819860e-11,6.1035156250e-5,6.0730898603e2,-2.3592260864e-3,1.3146237728e1,5.6909848010e-1,2.3037766274e-3,4.3896484375e-1,6.0696018339e2,-2.9728078777e-1,3.4282011350e0,3.3441547226e-1,2.9681641130e-1,0.0000000000e0
24.744898,6.1230986622e2,-4.1698802297e-4,4.9984789388e1,6.4025871182e-1,2.6830093702e-11,0.0000000000e0,6.1229898967e2,-2.2207143754e-3,1.3246034159e1,5.6980487503e-1,2.1916551556e-3,4.3646240234e-1,6.1195010278e2,-2.9433193823e-1,3.4481601678e0,3.3601217691e-1,2.9386934301e-1,0.0000000000e0
24.845918,6.1731955167e2,-4.1353096414e-4,5.0385564223e1,6.4046665944e-1,2.9103830457e-11,-6.1035156250e-5,6.1730937699e2,-2.0886790872e-3,1.3346238396e1,5.7050395229e-1,2.0845649433e-3,4.3103027344e-1,6.1696045794e2,-2.9140045504e-1,3.4682009181e0,3.3760069124e-1,2.9093965943e-1,0.0000000000e0
24.946939,6.2234964735e2,-4.1011704475e-4,5.0787971876e1,6.4067218546e-1,2.0008883439e-11,-6.1035156250e-5,6.2234014705e2,-1.9631274634e-3,1.3446850426e1,5.7119580715e-1,1.9823028397e-3,4.2303466797e-1,6.2199124866e2,-2.8848640343e-1,3.4883233855e0,3.3918102559e-1,2.8802742518e-1,0.0000000000e0
25.047959,6.2740015326e2,-4.0674554438e-4,5.1192012347e1,6.4087532695e-1,8.9812601800e-12,-6.1035156250e-5,6.2739129906e2,-1.8440417436e-3,1.3547870236e1,5.7188053350e-1,1.8846726854e-3,4.1223144531e-1,6.2704247473e2,-2.8558984582e-1,3.5085275693e0,3.4075319132e-1,2.8513270217e-1,0.0000000000e0
25.148980,6.3247106941e2,-4.0341575769e-4,5.1597685638e1,6.4107612027e-1,7.0485839387e-12,6.1035156250e-5,6.3246283239e2,-1.7313764129e-3,1.3649297817e1,5.7255822384e-1,1.7914852202e-3,3.9959716797e-1,6.3211596178e2,-2.8270981111e-1,3.5288207725e0,3.4231776116e-1,2.8225554955e-1,0.0000000000e0
25.250000,6.3756239579e2,-4.0012699406e-4,5.2004991747e1,6.4127460110e-1,1.3756107364e-11,-6.1035156250e-5,6.3755474663e2,-1.6250567009e-3,1.3751133163e1,5.7322896933e-1,1.7025578636e-3,3.8500976562e-1,6.3720623270e2,-2.7984944827e-1,3.5491810862e0,3.4387306727e-1,2.7939602377e-1,0.0000000000e0
25.351020,6.4267413241e2,-3.9687857723e-4,5.2413930675e1,6.4147080445e-1,1.0459189070e-11,0.0000000000e0,6.4266704152e2,-1.5249783281e-3,1.3853376269e1,5.7389285984e-1,1.6177145377e-3,3.6926269531e-1,6.4232022938e2,-2.7700490901e-1,3.5696362791e0,3.4542124646e-1,2.7655417846e-1,0.0000000000e0
25.452041,6.4780627926e2,-3.9366984493e-4,5.2824502422e1,6.4166476466e-1,9.3223206932e-12,0.0000000000e0,6.4779971705e2,-1.4310083789e-3,1.3956027137e1,5.7454998391e-1,1.5367855333e-3,3.5223388672e-1,6.4745172606e2,-2.7417970935e-1,3.5901614476e0,3.4696042765e-1,2.7373006463e-1,0.0000000000e0
25.553061,6.5295883635e2,-3.9050014852e-4,5.3236706987e1,6.4185651548e-1,7.1622707765e-12,0.0000000000e0,6.5295277337e2,-1.3429870267e-3,1.4059085767e1,5.7520042880e-1,1.4596071825e-3,3.3428955078e-1,6.5260512446e2,-2.7137146315e-1,3.6107741995e0,3.4849195319e-1,2.7092373062e-1,0.0000000000e0
25.654082,6.5813180367e2,-3.8736885266e-4,5.3650544371e1,6.4204608997e-1,5.5706550484e-12,-1.2207031250e-4,6.5812621082e2,-1.2607301595e-3,1.4162552166e1,5.7584428052e-1,1.3860218628e-3,3.1597900391e-1,6.5778010712e2,-2.6858041141e-1,3.6314732652e0,3.5001573479e-1,2.6813522204e-1,0.0000000000e0
25.755102,6.6332518122e2,-3.8427533499e-4,5.4066014574e1,6.4223352065e-1,2.1600499167e-12,6.1035156250e-5,6.6332002992e2,-1.1840324255e-3,1.4266426341e1,5.7648162383e-1,1.3158777060e-3,2.9718017578e-1,6.6297322263e2,-2.6580844864e-1,3.6522448387e0,3.5153077857e-1,2.6536458192e-1,0.0000000000e0
25.856122,6.6853896901e2,-3.8121898581e-4,5.4483117596e1,6.4241883937e-1,2.5011104299e-12,0.0000000000e0,6.6853423135e2,-1.1126707065e-3,1.4370708301e1,5.7711254226e-1,1.2490284622e-3,2.7856445312e-1,6.6818792083e2,-2.6305376534e-1,3.6731027203e0,3.5303811407e-1,2.6261185067e-1,0.0000000000e0
25.957143,6.7377316704e2,-3.7819920775e-4,5.4901853437e1,6.4260207746e-1,2.5011104299e-12,6.1035156250e-5,6.7376881591e2,-1.0464077610e-3,1.4475398060e1,5.7773711810e-1,1.1853333436e-3,2.6013183594e-1,6.7342428671e2,-2.6031637449e-1,3.6940472500e0,3.5453777550e-1,2.5987706601e-1,0.0000000000e0
26.058163,6.7902777530e2,-3.7521541550e-4,5.5322222097e1,6.4278326563e-1,7.2759576142e-12,0.0000000000e0,6.7902378452e2,-9.8499587946e-4,1.4580495631e1,5.7835543244e-1,1.1246568507e-3,2.4194335938e-1,6.7867861663e2,-2.5759823690e-1,3.7150636134e0,3.5602872704e-1,2.5716026325e-1,0.0000000000e0
26.159184,6.8430279379e2,-3.7226703547e-4,5.5744223575e1,6.4296243406e-1,1.5916157281e-12,0.0000000000e0,6.8429913821e2,-9.2818041375e-4,1.4686001029e1,5.7896756521e-1,1.0668685554e-3,2.2442626953e-1,6.8395568715e2,-2.5489691426e-1,3.7361709172e0,3.5751234535e-1,2.5446147497e-1,0.0000000000e0
26.260204,6.8959822253e2,-3.6935350558e-4,5.6167857873e1,6.4313961237e-1,3.1832314562e-12,-6.1035156250e-5,6.8959487805e2,-8.7570316470e-4,1.4791914270e1,5.7957359510e-1,1.0118430575e-3,2.0758056641e-1,6.8925104182e2,-2.5221471873e-1,3.7573513357e0,3.5898739825e-1,2.5178073129e-1,0.0000000000e0
26.361224,6.9491406149e2,-3.6647427490e-4,5.6593124989e1,6.4331482965e-1,5.6843418861e-13,6.1035156250e-5,6.9491100518e2,-8.2730541419e-4,1.4898235373e1,5.8017359969e-1,9.5945978421e-4,1.9146728516e-1,6.9456790183e2,-2.4955003870e-1,3.7786177540e0,3.6045480914e-1,2.4911805987e-1,0.0000000000e0
26.462245,7.0025031070e2,-3.6362880344e-4,5.7020024925e1,6.4348811446e-1,4.4337866711e-12,0.0000000000e0,7.0024752080e2,-7.8273059129e-4,1.5004964353e1,5.8076765538e-1,9.0960270916e-4,1.7596435547e-1,6.9990519420e2,-2.4690344577e-1,3.7999658806e0,3.6191430042e-1,2.4647348571e-1,0.0000000000e0
26.563265,7.0560697014e2,-3.6081656188e-4,5.7448557679e1,6.4365949485e-1,2.9558577808e-12,1.8310546875e-4,7.0560442607e2,-7.4172670192e-4,1.5112101230e1,5.8135583742e-1,8.6216039642e-4,1.6119384766e-1,7.0526291670e2,-2.4427496404e-1,3.8213957068e0,3.6336589475e-1,2.4384703160e-1,0.0000000000e0
26.664286,7.1098403982e2,-3.5803703128e-4,5.7878723252e1,6.4382899837e-1,5.6843418861e-12,0.0000000000e0,7.1098172221e2,-7.0404827099e-4,1.5219646020e1,5.8193821996e-1,8.1702575733e-4,1.4770507812e-1,7.1064107066e2,-2.4166461339e-1,3.8429072382e0,3.6480961634e-1,2.4123871760e-1,0.0000000000e0
26.765306,7.1638151973e2,-3.5528970290e-4,5.8310521644e1,6.4399665207e-1,2.2737367544e-12,-1.8310546875e-4,7.1637941040e2,-6.6945797520e-4,1.5327598743e1,5.8251487604e-1,7.7409595076e-4,1.3494873047e-1,7.1603965561e2,-2.3907241216e-1,3.8645004731e0,3.6624548952e-1,2.3864856152e-1,0.0000000000e0
26.866327,7.2179940988e2,-3.5257407789e-4,5.8743952855e1,6.4416248253e-1,8.0717654782e-12,-6.1035156250e-5,7.2179749181e2,-6.3772788674e-4,1.5435959415e1,5.8308587759e-1,7.3327216330e-4,1.2261962891e-1,7.2145867057e2,-2.3649837651e-1,3.8861754081e0,3.6767353903e-1,2.3607657875e-1,0.0000000000e0
26.967347,7.2723771027e2,-3.4988966710e-4,5.9179016885e1,6.4432651585e-1,8.2991391537e-12,1.2207031250e-4,7.2723596756e2,-6.0864044994e-4,1.5544728053e1,5.8365129548e-1,6.9445953750e-4,1.1181640625e-1,7.2689811502e2,-2.3394251999e-1,3.9079320412e0,3.6909379025e-1,2.3352278224e-1,0.0000000000e0
27.068367,7.3269642089e2,-3.4723599084e-4,5.9615713734e1,6.4448877768e-1,2.6147972676e-12,1.2207031250e-4,7.3269483877e2,-5.8198915880e-4,1.5653904675e1,5.8421119951e-1,6.5756708091e-4,1.0144042969e-1,7.3235798958e2,-2.3140485328e-1,3.9297703752e0,3.7050626941e-1,2.3098718260e-1,0.0000000000e0
27.169388,7.3817554176e2,-3.4461257866e-4,6.0054043402e1,6.4464929320e-1,3.1832314562e-12,-1.2207031250e-4,7.3817410648e2,-5.5757893812e-4,1.5763489295e1,5.8476565845e-1,6.2250743940e-4,9.1796875000e-2,7.3783829355e2,-2.2888538530e-1,3.9516904077e0,3.7191100286e-1,2.2846978821e-1,0.0000000000e0
27.270408,7.4367507286e2,-3.4201896915e-4,6.0494005889e1,6.4480808716e-1,1.5916157281e-12,0.0000000000e0,7.4367377172e2,-5.3522635513e-4,1.5873481929e1,5.8531474002e-1,5.8919682363e-4,8.3251953125e-2,7.4333902688e2,-2.2638412240e-1,3.9736921388e0,3.7330801762e-1,2.2597060501e-1,0.0000000000e0
27.371429,7.4919501419e2,-3.3945470970e-4,6.0935601195e1,6.4496518389e-1,1.5916157281e-12,0.0000000000e0,7.4919383543e2,-5.1475961645e-4,1.5983882592e1,5.8585851095e-1,5.5755483925e-4,7.5195312500e-2,7.4886018862e2,-2.2390106901e-1,3.9957755649e0,3.7469734091e-1,2.2348963665e-1,0.0000000000e0
27.472449,7.5473536577e2,-3.3691935634e-4,6.1378829320e1,6.4512060727e-1,1.8189894035e-12,-1.2207031250e-4,7.5473429854e2,-4.9601845204e-4,1.6094691297e1,5.8639703697e-1,5.2750446287e-4,6.7993164062e-2,7.5440177956e2,-2.2143622653e-1,4.0179406895e0,3.7607900087e-1,2.2102688471e-1,0.0000000000e0
27.573469,7.6029612758e2,-3.3441247349e-4,6.1823690264e1,6.4527438079e-1,1.5916157281e-12,0.0000000000e0,7.6029516189e2,-4.7885383952e-4,1.6205908056e1,5.8693038282e-1,4.9897189626e-4,6.1157226562e-2,7.5996379810e2,-2.1898959519e-1,4.0401875066e0,3.7745302543e-1,2.1858234830e-1,0.0000000000e0
27.674490,7.6587729963e2,-3.3193363381e-4,6.2270184027e1,6.4542652750e-1,8.1854523160e-12,0.0000000000e0,7.6587642630e2,-4.6312760464e-4,1.6317532883e1,5.8745861230e-1,4.7188629230e-4,5.5053710938e-2,7.6554624466e2,-2.1656117208e-1,4.0625160180e0,3.7881944345e-1,2.1615602444e-1,0.0000000000e0
27.775510,7.7147888192e2,-3.2948241801e-4,6.2718310610e1,6.4557707009e-1,9.0949470177e-13,1.2207031250e-4,7.7147809251e2,-4.4871204698e-4,1.6429565787e1,5.8798178824e-1,4.4617988556e-4,4.9438476562e-2,7.7114947831e2,-2.1415079880e-1,4.0849276605e0,3.8017837074e-1,2.1374790795e-1,0.0000000000e0
27.876531,7.7710087444e2,-3.2705841464e-4,6.3168070011e1,6.4572603083e-1,3.5242919694e-12,-1.2207031250e-4,7.7710016123e2,-4.3548942899e-4,1.6542006781e1,5.8849997256e-1,4.2178779552e-4,4.4677734375e-2,7.7677242086e2,-2.1175892930e-1,4.1074181214e0,3.8152957655e-1,2.1135799153e-1,0.0000000000e0
27.977551,7.8274327721e2,-3.2466121995e-4,6.3619462231e1,6.4587343163e-1,4.8885340220e-12,0.0000000000e0,7.8274263312e2,-4.2335142515e-4,1.6654855873e1,5.8901322626e-1,3.9864777705e-4,3.9916992188e-2,7.8241614923e2,-2.0938509390e-1,4.1299917089e0,3.8287335069e-1,2.0898626568e-1,0.0000000000e0
28.078571,7.8840609021e2,-3.2229043767e-4,6.4072487271e1,6.4601929401e-1,4.2064129957e-12,-1.2207031250e-4,7.8840550878e2,-4.1219863446e-4,1.6768113073e1,5.8952160945e-1,3.7670037705e-4,3.5644531250e-2,7.8808030464e2,-2.0702943471e-1,4.1526469881e0,3.8420963678e-1,2.0663271883e-1,0.0000000000e0
28.179592,7.9408931345e2,-3.1994567889e-4,6.4527145129e1,6.4616363913e-1,5.6843418861e-12,-1.2207031250e-4,7.9408878877e2,-4.0193998556e-4,1.6881778390e1,5.9002518134e-1,3.5588862204e-4,3.2226562500e-2,7.9376569393e2,-2.0469160858e-1,4.1753871866e0,3.8553865308e-1,2.0429733727e-1,0.0000000000e0
28.280612,7.9979294693e2,-3.1762656187e-4,6.4983435807e1,6.4630648779e-1,2.8421709430e-12,1.2207031250e-4,7.9979247362e2,-3.9249222106e-4,1.6995851830e1,5.9052400029e-1,3.3615810003e-4,2.8808593750e-2,7.9946989386e2,-2.0237259041e-1,4.1982026119e0,3.8685986658e-1,2.0198010532e-1,0.0000000000e0
28.381633,8.0551699065e2,-3.1533271190e-4,6.5441359303e1,6.4644786044e-1,3.5242919694e-12,0.0000000000e0,8.0551656380e2,-3.8377930663e-4,1.7110333402e1,5.9101812380e-1,3.1745657691e-4,2.5512695312e-2,8.0519602717e2,-2.0007109291e-1,4.2211057552e0,3.8817403208e-1,1.9968100520e-1,0.0000000000e0
28.482653,8.1126144461e2,-3.1306376111e-4,6.5900915619e1,6.4658777717e-1,7.2759576142e-12,-1.2207031250e-4,8.1126105976e2,-3.7573198008e-4,1.7225223111e1,5.9150760854e-1,2.9973434914e-4,2.2949218750e-2,8.1094153287e2,-1.9778812863e-1,4.2440863728e0,3.8948059179e-1,1.9740001715e-1,0.0000000000e0
28.583673,8.1702630881e2,-3.1081934835e-4,6.6362104754e1,6.4672625776e-1,9.0949470177e-13,0.0000000000e0,8.1702596190e2,-3.6828716639e-4,1.7340520964e1,5.9199251035e-1,2.8294367701e-4,2.0629882812e-2,8.1670881935e2,-1.9552272153e-1,4.2671540985e0,3.9078012415e-1,1.9513711944e-1,0.0000000000e0
28.684694,8.2281158324e2,-3.0859911904e-4,6.6824926708e1,6.4686332163e-1,3.2969182939e-12,-1.2207031250e-4,8.2281127059e2,-3.6138756296e-4,1.7456226967e1,5.9247288427e-1,2.6703914739e-4,1.8188476562e-2,8.2249418070e2,-1.9327629651e-1,4.2902941094e0,3.9207182916e-1,1.9289228838e-1,0.0000000000e0
28.785714,8.2861726791e2,-3.0640272501e-4,6.7289381482e1,6.4699898789e-1,7.9580786405e-13,0.0000000000e0,8.2861698617e2,-3.5498111483e-4,1.7572341124e1,5.9294878452e-1,2.5197714319e-4,1.6357421875e-2,8.2830131463e2,-1.9104738625e-1,4.3135211961e0,3.9335656764e-1,1.9066549831e-1,0.0000000000e0
28.886735,8.3444336283e2,-3.0422982437e-4,6.7755469074e1,6.4713327534e-1,5.6843418861e-13,1.2207031250e-4,8.3444310895e2,-3.4902063779e-4,1.7688863440e1,5.9342026458e-1,2.3771616588e-4,1.4892578125e-2,8.3412887170e2,-1.8883649022e-1,4.3368299614e0,3.9463406935e-1,1.8845672179e-1,0.0000000000e0
28.987755,8.4028986798e2,-3.0208008138e-4,6.8223189486e1,6.4726620244e-1,2.5011104299e-12,0.0000000000e0,8.4028963923e2,-3.4346338082e-4,1.7805793920e1,5.9388737712e-1,2.2421654364e-4,1.2939453125e-2,8.3997685339e2,-1.8664357869e-1,4.3602204115e0,3.9590436723e-1,1.8626592929e-1,0.0000000000e0
29.088776,8.4615678337e2,-2.9995316631e-4,6.8692542716e1,6.4739778738e-1,3.7516656448e-12,0.0000000000e0,8.4615657725e2,-3.3827065507e-4,1.7923132568e1,5.9435017408e-1,2.1144043023e-4,1.1718750000e-2,8.4584525974e2,-1.8446862063e-1,4.3836925469e0,3.9716749414e-1,1.8409308960e-1,0.0000000000e0
29.189796,8.5204410901e2,-2.9784875530e-4,6.9163528766e1,6.4752804801e-1,4.3200998334e-12,0.0000000000e0,8.5204392326e2,-3.3340746243e-4,1.8040879386e1,5.9480870666e-1,1.9935157115e-4,1.0375976562e-2,8.5173408613e2,-1.8231158488e-1,4.4072463494e0,3.9842348211e-1,1.8193816974e-1,0.0000000000e0
29.290816,8.5795184488e2,-2.9576653026e-4,6.9636147635e1,6.4765700192e-1,8.0717654782e-12,-1.2207031250e-4,8.5795167747e2,-3.2884219806e-4,1.8159034379e1,5.9526302531e-1,1.8791551975e-4,9.1552734375e-3,8.5764333903e2,-1.8017243441e-1,4.4308818452e0,3.9967236573e-1,1.7980113476e-1,0.0000000000e0
29.391837,8.6387999099e2,-2.9370617873e-4,7.0110399324e1,6.4778466640e-1,2.2737367544e-13,0.0000000000e0,8.6387984008e2,-3.2454632854e-4,1.8277597549e1,5.9571317977e-1,1.7709941881e-4,8.1787109375e-3,8.6357301395e2,-1.7805113445e-1,4.4545990166e0,4.0091417741e-1,1.7768194808e-1,0.0000000000e0
29.492857,8.6982854734e2,-2.9166739376e-4,7.0586283831e1,6.4791105844e-1,3.7516656448e-12,-2.4414062500e-4,8.6982841127e2,-3.2049409759e-4,1.8396568898e1,5.9615921910e-1,1.6687176924e-4,7.4462890625e-3,8.6952311033e2,-1.7594764700e-1,4.4783978618e0,4.0214895058e-1,1.7558057126e-1,0.0000000000e0
29.593878,8.7579751393e2,-2.8964987378e-4,7.1063801158e1,6.4803619479e-1,8.7538865046e-12,1.2207031250e-4,8.7579739119e2,-3.1666229565e-4,1.8515948430e1,5.9660119161e-1,1.5720265856e-4,6.4697265625e-3,8.7549400016e2,-1.7386180304e-1,4.5022798688e0,4.0337679508e-1,1.7349696427e-1,0.0000000000e0
29.694898,8.8178689076e2,-2.8765332253e-4,7.1542951304e1,6.4816009189e-1,9.8907548818e-12,0.0000000000e0,8.8178678001e2,-3.1303001418e-4,1.8635736147e1,5.9703914499e-1,1.4806362219e-4,5.7373046875e-3,8.8148456945e2,-1.7179394767e-1,4.5262405824e0,4.0459751668e-1,1.7143108533e-1,0.0000000000e0
29.795918,8.8779667783e2,-2.8567744890e-4,7.2023734269e1,6.4828276594e-1,1.4779288904e-12,0.0000000000e0,8.8779657784e2,-3.0957841651e-4,1.8755932050e1,5.9747312621e-1,1.3942742476e-4,5.0048828125e-3,8.8749711636e2,-1.6974324965e-1,4.5502891950e0,4.0581161541e-1,1.6938289093e-1,0.0000000000e0
29.896939,8.9382687514e2,-2.8372196685e-4,7.2506150053e1,6.4840423287e-1,4.4337866711e-12,1.2207031250e-4,8.9382678481e2,-3.0629055012e-4,1.8876536141e1,5.9790318160e-1,1.3126812405e-4,4.3945312500e-3,8.9352771478e2,-1.6771099765e-1,4.5744100030e0,4.0701833477e-1,1.6735233607e-1,0.0000000000e0
29.997959,8.9987748269e2,-2.8178659529e-4,7.2990198656e1,6.4852450834e-1,4.5474735089e-13,1.2207031250e-4,8.9987740103e2,-3.0315117326e-4,1.8997548422e1,5.9832935685e-1,1.2356114075e-4,4.0283203125e-3,8.9957991815e2,-1.6569594096e-1,4.5986172201e0,4.0821842321e-1,1.6533937405e-1,0.0000000000e0
30.098980,9.0594850049e2,-2.7987105798e-4,7.3475880079e1,6.4864360777e-1,5.6843418861e-13,-2.4414062500e-4,9.0594842660e2,-3.0014656889e-4,1.9118968895e1,5.9875169699e-1,1.1628289042e-4,3.4179687500e-3,9.0565254313e2,-1.6369843251e-1,4.6229061133e0,4.0941167714e-1,1.6334395657e-1,0.0000000000e0
30.200000,9.1203992852e2,-2.7797508344e-4,7.3963194321e1,6.4876154635e-1,3.8653524825e-12,2.4414062500e-4,9.1203986162e2,-2.9726441563e-4,1.9240797560e1,5.9917024643e-1,1.0941104927e-4,3.4179687500e-3,9.1174558784e2,-1.6171842325e-1,4.6472766755e0,4.1059813055e-1,1.6136603386e-1,0.0000000000e0
30.301020,9.1815176679e2,-2.7609840484e-4,7.4452141382e1,6.4887833899e-1,2.2737367544e-12,-2.4414062500e-4,9.1815170615e2,-2.9449363426e-4,1.9363034420e1,5.9958504897e-1,1.0292422485e-4,2.6855468750e-3,9.1785799781e2,-1.5975619832e-1,4.6717246892e0,4.1177761534e-1,1.5940555455e-1,0.0000000000e0
30.402041,9.2428401530e2,-2.7424075991e-4,7.4942721263e1,6.4899400041e-1,1.1368683772e-13,0.0000000000e0,9.2428396027e2,-2.9182428632e-4,1.9485679474e1,5.9999614779e-1,9.6802312669e-5,2.5634765625e-3,9.2399293699e2,-1.5781069595e-1,4.6962628100e0,4.1295077379e-1,1.5746246578e-1,0.0000000000e0
30.503061,9.3043667406e2,-2.7240189085e-4,7.5434933963e1,6.4910854504e-1,4.8885340220e-12,0.0000000000e0,9.3043662405e2,-2.8924743348e-4,1.9608732725e1,6.0040358548e-1,9.1025926736e-5,2.0751953125e-3,9.3014724012e2,-1.5588287146e-1,4.7208783778e0,4.1411703246e-1,1.5553671327e-1,0.0000000000e0
30.604082,9.3660974305e2,-2.7058154420e-4,7.5928779482e1,6.4922198714e-1,5.6843418861e-12,-1.2207031250e-4,9.3660969755e2,-2.8675505728e-4,1.9732194172e1,6.0080740403e-1,8.5576753804e-5,2.0751953125e-3,9.3632196260e2,-1.5397233265e-1,4.7455756141e0,4.1527662872e-1,1.5362824125e-1,0.0000000000e0
30.705102,9.4280322229e2,-2.6877947083e-4,7.6424257820e1,6.4933434070e-1,6.7075234256e-12,-1.2207031250e-4,9.4280318083e2,-2.8433995946e-4,1.9856063818e1,6.0120764485e-1,8.0437371480e-5,1.7089843750e-3,9.4251645553e2,-1.5207921946e-1,4.7703519239e0,4.1642947705e-1,1.5173699250e-1,0.0000000000e0
30.806122,9.4901711176e2,-2.6699542577e-4,7.6921368977e1,6.4944561951e-1,3.0695446185e-12,0.0000000000e0,9.4901707392e2,-2.8199567854e-4,1.9980341662e1,6.0160434880e-1,7.5591195923e-5,1.5869140625e-3,9.4873266446e2,-1.5020288282e-1,4.7952150893e0,4.1757597260e-1,1.4986290850e-1,0.0000000000e0
30.907143,9.5525141148e2,-2.6522916818e-4,7.7420112954e1,6.4955583715e-1,3.6379788071e-12,1.2207031250e-4,9.5525137688e2,-2.7971641676e-4,2.0105027705e1,6.0199755616e-1,7.1022493898e-5,1.3427734375e-3,9.5496842306e2,-1.4834391896e-1,4.8201564456e0,4.1871574952e-1,1.4800592926e-1,0.0000000000e0
31.008163,9.6150612143e2,-2.6348046125e-4,7.7920489750e1,6.4966500697e-1,8.2991391537e-12,-1.2207031250e-4,9.6150608974e2,-2.7749697153e-4,2.0230121948e1,6.0238730666e-1,6.6716332299e-5,1.4648437500e-3,9.6122443853e2,-1.4650205024e-1,4.8451788218e0,4.1984897440e-1,1.4616599350e-1,0.0000000000e0
31.109184,9.6778124163e2,-2.6174907211e-4,7.8422499366e1,6.4977314212e-1,5.1159076975e-12,-1.2207031250e-4,9.6778121254e2,-2.7533267116e-4,2.0355624391e1,6.0277363949e-1,6.2658448769e-5,1.2207031250e-3,9.6750185074e2,-1.4467688326e-1,4.8702867776e0,4.2097588653e-1,1.4434303859e-1,0.0000000000e0
31.210204,9.7407677207e2,-2.6003477175e-4,7.8926141800e1,6.4988025556e-1,8.9812601800e-12,2.4414062500e-4,9.7407674531e2,-2.7321932556e-4,2.0481535034e1,6.0315659331e-1,5.8835384039e-5,7.3242187500e-4,9.7379915427e2,-1.4286879424e-1,4.8954742917e0,4.2209624936e-1,1.4253700074e-1,0.0000000000e0
31.311224,9.8039271275e2,-2.5833733496e-4,7.9431417054e1,6.4998636002e-1,4.4337866711e-12,0.0000000000e0,9.8039268808e2,-2.7115317196e-4,2.0607853879e1,6.0353620624e-1,5.5234312185e-5,7.3242187500e-4,9.8011672866e2,-1.4107760556e-1,4.9207428825e0,4.2321016689e-1,1.4074781471e-1,0.0000000000e0
31.412245,9.8672906367e2,-2.5665654026e-4,7.9938325128e1,6.5009146806e-1,6.3664629124e-12,2.4414062500e-4,9.8672904088e2,-2.6913083095e-4,2.0734580926e1,6.0391251588e-1,5.1843019719e-5,6.1035156250e-4,9.8645479293e2,-1.3930318849e-1,4.9460934265e0,4.2431771272e-1,1.3897541414e-1,0.0000000000e0
31.513265,9.9308582484e2,-2.5499216980e-4,8.0446866020e1,6.5019559204e-1,3.7516656448e-12,1.2207031250e-4,9.9308580372e2,-2.6714927052e-4,2.0861716175e1,6.0428555935e-1,4.8650028589e-5,7.3242187500e-4,9.9281327329e2,-1.3754549660e-1,4.9715256286e0,4.2541890859e-1,1.3721973148e-1,0.0000000000e0
31.614286,9.9946299624e2,-2.5334400928e-4,8.0957039732e1,6.5029874411e-1,1.1368683772e-12,0.0000000000e0,9.9946297663e2,-2.6520576480e-4,2.0989259625e1,6.0465537323e-1,4.5644387569e-5,8.5449218750e-4,9.9919032814e2,-1.3580496043e-1,4.9970321232e0,4.2651347465e-1,1.3548069795e-1,0.0000000000e0
31.715306,1.0058605779e3,-2.5171184793e-4,8.1468846263e1,6.5040093627e-1,2.1600499167e-12,-2.4414062500e-4,1.0058605596e3,-2.6329786332e-4,2.1117211279e1,6.0502199363e-1,4.2815691813e-5,7.3242187500e-4,1.0055914819e3,-1.3408001258e-1,5.0226350073e0,4.2760238964e-1,1.3375824360e-1,0.0000000000e0
31.816327,1.0122785698e3,-2.5009547839e-4,8.1982285614e1,6.5050218031e-1,8.0717654782e-12,0.0000000000e0,1.0122785527e3,-2.6142336362e-4,2.1245571135e1,6.0538545616e-1,4.0154137878e-5,1.2207031250e-4,1.0120112104e3,-1.3237207963e-1,5.0483121852e0,4.2868474439e-1,1.3205229735e-1,0.0000000000e0
31.917347,1.0187169719e3,-2.4849469669e-4,8.2497357784e1,6.5060248784e-1,8.7538865046e-12,0.0000000000e0,1.0187169559e3,-2.5958028137e-4,2.1374339194e1,6.0574579596e-1,3.7650319655e-5,6.1035156250e-4,1.0184513535e3,-1.3068059072e-1,5.0740710166e0,4.2976088802e-1,1.3036278710e-1,0.0000000000e0
32.018367,1.0251757843e3,-2.4690930213e-4,8.3014062773e1,6.5070187031e-1,6.5938365879e-12,-2.4414062500e-4,1.0251757693e3,-2.5776683108e-4,2.1503515456e1,6.0610304769e-1,3.5295392081e-5,0.0000000000e0,1.0249119118e3,-1.2900547256e-1,5.0999115040e0,4.3083085533e-1,1.2868963957e-1,0.0000000000e0
32.119388,1.0316550069e3,-2.4533909725e-4,8.3532400582e1,6.5080033899e-1,3.1832314562e-12,0.0000000000e0,1.0316549928e3,-2.5598140544e-4,2.1633099921e1,6.0645724556e-1,3.3081094443e-5,4.8828125000e-4,1.0313928843e3,-1.2734665118e-1,5.1258336439e0,4.3189468082e-1,1.2703278049e-1,0.0000000000e0
32.220408,1.0381546397e3,-2.4378388778e-4,8.4052371209e1,6.5089790498e-1,2.9558577808e-12,4.8828125000e-4,1.0381546264e3,-2.5422254901e-4,2.1763092590e1,6.0680842330e-1,3.0999292221e-5,2.4414062500e-4,1.0378942718e3,-1.2570405115e-1,5.1518374396e0,4.3295239922e-1,1.2539213453e-1,0.0000000000e0
32.321429,1.0446746828e3,-2.4224348254e-4,8.4573974657e1,6.5099457921e-1,2.2737367544e-13,-2.4414062500e-4,1.0446746702e3,-2.5248895276e-4,2.1893493463e1,6.0715661421e-1,2.9042605092e-5,2.4414062500e-4,1.0444172152e3,-1.2407731370e-1,5.1779274546e0,4.3400422824e-1,1.2376762541e-1,0.0000000000e0
32.422449,1.0512151362e3,-2.4071769342e-4,8.5097210923e1,6.5109037244e-1,5.0022208598e-12,-2.4414062500e-4,1.0512151242e3,-2.5077943044e-4,2.2024302539e1,6.0750185114e-1,2.7203895115e-5,4.8828125000e-4,1.0509582889e3,-1.2246720995e-1,5.2040899879e0,4.3504965247e-1,1.2215917579e-1,0.0000000000e0
32.523469,1.0577759997e3,-2.3920633527e-4,8.5622080009e1,6.5118529529e-1,3.4106051316e-12,-2.4414062500e-4,1.0577759884e3,-2.4909290754e-4,2.2155519820e1,6.0784416651e-1,2.5476369274e-5,4.8828125000e-4,1.0575209176e3,-1.2087281362e-1,5.2303387373e0,4.3608925614e-1,1.2056670744e-1,0.0000000000e0
32.624490,1.0643572736e3,-2.3770922590e-4,8.6148581914e1,6.5127935821e-1,1.1823431123e-11,0.0000000000e0,1.0643572627e3,-2.4742841070e-4,2.2287145304e1,6.0818359229e-1,2.3853668381e-5,2.4414062500e-4,1.0641039602e3,-1.1929432816e-1,5.2566691393e0,4.3712289045e-1,1.1899014120e-1,0.0000000000e0
32.725510,1.0709589576e3,-2.3622618600e-4,8.6676716639e1,6.5137257147e-1,5.2295945352e-12,0.0000000000e0,1.0709589472e3,-2.4578505585e-4,2.2419178992e1,6.0852016004e-1,2.2329774538e-5,-2.4414062500e-4,1.0707062257e3,-1.1773195344e-1,5.2830764305e0,4.3815040517e-1,1.1742939693e-1,0.0000000000e0
32.826531,1.0775810519e3,-2.3475703908e-4,8.7206484183e1,6.5146494524e-1,8.8675733423e-12,-2.4414062500e-4,1.0775810420e3,-2.4416203852e-4,2.2551620885e1,6.0885390092e-1,2.0898989078e-5,2.4414062500e-4,1.0773312835e3,-1.1618476984e-1,5.3095748877e0,4.3917238761e-1,1.1588439378e-1,0.0000000000e0
32.927551,1.0842235565e3,-2.3330161141e-4,8.7737884546e1,6.5155648950e-1,5.2295945352e-12,2.4414062500e-4,1.0842235469e3,-2.4255862505e-4,2.2684470982e1,6.0918484565e-1,1.9555886638e-5,0.0000000000e0,1.0839755646e3,-1.1465353428e-1,5.3361502358e0,4.4018831893e-1,1.1435504993e-1,0.0000000000e0
33.028571,1.0908864713e3,-2.3185973200e-4,8.8270917729e1,6.5164721408e-1,2.2737367544e-12,4.8828125000e-4,1.0908864621e3,-2.4097414523e-4,2.2817729283e1,6.0951302457e-1,1.8295314931e-5,-2.4414062500e-4,1.0906356984e3,-1.1313891432e-1,5.3627889939e0,4.4119772946e-1,1.1284128272e-1,0.0000000000e0
33.129592,1.0975697963e3,-2.3043123250e-4,8.8805583731e1,6.5173712870e-1,2.9558577808e-12,0.0000000000e0,1.0975697874e3,-2.3940798694e-4,2.2951395788e1,6.0983846760e-1,1.7112547539e-5,-2.4414062500e-4,1.0973253627e3,-1.1163773811e-1,5.3895458702e0,4.4220271708e-1,1.1134300867e-1,0.0000000000e0
33.230612,1.1042735316e3,-2.2901594719e-4,8.9341882553e1,6.5182624291e-1,2.5011104299e-12,-2.4414062500e-4,1.1042735230e3,-2.3785958747e-4,2.3085470498e1,6.1016120429e-1,1.6002991742e-5,2.4414062500e-4,1.1040308787e3,-1.1015301022e-1,5.4163661523e0,4.4320125167e-1,1.0986014373e-1,0.0000000000e0
33.331633,1.1109976771e3,-2.2761371294e-4,8.9879814194e1,6.5191456612e-1,4.0927261580e-12,-2.4414062500e-4,1.1109976688e3,-2.3632842942e-4,2.3219953413e1,6.1048126378e-1,1.4962312889e-5,2.4414062500e-4,1.1107568075e3,-1.0868361578e-1,5.4432680849e0,4.4419405532e-1,1.0839260277e-1,0.0000000000e0
33.432653,1.1177422328e3,-2.2622436911e-4,9.0419378654e1,6.5200210762e-1,2.5011104299e-12,-2.4414062500e-4,1.1177422248e3,-2.3481403607e-4,2.3354844532e1,6.1079867486e-1,1.3986435079e-5,2.4414062500e-4,1.1175031476e3,-1.0722946950e-1,5.4702516613e0,4.4518116152e-1,1.0694030018e-1,0.0000000000e0
33.533673,1.1245071988e3,-2.2484775754e-4,9.0960575934e1,6.5208887655e-1,3.1832314562e-12,7.3242187500e-4,1.1245071910e3,-2.3331596722e-4,2.3490143855e1,6.1111346592e-1,1.3071575040e-5,0.0000000000e0,1.1242698980e3,-1.0579048522e-1,5.4973168782e0,4.4616260378e-1,1.0550314952e-1,0.0000000000e0
33.634694,1.1312925751e3,-2.2348372251e-4,9.1503406033e1,6.5217488192e-1,7.5033312896e-12,2.4414062500e-4,1.1312925675e3,-2.3183381412e-4,2.3625851383e1,6.1142566499e-1,1.2214038861e-5,2.4414062500e-4,1.1310570599e3,-1.0436657562e-1,5.5244637406e0,4.4713841581e-1,1.0408106381e-1,0.0000000000e0
33.735714,1.1380983616e3,-2.2213211068e-4,9.2047868951e1,6.5226013262e-1,6.3664629124e-12,2.4414062500e-4,1.1380983541e3,-2.3036719743e-4,2.3761967116e1,6.1173529975e-1,1.1410411162e-5,-2.4414062500e-4,1.1378648226e3,-1.0295761414e-1,5.5516930055e0,4.4810865790e-1,1.0267395515e-1,0.0000000000e0
33.836735,1.1449245583e3,-2.2079277104e-4,9.2593964689e1,6.5234463739e-1,4.5474735089e-13,0.0000000000e0,1.1449245510e3,-2.2891576390e-4,2.3898491053e1,6.1204239749e-1,1.0657511666e-5,4.8828125000e-4,1.1446926145e3,-1.0156362981e-1,5.5790023874e0,4.4907328230e-1,1.0128173525e-1,0.0000000000e0
33.937755,1.1517711653e3,-2.1946555488e-4,9.3141693246e1,6.5242840487e-1,1.5916157281e-12,2.4414062500e-4,1.1517711582e3,-2.2747918299e-4,2.4035423195e1,6.1234698518e-1,9.9522703749e-6,0.0000000000e0,1.1515410017e3,-1.0018441734e-1,5.6063941508e0,4.5003240256e-1,9.9904315116e-2,0.0000000000e0
34.038776,1.1586381825e3,-2.1815031576e-4,9.3691054623e1,6.5251144357e-1,4.7748471843e-12,-2.4414062500e-4,1.1586381756e3,-2.2605714492e-4,2.4172763542e1,6.1264908943e-1,9.2917821348e-6,2.4414062500e-4,1.1584098095e3,-9.8819923141e-2,5.6338675969e0,4.5098602697e-1,9.8541605113e-2,0.0000000000e0
34.139796,1.1655256099e3,-2.1684690943e-4,9.4242048819e1,6.5259376186e-1,1.3642420527e-11,-2.4414062500e-4,1.1655256032e3,-2.2464935867e-4,2.4310512093e1,6.1294873650e-1,8.6733248281e-6,-2.4414062500e-4,1.1652990196e3,-9.7470060742e-2,5.6614226526e0,4.5193418597e-1,9.7193515119e-2,0.0000000000e0
34.240816,1.1724334476e3,-2.1555519383e-4,9.4794675834e1,6.5267536801e-1,8.1854523160e-12,2.4414062500e-4,1.1724334410e3,-2.2325555051e-4,2.4448668849e1,6.1324595232e-1,8.0944594174e-6,2.4414062500e-4,1.1722086456e3,-9.6134736765e-2,5.6890593727e0,4.5287691434e-1,9.5859954432e-2,0.0000000000e0
34.341837,1.1793616956e3,-2.1427502902e-4,9.5348935669e1,6.5275627016e-1,8.4128259914e-12,0.0000000000e0,1.1793616891e3,-2.2187546051e-4,2.4587233810e1,6.1354076251e-1,7.5526056662e-6,2.4414062500e-4,1.1791386742e3,-9.4813862578e-2,5.7167777042e0,4.5381424301e-1,9.4540831805e-2,0.0000000000e0
34.442857,1.1863103538e3,-2.1300627717e-4,9.5904828323e1,6.5283647635e-1,2.5011104299e-12,0.0000000000e0,1.1863103474e3,-2.2050884350e-4,2.4726206976e1,6.1383319232e-1,7.0456094363e-6,2.4414062500e-4,1.1860891143e3,-9.3507344732e-2,5.7445776832e0,4.5474620587e-1,9.3236055532e-2,0.0000000000e0
34.543878,1.1932794222e3,-2.1174880251e-4,9.6462353797e1,6.5291599449e-1,2.5011104299e-12,2.4414062500e-4,1.1932794159e3,-2.1915546611e-4,2.4865588346e1,6.1412326670e-1,6.5713431923e-6,-2.4414062500e-4,1.1930599627e3,-9.2215091633e-2,5.7724592970e0,4.5567283500e-1,9.1945533343e-2,0.0000000000e0
34.644898,1.2002689008e3,-2.1050247127e-4,9.7021512090e1,6.5299483239e-1,7.2759576142e-12,0.0000000000e0,1.2002688947e3,-2.1781510584e-4,2.5005377921e1,6.1441101030e-1,6.1277601162e-6,7.3242187500e-4,1.2000438993e3,-9.0938338889e-2,5.8003932668e0,4.5659320227e-1,9.0669172660e-2,0.0000000000e0
34.745918,1.2072787898e3,-2.0926715169e-4,9.7582303203e1,6.5307299774e-1,1.3642420527e-12,0.0000000000e0,1.2072787837e3,-2.1648754999e-4,2.5145575701e1,6.1469644743e-1,5.7128524986e-6,0.0000000000e0,1.2070610580e3,-8.9673335416e-2,5.8284601238e0,4.5750998392e-1,8.9406880318e-2,0.0000000000e0
34.846939,1.2143090889e3,-2.0804271394e-4,9.8144727135e1,6.5315049813e-1,2.0463630790e-12,-2.4414062500e-4,1.2143090830e3,-2.1517259592e-4,2.5286181685e1,6.1497960210e-1,5.3250498695e-6,-2.4414062500e-4,1.2140949586e3,-8.8422991894e-2,5.8565939517e0,4.5842104344e-1,8.8158562831e-2,0.0000000000e0
34.947959,1.2213597983e3,-2.0682903011e-4,9.8708783886e1,6.5322734104e-1,7.0485839387e-12,0.0000000000e0,1.2213597924e3,-2.1387004808e-4,2.5427195875e1,6.1526049803e-1,4.9625107295e-6,4.8828125000e-4,1.2211474404e3,-8.7186866834e-2,5.8848021072e0,4.5932666039e-1,8.6924126252e-2,0.0000000000e0
35.048980,1.2284309179e3,-2.0562597417e-4,9.9274473457e1,6.5330353386e-1,1.0004441720e-11,0.0000000000e0,1.2284309122e3,-2.1257971912e-4,2.5568618269e1,6.1553915861e-1,4.6237294100e-6,4.8828125000e-4,1.2282203292e3,-8.5964539252e-2,5.9130918930e0,4.6022710414e-1,8.5703476281e-2,0.0000000000e0
35.150000,1.2355224478e3,-2.0443342196e-4,9.9841795847e1,6.5337908385e-1,5.9117155615e-12,0.0000000000e0,1.2355224421e3,-2.1130142826e-4,2.5710448868e1,6.1581560698e-1,4.3071938762e-6,0.0000000000e0,1.2353136260e3,-8.4755914319e-2,5.9414633134e0,4.6112240658e-1,8.4496518225e-2,0.0000000000e0
35.251020,1.2426343879e3,-2.0325125109e-4,1.0041075106e2,6.5345399818e-1,4.0927261580e-12,4.8828125000e-4,1.2426343824e3,-2.1003500099e-4,2.5852687672e1,6.1608986594e-1,4.0114916828e-6,0.0000000000e0,1.2424273214e3,-8.3560898591e-2,5.9699163314e0,4.6201259817e-1,8.3303157249e-2,0.0000000000e0
35.352041,1.2497667383e3,-2.0207934100e-4,1.0098133909e2,6.5352828394e-1,2.2737367544e-13,-2.4414062500e-4,1.2497667328e3,-2.0878026870e-4,2.5995334681e1,6.1636195804e-1,3.7353572679e-6,-4.8828125000e-4,1.2495614405e3,-8.2379392588e-2,5.9984510474e0,4.6289771350e-1,8.2123297908e-2,0.0000000000e0
35.453061,1.2569194989e3,-2.0091757285e-4,1.0155355993e2,6.5360194810e-1,4.3200998334e-12,-4.8828125000e-4,1.2569194935e3,-2.0753706785e-4,2.6138389894e1,6.1663190554e-1,3.4775077893e-6,-4.8828125000e-4,1.2567148070e3,-8.1211491414e-2,6.0270627566e0,4.6377763977e-1,8.0956844678e-2,0.0000000000e0
35.554082,1.2640926698e3,-1.9976582954e-4,1.0212741360e2,6.5367499754e-1,1.3642420527e-12,0.0000000000e0,1.2640926644e3,-2.0630524000e-4,2.6281853312e1,6.1689973041e-1,3.2368393477e-6,2.4414062500e-4,1.2638888070e3,-8.0056869795e-2,6.0557570030e0,4.6465258015e-1,7.9803701656e-2,0.0000000000e0
35.655102,1.2712862509e3,-1.9862399565e-4,1.0270290009e2,6.5374743904e-1,8.1854523160e-12,2.4414062500e-4,1.2712862456e3,-2.0508463085e-4,2.6425724935e1,6.1716545435e-1,3.0121320833e-6,4.8828125000e-4,1.2710841445e3,-7.8915322372e-2,6.0845366032e0,4.6552264973e-1,7.8663772819e-2,0.0000000000e0
35.756122,1.2785002422e3,-1.9749195742e-4,1.0328001940e2,6.5381927930e-1,5.0022208598e-12,-2.4414062500e-4,1.2785002370e3,-2.0387509071e-4,2.6570004763e1,6.1742909881e-1,2.8024692256e-6,4.8828125000e-4,1.2783040354e3,-7.7786260112e-2,6.1134144198e0,4.6638826046e-1,7.7536961674e-2,0.0000000000e0
35.857143,1.2857346438e3,-1.9636960275e-4,1.0385877152e2,6.5389052492e-1,4.5474735089e-13,4.8828125000e-4,1.2857346387e3,-2.0267647360e-4,2.6714692796e1,6.1769068496e-1,2.6069021715e-6,0.0000000000e0,1.2855380973e3,-7.6671202172e-2,6.1423489259e0,4.6724820154e-1,7.6423171746e-2,0.0000000000e0
35.958163,1.2929894556e3,-1.9525682110e-4,1.0443915647e2,6.5396118242e-1,0.0000000000e0,0.0000000000e0,1.2929894506e3,-2.0148863705e-4,2.6859789034e1,6.1795023369e-1,2.4244561700e-6,2.4414062500e-4,1.2927946447e3,-7.5568756821e-2,6.1713733775e0,4.6810349833e-1,7.5322306271e-2,0.0000000000e0
36.059184,1.3002646777e3,-1.9415350355e-4,1.0502117424e2,6.5403125822e-1,3.8653524825e-12,-2.4414062500e-4,1.3002646727e3,-2.0031144220e-4,2.7005293476e1,6.1820776565e-1,2.2543576961e-6,0.0000000000e0,1.3000671285e3,-7.4479813845e-2,6.2004615804e0,4.6895341293e-1,7.4234268273e-2,0.0000000000e0
36.160204,1.3075603100e3,-1.9305954270e-4,1.0560482482e2,6.5410075864e-1,3.8653524825e-12,2.4414062500e-4,1.3075603051e3,-1.9914475315e-4,2.7151206123e1,6.1846330125e-1,2.0957213565e-6,-7.3242187500e-4,1.3073689623e3,-7.3402283179e-2,6.2296671862e0,4.6979953667e-1,7.3158960578e-2,0.0000000000e0
36.261224,1.3148763526e3,-1.9197483270e-4,1.0619010822e2,6.5416968995e-1,1.5916157281e-12,-2.4414062500e-4,1.3148763477e3,-1.9798843724e-4,2.7297526975e1,6.1871686062e-1,1.9478982267e-6,-2.4414062500e-4,1.3146847926e3,-7.2338340455e-2,6.2589287836e0,4.7064011676e-1,7.2096286075e-2,0.0000000000e0
36.362245,1.3222128054e3,-1.9089926918e-4,1.0677702445e2,6.5423805832e-1,1.8189894035e-12,0.0000000000e0,1.3222128006e3,-1.9684236441e-4,2.7444256032e1,6.1896846366e-1,1.8100881789e-6,4.8828125000e-4,1.3220274913e3,-7.1286017132e-2,6.2882978586e0,4.7147666227e-1,7.1046147285e-2,0.0000000000e0
36.463265,1.3295696684e3,-1.8983274925e-4,1.0736557349e2,6.5430586982e-1,6.8212102633e-13,-2.4414062500e-4,1.3295696637e3,-1.9570640750e-4,2.7591393294e1,6.1921813001e-1,1.6817252799e-6,-2.4414062500e-4,1.3293898024e3,-7.0246272849e-2,6.3177453883e0,4.7230836824e-1,7.0008446744e-2,0.0000000000e0
36.564286,1.3369469417e3,-1.8877517147e-4,1.0795575535e2,6.5437313045e-1,1.3642420527e-12,0.0000000000e0,1.3369469370e3,-1.9458044173e-4,2.7738938761e1,6.1946587909e-1,1.5621417333e-6,0.0000000000e0,1.3367624594e3,-6.9220284203e-2,6.3472343090e0,4.7313423312e-1,6.8983086885e-2,0.0000000000e0
36.665306,1.3443446252e3,-1.8772643581e-4,1.0854757004e2,6.5443984615e-1,3.1832314562e-12,-2.4414062500e-4,1.3443446206e3,-1.9346434480e-4,2.7886892432e1,6.1971173008e-1,1.4507379547e-6,0.0000000000e0,1.3441618469e3,-6.8205663042e-2,6.3768301560e0,4.7395612723e-1,6.7969970057e-2,0.0000000000e0
36.766327,1.3517627190e3,-1.8668644365e-4,1.0914101754e2,6.5450602275e-1,7.2759576142e-12,0.0000000000e0,1.3517627144e3,-1.9235799676e-4,2.8035254309e1,6.1995570191e-1,1.3470034901e-6,-4.8828125000e-4,1.3515836490e3,-6.7202928624e-2,6.4065156661e0,4.7477358882e-1,6.6968998553e-2,0.0000000000e0
36.867347,1.3592012230e3,-1.8565509776e-4,1.0973609786e2,6.5457166601e-1,8.6401996668e-12,0.0000000000e0,1.3592012185e3,-1.9126127988e-4,2.8184024390e1,6.2019781330e-1,1.2504781353e-6,0.0000000000e0,1.3590271504e3,-6.6212089533e-2,6.4362879792e0,4.7558656386e-1,6.5980074630e-2,0.0000000000e0
36.968367,1.3666601373e3,-1.8463230222e-4,1.1033281100e2,6.5463678163e-1,5.2295945352e-12,2.4414062500e-4,1.3666601328e3,-1.9017407844e-4,2.8333202676e1,6.2043808272e-1,1.1605852706e-6,0.0000000000e0,1.3664824337e3,-6.5234345761e-2,6.4661074275e0,4.7639400837e-1,6.5003100543e-2,0.0000000000e0
37.069388,1.3741394618e3,-1.8361796249e-4,1.1093115696e2,6.5470137523e-1,6.8212102633e-13,4.8828125000e-4,1.3741394574e3,-1.8909627889e-4,2.8482789167e1,6.2067652844e-1,1.0769238088e-6,0.0000000000e0,1.3739634384e3,-6.4267762576e-2,6.4960297665e0,4.7719746561e-1,6.4037978494e-2,0.0000000000e0
37.170408,1.3816391965e3,-1.8261198531e-4,1.1153113574e2,6.5476545233e-1,3.6379788071e-12,0.0000000000e0,1.3816391922e3,-1.8802776959e-4,2.8632783863e1,6.2091316849e-1,9.9911608231e-7,2.4414062500e-4,1.3814648463e3,-6.3312944511e-2,6.5260337244e0,4.7799638599e-1,6.3084610750e-2,0.0000000000e0
37.271429,1.3891593415e3,-1.8161427871e-4,1.1213274734e2,6.5482901841e-1,1.3642420527e-12,2.4414062500e-4,1.3891593372e3,-1.8696844082e-4,2.8783186763e1,6.2114802070e-1,9.2678715191e-7,-4.8828125000e-4,1.3889887133e3,-6.2369538060e-2,6.5561275244e0,4.7879101440e-1,6.2142899513e-2,0.0000000000e0
37.372449,1.3966998967e3,-1.8062475198e-4,1.1273599176e2,6.5489207886e-1,1.8189894035e-12,0.0000000000e0,1.3966998925e3,-1.8591818458e-4,2.8933997869e1,6.2138110268e-1,8.5943111117e-7,-2.4414062500e-4,1.3965288766e3,-6.1438212036e-2,6.5862865170e0,4.7958073121e-1,6.1212747125e-2,0.0000000000e0
37.473469,1.4042608622e3,-1.7964331566e-4,1.1334086899e2,6.5495463900e-1,9.0949470177e-13,7.3242187500e-4,1.4042608580e3,-1.8487689478e-4,2.9085217179e1,6.2161243181e-1,7.9683013610e-7,0.0000000000e0,1.4040851528e3,-6.0518868093e-2,6.6165099689e0,4.8036555656e-1,6.0294055927e-2,0.0000000000e0
37.574490,1.4118422379e3,-1.7866988153e-4,1.1394737905e2,6.5501670410e-1,1.4097167877e-11,0.0000000000e0,1.4118422338e3,-1.8384446701e-4,2.9236844694e1,6.2184202528e-1,7.3867840911e-7,0.0000000000e0,1.4116745194e3,-5.9609367261e-2,6.6468657859e0,4.8114727112e-1,5.9386728376e-2,0.0000000000e0
37.675510,1.4194440239e3,-1.7770436255e-4,1.1455552193e2,6.5507827933e-1,5.0022208598e-12,4.8828125000e-4,1.4194440198e3,-1.8282079845e-4,2.9388880414e1,6.2206990008e-1,6.8458007263e-7,2.4414062500e-4,1.4192779462e3,-5.8711908671e-2,6.6772778525e0,4.8192393460e-1,5.8490666956e-2,0.0000000000e0
37.776531,1.4270662201e3,-1.7674667286e-4,1.1516529763e2,6.5513936981e-1,1.4324541553e-11,-4.8828125000e-4,1.4270662161e3,-1.8180578798e-4,2.9541324339e1,6.2229607299e-1,6.3434322328e-7,0.0000000000e0,1.4269017764e3,-5.7825629367e-2,6.7077715394e0,4.8269623100e-1,5.7605774284e-2,0.0000000000e0
37.877551,1.4347088266e3,-1.7579672779e-4,1.1577670614e2,6.5519998060e-1,6.8212102633e-12,-2.4414062500e-4,1.4347088226e3,-1.8079933603e-4,2.9694176469e1,6.2252056057e-1,5.8767568589e-7,2.4414062500e-4,1.4345460098e3,-5.6950432048e-2,6.7383468460e0,4.8346418805e-1,5.6731953111e-2,0.0000000000e0
37.978571,1.4423718433e3,-1.7485444380e-4,1.1638974748e2,6.5526011668e-1,2.0463630790e-12,4.8828125000e-4,1.4423718393e3,-1.7980134455e-4,2.9847436804e1,6.2274337922e-1,5.4432734942e-7,2.4414062500e-4,1.4422106466e3,-5.6086219479e-2,6.7690037736e0,4.8422783338e-1,5.5869106229e-2,0.0000000000e0
38.079592,1.4500552702e3,-1.7391973847e-4,1.1700442163e2,6.5531978298e-1,1.1596057448e-11,-4.8828125000e-4,1.4500552663e3,-1.7881171699e-4,3.0001105343e1,6.2296454513e-1,5.0408038987e-7,4.8828125000e-4,1.4498956854e3,-5.5232894768e-2,6.7997423167e0,4.8498719430e-1,5.5017136697e-2,0.0000000000e0
38.180612,1.4577591074e3,-1.7299253051e-4,1.1762072861e2,6.5537898435e-1,2.2737367544e-13,-4.8828125000e-4,1.4577591035e3,-1.7783035826e-4,3.0155182087e1,6.2318407427e-1,4.6667310016e-7,0.0000000000e0,1.4576011275e3,-5.4390360874e-2,6.8305624802e0,4.8574229819e-1,5.4175947638e-2,0.0000000000e0
38.281633,1.4654833548e3,-1.7207273969e-4,1.1823866840e2,6.5543772560e-1,5.4569682106e-12,-4.8828125000e-4,1.4654833510e3,-1.7685717470e-4,3.0309667037e1,6.2340198248e-1,4.3199065658e-7,-4.8828125000e-4,1.4653269730e3,-5.3558521038e-2,6.8614642653e0,4.8649317224e-1,5.3345442360e-2,0.0000000000e0
38.382653,1.4732280125e3,-1.7116028688e-4,1.1885824101e2,6.5549601145e-1,6.3664629124e-12,0.0000000000e0,1.4732280087e3,-1.7589207402e-4,3.0464560191e1,6.2361828535e-1,3.9979136091e-7,-4.8828125000e-4,1.4730732195e3,-5.2737278985e-2,6.8924476616e0,4.8723984314e-1,5.2525524378e-2,0.0000000000e0
38.483673,1.4809930804e3,-1.7025509400e-4,1.1947944645e2,6.5555384658e-1,1.1368683772e-12,-4.8828125000e-4,1.4809930767e3,-1.7493496532e-4,3.0619861550e1,6.2383299833e-1,3.6992719288e-7,-4.8828125000e-4,1.4808398693e3,-5.1926538099e-2,6.9235126790e0,4.8798233797e-1,5.1716097466e-2,0.0000000000e0
38.584694,1.4887785586e3,-1.6935708400e-4,1.2010228470e2,6.5561123561e-1,4.0927261580e-12,4.8828125000e-4,1.4887785549e3,-1.7398575902e-4,3.0775571114e1,6.2404613668e-1,3.4226354728e-7,4.8828125000e-4,1.4886269214e3,-5.1126202329e-2,6.9546593137e0,4.8872068329e-1,5.0917065403e-2,0.0000000000e0
38.685714,1.4965844470e3,-1.6846618087e-4,1.2072675577e2,6.5566818309e-1,5.9117155615e-12,0.0000000000e0,1.4965844433e3,-1.7304436681e-4,3.0931688882e1,6.2425771547e-1,3.1654622035e-7,0.0000000000e0,1.4964360065e3,-5.0336012116e-2,6.9858940878e0,4.8945505832e-1,5.0128332349e-2,0.0000000000e0
38.786735,1.5044107456e3,-1.6758230958e-4,1.2135285966e2,6.5572469353e-1,2.7284841053e-12,0.0000000000e0,1.5044107420e3,-1.7211070171e-4,3.1088214856e1,6.2446774960e-1,2.9270790947e-7,0.0000000000e0,1.5042708622e3,-4.9555510142e-2,7.0172319513e0,4.9018583290e-1,4.9349802666e-2,0.0000000000e0
38.887755,1.5122574545e3,-1.6670539610e-4,1.2198059637e2,6.5578077136e-1,1.8189894035e-12,0.0000000000e0,1.5122574509e3,-1.7118467795e-4,3.1245149034e1,6.2467625379e-1,2.7060400498e-7,-4.8828125000e-4,1.5121104910e3,-4.8786667635e-2,7.0485889187e0,4.9091108640e-1,4.8581381037e-2,0.0000000000e0
38.988776,1.5201245736e3,-1.6583536740e-4,1.2260996590e2,6.5583642097e-1,9.0949470177e-13,0.0000000000e0,1.5201245701e3,-1.7026621101e-4,3.1402491417e1,6.2488324261e-1,2.5015106075e-7,0.0000000000e0,1.5199791516e3,-4.8026995454e-2,7.0800620197e0,4.9163309713e-1,4.7822972132e-2,0.0000000000e0
39.089796,1.5280121030e3,-1.6497215136e-4,1.2324096825e2,6.5589164669e-1,6.8212102633e-13,0.0000000000e0,1.5280120995e3,-1.6935521754e-4,3.1560242006e1,6.2508873043e-1,2.3117968340e-7,0.0000000000e0,1.5278682141e3,-4.7277251196e-2,7.1116167366e0,4.9235108929e-1,4.7074481265e-2,0.0000000000e0
39.190816,1.5359200426e3,-1.6411567686e-4,1.2387360342e2,6.5594645280e-1,1.1141310097e-11,-4.8828125000e-4,1.5359200392e3,-1.6845161541e-4,3.1718400799e1,6.2529273147e-1,2.1359187485e-7,-9.7656250000e-4,1.5357776784e3,-4.6537340206e-2,7.1432530692e0,4.9306508862e-1,4.6335813731e-2,0.0000000000e0
39.291837,1.5438483925e3,-1.6326587367e-4,1.2450787141e2,6.5600084352e-1,1.8189894035e-12,4.8828125000e-4,1.5438483891e3,-1.6755532362e-4,3.1876967797e1,6.2549525979e-1,1.9731555767e-7,0.0000000000e0,1.5437075435e3,-4.5807168202e-2,7.1749710136e0,4.9377512061e-1,4.5606875186e-2,0.0000000000e0
39.392857,1.5517971526e3,-1.6242267248e-4,1.2514377222e2,6.5605482302e-1,6.8212102633e-12,4.8828125000e-4,1.5517971492e3,-1.6666626230e-4,3.2035942999e1,6.2569632927e-1,1.8224454834e-7,0.0000000000e0,1.5516578119e3,-4.5086640882e-2,7.2067705799e0,4.9448121089e-1,4.4887571720e-2,0.0000000000e0
39.493878,1.5597663229e3,-1.6158600489e-4,1.2578130585e2,6.5610839542e-1,5.4569682106e-12,0.0000000000e0,1.5597663196e3,-1.6578435272e-4,3.2195326407e1,6.2589595366e-1,1.6825447346e-7,0.0000000000e0,1.5596284812e3,-4.4375664711e-2,7.2386517581e0,4.9518338453e-1,4.4177809603e-2,0.0000000000e0
39.594898,1.5677559035e3,-1.6075580338e-4,1.2642047229e2,6.5616156478e-1,6.5938365879e-12,-4.8828125000e-4,1.5677559002e3,-1.6490951722e-4,3.2355118020e1,6.2609414651e-1,1.5533169062e-7,-4.8828125000e-4,1.5676195512e3,-4.3674146243e-2,7.2706145483e0,4.9588166664e-1,4.3477495398e-2,0.0000000000e0
39.695918,1.5757658943e3,-1.5993200130e-4,1.2706127156e2,6.5621433512e-1,2.2737367544e-12,0.0000000000e0,1.5757658911e3,-1.6404167922e-4,3.2515317837e1,6.2629092126e-1,1.4336751519e-7,-4.8828125000e-4,1.5756345844e3,-4.2981687229e-2,7.3026731992e0,4.9657638972e-1,4.2786536090e-2,0.0000000000e0
39.796939,1.5837962954e3,-1.5911453287e-4,1.2770370365e2,6.5626671042e-1,1.3642420527e-12,4.8828125000e-4,1.5837962922e3,-1.6318076320e-4,3.2675925859e1,6.2648629115e-1,1.3230533114e-7,0.0000000000e0,1.5836628974e3,-4.2299109987e-2,7.3347849796e0,4.9726665628e-1,4.2104838926e-2,0.0000000000e0
39.897959,1.5918471067e3,-1.5830333316e-4,1.2834776855e2,6.5631869458e-1,2.0463630790e-12,-4.8828125000e-4,1.5918471036e3,-1.6232669468e-4,3.2836942086e1,6.2668026930e-1,1.2208374756e-7,0.0000000000e0,1.5917151719e3,-4.1625407137e-2,7.3669926144e0,4.9795341314e-1,4.1432311695e-2,0.0000000000e0
39.998980,1.5999183283e3,-1.5749833804e-4,1.2899346627e2,6.5637029147e-1,9.0949470177e-13,0.0000000000e0,1.5999183252e3,-1.6147940019e-4,3.2998366518e1,6.2687286868e-1,1.1262454791e-7,-4.8828125000e-4,1.5997878477e3,-4.0960791571e-2,7.3992818635e0,4.9863637746e-1,4.0768862213e-2,0.0000000000e0
40.100000,1.6080099601e3,-1.5669948423e-4,1.2964079682e2,6.5642150492e-1,2.2737367544e-13,-4.8828125000e-4,1.6080099571e3,-1.6063880727e-4,3.3160199155e1,6.2706410209e-1,1.0384792404e-7,0.0000000000e0,1.6078809247e3,-4.0305171607e-2,7.4316527263e0,4.9931557356e-1,4.0114398950e-2,0.0000000000e0
40.201020,1.6161220021e3,-1.5590670924e-4,1.3028976018e2,6.5647233871e-1,0.0000000000e0,0.0000000000e0,1.6161219992e3,-1.5980484443e-4,3.3322439997e1,6.2725398221e-1,9.5775703812e-8,-9.7656250000e-4,1.6159944027e3,-3.9658455930e-2,7.4641052025e0,4.9999102564e-1,3.9468830680e-2,0.0000000000e0
40.302041,1.6242544544e3,-1.5511995140e-4,1.3094035636e2,6.5652279656e-1,0.0000000000e0,0.0000000000e0,1.6242544515e3,-1.5897744117e-4,3.3485089044e1,6.2744252156e-1,8.8277374743e-8,-1.4648437500e-3,1.6241282817e3,-3.9020553613e-2,7.4966392920e0,5.0066275776e-1,3.8832066395e-2,0.0000000000e0
40.403061,1.6324073169e3,-1.5433914980e-4,1.3159258536e2,6.5657288215e-1,1.2732925825e-11,-9.7656250000e-4,1.6324073141e3,-1.5815652792e-4,3.3648146295e1,6.2762973252e-1,8.1372490968e-8,4.8828125000e-4,1.6322825617e3,-3.8391374120e-2,7.5292549946e0,5.0133079380e-1,3.8204015717e-2,0.0000000000e0
40.504082,1.6405805896e3,-1.5356424430e-4,1.3224644717e2,6.5662259913e-1,5.2295945352e-12,4.8828125000e-4,1.6405805869e3,-1.5734203606e-4,3.3811611752e1,6.2781562733e-1,7.5002390076e-8,0.0000000000e0,1.6404572426e3,-3.7770827320e-2,7.5619523101e0,5.0199515751e-1,3.7584588591e-2,0.0000000000e0
40.605102,1.6487742726e3,-1.5279517552e-4,1.3290194181e2,6.5667195109e-1,2.0463630790e-12,4.8828125000e-4,1.6487742700e3,-1.5653389788e-4,3.3975485413e1,6.2800021810e-1,6.9145926318e-8,0.0000000000e0,1.6486523243e3,-3.7158823491e-2,7.5947312385e0,5.0265587249e-1,3.6973695373e-2,0.0000000000e0
40.706122,1.6569883657e3,-1.5203188485e-4,1.3355906926e2,6.5672094158e-1,1.1368683772e-12,0.0000000000e0,1.6569883633e3,-1.5573204657e-4,3.4139767279e1,6.2818351679e-1,6.3680545281e-8,4.8828125000e-4,1.6568678069e3,-3.6555273332e-2,7.6275917794e0,5.0331296219e-1,3.6371246770e-2,0.0000000000e0
40.807143,1.6652228691e3,-1.5127431439e-4,1.3421782953e2,6.5676957411e-1,3.8653524825e-12,9.7656250000e-4,1.6652228669e3,-1.5493641623e-4,3.4304457350e1,6.2836553524e-1,5.8604427977e-8,4.8828125000e-4,1.6651036902e3,-3.5960087966e-2,7.6605339329e0,5.0396644989e-1,3.5777153918e-2,9.7656250000e-4
40.908163,1.6734777827e3,-1.5052240698e-4,1.3487822262e2,6.5681785215e-1,1.0004441720e-11,-4.8828125000e-4,1.6734777807e3,-1.5414694183e-4,3.4469555626e1,6.2854628515e-1,5.3994426708e-8,0.0000000000e0,1.6733599741e3,-3.5373178949e-2,7.6935576987e0,5.0461635876e-1,3.5191328531e-2,0.0000000000e0
41.009184,1.6817531066e3,-1.4977610616e-4,1.3554024852e2,6.5686577912e-1,3.6379788071e-12,-4.8828125000e-4,1.6817531047e3,-1.5336355917e-4,3.4635062107e1,6.2872577809e-1,4.9692516768e-8,4.8828125000e-4,1.6816366588e3,-3.4794458280e-2,7.7266630768e0,5.0526271179e-1,3.4613682629e-2,-4.8828125000e-4
41.110204,1.6900488406e3,-1.4903535619e-4,1.3620390724e2,6.5691335841e-1,8.6401996668e-12,0.0000000000e0,1.6900488390e3,-1.5258620494e-4,3.4800976792e1,6.2890402550e-1,4.5727119868e-8,0.0000000000e0,1.6899337441e3,-3.4223838406e-2,7.7598500669e0,5.0590553184e-1,3.4044128754e-2,0.0000000000e0
41.211224,1.6983649848e3,-1.4830010201e-4,1.3686919877e2,6.5696059335e-1,1.4551915228e-11,0.0000000000e0,1.6983649835e3,-1.5181481664e-4,3.4967299683e1,6.2908103868e-1,4.2060491978e-8,-4.8828125000e-4,1.6982512299e3,-3.3661232228e-2,7.7931186691e0,5.0654484162e-1,3.3482579812e-2,0.0000000000e0
41.312245,1.7067015392e3,-1.4757028925e-4,1.3753612312e2,6.5700748726e-1,5.4569682106e-12,9.7656250000e-4,1.7067015383e3,-1.5104933259e-4,3.5134030778e1,6.2925682884e-1,3.8709458750e-8,-9.7656250000e-4,1.7065891164e3,-3.3106553106e-2,7.8264688832e0,5.0718066368e-1,3.2928949387e-2,0.0000000000e0
41.413265,1.7150585037e3,-1.4684586421e-4,1.3820468027e2,6.5705404340e-1,2.9558577808e-12,-4.8828125000e-4,1.7150585033e3,-1.5028969192e-4,3.5301170079e1,6.2943140702e-1,3.5630591810e-8,0.0000000000e0,1.7149474033e3,-3.2559714873e-2,7.8599007091e0,5.0781302045e-1,3.2383151165e-2,0.0000000000e0
41.514286,1.7234358784e3,-1.4612677385e-4,1.3887487024e2,6.5710026500e-1,5.6843418861e-12,4.8828125000e-4,1.7234358786e3,-1.4953583455e-4,3.5468717584e1,6.2960478418e-1,3.2752723200e-8,0.0000000000e0,1.7233260907e3,-3.2020631833e-2,7.8934141467e0,5.0844193421e-1,3.1845099592e-2,0.0000000000e0
41.615306,1.7318336632e3,-1.4541296580e-4,1.3954669301e2,6.5714615525e-1,8.8675733423e-12,-4.8828125000e-4,1.7318336641e3,-1.4878770119e-4,3.5636673294e1,6.2977697112e-1,3.0111323213e-8,0.0000000000e0,1.7317251786e3,-3.1489218769e-2,7.9270091960e0,5.0906742706e-1,3.1314709575e-2,0.0000000000e0
41.716327,1.7402518580e3,-1.4470438831e-4,1.4022014859e2,6.5719171729e-1,8.4128259914e-12,-4.8828125000e-4,1.7402518599e3,-1.4804523331e-4,3.5805037209e1,6.2994797855e-1,2.7674559533e-8,-4.8828125000e-4,1.7401446670e3,-3.0965390953e-2,7.9606858567e0,5.0968952101e-1,3.0791896351e-2,4.8828125000e-4
41.817347,1.7486904630e3,-1.4400099027e-4,1.4089523697e2,6.5723695425e-1,4.0927261580e-12,0.0000000000e0,1.7486904659e3,-1.4730837315e-4,3.5973809329e1,6.3011781705e-1,2.5440840545e-8,-9.7656250000e-4,1.7485845557e3,-3.0449064146e-2,7.9944441290e0,5.1030823789e-1,3.0276575848e-2,4.8828125000e-4
41.918367,1.7571494779e3,-1.4330272120e-4,1.4157195815e2,6.5728186920e-1,4.5474735089e-13,0.0000000000e0,1.7571494821e3,-1.4657706366e-4,3.6142989653e1,6.3028649708e-1,2.3390157367e-8,4.8828125000e-4,1.7570448448e3,-2.9940154609e-2,8.0282840126e0,5.1092359940e-1,2.9768664260e-2,0.0000000000e0
42.019388,1.7656289028e3,-1.4260953123e-4,1.4225031212e2,6.5732646519e-1,2.5011104299e-12,4.8828125000e-4,1.7656289086e3,-1.4585124857e-4,3.6312578183e1,6.3045402900e-1,2.1496816771e-8,0.0000000000e0,1.7655255343e3,-2.9438579101e-2,8.0622055076e0,5.1153562709e-1,2.9268078562e-2,0.0000000000e0
42.120408,1.7741287376e3,-1.4192137112e-4,1.4293029888e2,6.5737074523e-1,1.0913936421e-11,-4.8828125000e-4,1.7741287453e3,-1.4513087230e-4,3.6482574917e1,6.3062042303e-1,1.9727849576e-8,-9.7656250000e-4,1.7740266241e3,-2.8944254892e-2,8.0962086139e0,5.1214434239e-1,2.8774736077e-2,4.8828125000e-4
42.221429,1.7826489822e3,-1.4123819218e-4,1.4361191842e2,6.5741471230e-1,4.7748471843e-12,-4.8828125000e-4,1.7826489923e3,-1.4441587999e-4,3.6652979857e1,6.3078568931e-1,1.8135779101e-8,0.0000000000e0,1.7825481143e3,-2.8457099763e-2,8.1302933314e0,5.1274976656e-1,2.8288554490e-2,-9.7656250000e-4
42.322449,1.7911896365e3,-1.4055994634e-4,1.4429517073e2,6.5745836933e-1,3.8653524825e-12,0.0000000000e0,1.7911896495e3,-1.4370621747e-4,3.6823793001e1,6.3094983786e-1,1.6638296074e-8,4.8828125000e-4,1.7910900048e3,-2.7977032012e-2,8.1644596602e0,5.1335192074e-1,2.7809452272e-2,0.0000000000e0
42.423469,1.7997507005e3,-1.3988658613e-4,1.4498005581e2,6.5750171925e-1,1.1368683772e-11,-4.8828125000e-4,1.7997507170e3,-1.4300183127e-4,3.6995014350e1,6.3111287856e-1,1.5271325537e-8,0.0000000000e0,1.7996522956e3,-2.7503970458e-2,8.1987076001e0,5.1395082592e-1,2.7337348346e-2,-9.7656250000e-4
42.524490,1.8083321740e3,-1.3921806460e-4,1.4566657364e2,6.5754476492e-1,2.5011104299e-12,4.8828125000e-4,1.8083321947e3,-1.4230266859e-4,3.7166643904e1,6.3127482123e-1,1.4012357497e-8,0.0000000000e0,1.8082349867e3,-2.7037834447e-2,8.2330371511e0,5.1454650297e-1,2.6872162080e-2,0.0000000000e0
42.625510,1.8169340568e3,-1.3855433541e-4,1.4635472420e2,6.5758750921e-1,5.0022208598e-12,4.8828125000e-4,1.8169340826e3,-1.4160867732e-4,3.7338681663e1,6.3143567555e-1,1.2870941646e-8,0.0000000000e0,1.8168380781e3,-2.6578543853e-2,8.2674483132e0,5.1513897259e-1,2.6413813416e-2,-4.8828125000e-4
42.726531,1.8255563488e3,-1.3789535275e-4,1.4704450749e2,6.5762995492e-1,6.3664629124e-12,-4.8828125000e-4,1.8255563808e3,-1.4091980596e-4,3.7511127627e1,6.3159545110e-1,1.1787051335e-8,-9.7656250000e-4,1.8254615697e3,-2.6126019085e-2,8.3019410864e0,5.1572825537e-1,2.5962222830e-2,0.0000000000e0
42.827551,1.8341990498e3,-1.3724107138e-4,1.4773592347e2,6.5767210485e-1,1.3642420527e-12,0.0000000000e0,1.8341990893e3,-1.4023600370e-4,3.7683981796e1,6.3175415738e-1,1.0849362297e-8,-4.8828125000e-4,1.8341054617e3,-2.5680181089e-2,8.3365154707e0,5.1631437175e-1,2.5517311294e-2,4.8828125000e-4
42.928571,1.8428621594e3,-1.3659144658e-4,1.4842897214e2,6.5771396177e-1,1.4779288904e-11,4.8828125000e-4,1.8428622079e3,-1.3955722035e-4,3.7857244169e1,6.3191180376e-1,9.9282715382e-9,0.0000000000e0,1.8427697539e3,-2.5240951353e-2,8.3711714661e0,5.1689734205e-1,2.5079000415e-2,-4.8828125000e-4
43.029592,1.8515456775e3,-1.3594643416e-4,1.4912365345e2,6.5775552839e-1,9.0949470177e-13,0.0000000000e0,1.8515457369e3,-1.3888340635e-4,3.8030914748e1,6.3206839952e-1,9.1235961008e-9,-4.8828125000e-4,1.8514544464e3,-2.4808251910e-2,8.4059090725e0,5.1747718642e-1,2.4647212283e-2,9.7656250000e-4
43.130612,1.8602496035e3,-1.3530599049e-4,1.4981996739e2,6.5779680745e-1,3.1832314562e-12,4.8828125000e-4,1.8602496760e3,-1.3821451275e-4,3.8204993531e1,6.3222395385e-1,8.3612121671e-9,-4.8828125000e-4,1.8601595391e3,-2.4382005340e-2,8.4407282900e0,5.1805392491e-1,2.4221869481e-2,4.8828125000e-4
43.231633,1.8689739372e3,-1.3467007241e-4,1.5051791390e2,6.5783780161e-1,1.3642420527e-12,4.8828125000e-4,1.8689740255e3,-1.3755049122e-4,3.8379480519e1,6.3237847581e-1,7.6388460002e-9,0.0000000000e0,1.8688850322e3,-2.3962134774e-2,8.4756291186e0,5.1862757742e-1,2.3802895329e-2,-4.8828125000e-4
43.332653,1.8777186779e3,-1.3403863731e-4,1.5121749294e2,6.5787851354e-1,2.7284841053e-12,-4.8828125000e-4,1.8777187851e3,-1.3689129403e-4,3.8554375712e1,6.3253197439e-1,7.0037913247e-9,-4.8828125000e-4,1.8776309255e3,-2.3548563897e-2,8.5106115582e0,5.1919816373e-1,2.3390213472e-2,0.0000000000e0
43.433673,1.8864838251e3,-1.3341164307e-4,1.5191870446e2,6.5791894588e-1,3.8653524825e-12,4.8828125000e-4,1.8864839550e3,-1.3623687402e-4,3.8729679110e1,6.3268445849e-1,6.4417235990e-9,-9.7656250000e-4,1.8863972191e3,-2.3141216952e-2,8.5456756089e0,5.1976570346e-1,2.2983748205e-2,4.8828125000e-4
43.534694,1.8952693781e3,-1.3278904806e-4,1.5262154839e2,6.5795910125e-1,2.2737367544e-13,-4.8828125000e-4,1.8952695352e3,-1.3558718464e-4,3.8905390713e1,6.3283593689e-1,5.8553268900e-9,0.0000000000e0,1.8951839130e3,-2.2740018739e-2,8.5808212708e0,5.2033021613e-1,2.2583424461e-2,-4.8828125000e-4
43.635714,1.9040753360e3,-1.3217081116e-4,1.5332602466e2,6.5799898225e-1,1.4779288904e-11,-4.8828125000e-4,1.9040755256e3,-1.3494217989e-4,3.9081510521e1,6.3298641830e-1,5.3973963077e-9,-4.8828125000e-4,1.9039910072e3,-2.2344894623e-2,8.6160485439e0,5.2089172110e-1,2.2189167645e-2,4.8828125000e-4
43.736735,1.9129016978e3,-1.3155689172e-4,1.5403213317e2,6.5803859146e-1,7.5033312896e-12,-4.8828125000e-4,1.9129019262e3,-1.3430181435e-4,3.9258038533e1,6.3313591132e-1,4.9228674470e-9,4.8828125000e-4,1.9128185017e3,-2.1955770530e-2,8.6513574281e0,5.2145023763e-1,2.1800903733e-2,-4.8828125000e-4
43.837755,1.9217484624e3,-1.3094724957e-4,1.5473987383e2,6.5807793145e-1,3.4106051316e-12,4.8828125000e-4,1.9217487371e3,-1.3366604314e-4,3.9434974751e1,6.3328442446e-1,4.4926764531e-9,4.8828125000e-4,1.9216663965e3,-2.1572572954e-2,8.6867479235e0,5.2200578481e-1,2.1418559308e-2,0.0000000000e0
43.938776,1.9306156283e3,-1.3034184502e-4,1.5544924651e2,6.5811700478e-1,1.2505552149e-11,-4.8828125000e-4,1.9306159582e3,-1.3303482195e-4,3.9612319173e1,6.3343196616e-1,4.1341081669e-9,0.0000000000e0,1.9305346917e3,-2.1195228957e-2,8.7222200302e0,5.2255838165e-1,2.1042061450e-2,4.8828125000e-4
44.039796,1.9395031941e3,-1.2974063883e-4,1.5616025106e2,6.5815581400e-1,1.0913936421e-11,4.8828125000e-4,1.9395035896e3,-1.3240810698e-4,3.9790071801e1,6.3357854474e-1,3.7653080653e-9,0.0000000000e0,1.9394233873e3,-2.0823666170e-2,8.7577737482e0,5.2310804698e-1,2.0671338001e-2,-4.8828125000e-4
44.140816,1.9484111578e3,-1.2914359225e-4,1.5687288732e2,6.5819436163e-1,3.1832314562e-12,0.0000000000e0,1.9484116312e3,-1.3178585499e-4,3.9968232633e1,6.3372416846e-1,3.4362983570e-9,-4.8828125000e-4,1.9483324832e3,-2.0457812796e-2,8.7934090776e0,5.2365479954e-1,2.0306316932e-2,-4.8828125000e-4
44.241837,1.9573395172e3,-1.2855066695e-4,1.5758715509e2,6.5823265022e-1,3.1832314562e-12,0.0000000000e0,1.9573400830e3,-1.3116802324e-4,4.0146801670e1,6.3386884549e-1,3.1707259041e-9,-4.8828125000e-4,1.9572619795e3,-2.0097597612e-2,8.8291260184e0,5.2419865793e-1,1.9946927354e-2,-4.8828125000e-4
44.342857,1.9662882697e3,-1.2796182509e-4,1.5830305414e2,6.5827068231e-1,5.2295945352e-12,0.0000000000e0,1.9662889452e3,-1.3055456953e-4,4.0325778912e1,6.3401258388e-1,2.8869635571e-9,9.7656250000e-4,1.9662118762e3,-1.9742949969e-2,8.8649245707e0,5.2473964063e-1,1.9593098591e-2,-4.8828125000e-4
44.443878,1.9752574125e3,-1.2737702924e-4,1.5902058421e2,6.5830846041e-1,3.8653524825e-12,-4.8828125000e-4,1.9752582175e3,-1.2994545215e-4,4.0505164359e1,6.3415539164e-1,2.6379893825e-9,0.0000000000e0,1.9751821733e3,-1.9393799791e-2,8.9008047345e0,5.2527776597e-1,1.9244760565e-2,0.0000000000e0
44.544898,1.9842469419e3,-1.2679624243e-4,1.5973974499e2,6.5834598708e-1,6.5938365879e-12,-9.7656250000e-4,1.9842479001e3,-1.2934062989e-4,4.0684958011e1,6.3429727668e-1,2.3997017706e-9,4.8828125000e-4,1.9841728709e3,-1.9050077583e-2,8.9367665099e0,5.2581305219e-1,1.8901843964e-2,0.0000000000e0
44.645918,1.9932568541e3,-1.2621942812e-4,1.6046053611e2,6.5838326487e-1,1.4324541553e-11,0.0000000000e0,1.9932579929e3,-1.2874006205e-4,4.0865159867e1,6.3443824682e-1,2.1941559680e-9,-9.7656250000e-4,1.9931839690e3,-1.8711714422e-2,8.9728098970e0,5.2634551739e-1,1.8564279792e-2,0.0000000000e0
44.746939,2.0022871442e3,-1.2564655021e-4,1.6118295716e2,6.5842029635e-1,1.5006662579e-11,4.8828125000e-4,2.0022884960e3,-1.2814370839e-4,4.1045769929e1,6.3457830979e-1,2.0227162167e-9,0.0000000000e0,2.0022154676e3,-1.8378641968e-2,9.0089348959e0,5.2687517953e-1,1.8231999944e-2,-4.8828125000e-4
44.847959,2.0113378070e3,-1.2507757302e-4,1.6190700766e2,6.5845708410e-1,7.9580786405e-12,4.8828125000e-4,2.0113394093e3,-1.2755152919e-4,4.1226788195e1,6.3471747328e-1,1.7985257728e-9,0.0000000000e0,2.0112673667e3,-1.8050792456e-2,9.0451415066e0,5.2740205647e-1,1.7904936643e-2,-9.7656250000e-4
44.948980,2.0204088361e3,-1.2451246129e-4,1.6263268705e2,6.5849363073e-1,5.2295945352e-12,0.0000000000e0,2.0204107329e3,-1.2696348517e-4,4.1408214667e1,6.3485574485e-1,1.6743797460e-9,-4.8828125000e-4,2.0203396664e3,-1.7728098698e-2,9.0814297292e0,5.2792616595e-1,1.7583022698e-2,4.8828125000e-4
45.050000,2.0295002243e3,-1.2395118021e-4,1.6335999469e2,6.5852993890e-1,4.3200998334e-12,4.8828125000e-4,2.0295024667e3,-1.2637953751e-4,4.1590049343e1,6.3499313201e-1,1.5156729205e-9,-4.8828125000e-4,2.0294323667e3,-1.7410494088e-2,9.1177995639e0,5.2844752557e-1,1.7266191600e-2,0.0000000000e0
45.151020,2.0386119633e3,-1.2339369536e-4,1.6408892984e2,6.5856601130e-1,6.5938365879e-12,0.0000000000e0,2.0386146108e3,-1.2579964788e-4,4.1772292224e1,6.3512964220e-1,1.3953922462e-9,4.8828125000e-4,2.0385454675e3,-1.7097912595e-2,9.1542510106e0,5.2896615281e-1,1.6954377519e-2,4.8828125000e-4
45.252041,2.0477440435e3,-1.2283997274e-4,1.6481949164e2,6.5860185064e-1,1.0459189070e-11,0.0000000000e0,2.0477471651e3,-1.2522377839e-4,4.1954943310e1,6.3526528276e-1,1.2835243979e-9,0.0000000000e0,2.0476789691e3,-1.6790288765e-2,9.1907840696e0,5.2948206506e-1,1.6647514952e-2,4.8828125000e-4
45.353061,2.0568964539e3,-1.2228997879e-4,1.6555167913e2,6.5863745972e-1,8.1854523160e-12,0.0000000000e0,2.0569001296e3,-1.2465189157e-4,4.2138002601e1,6.3540006096e-1,1.1641532183e-9,0.0000000000e0,2.0568328713e3,-1.6487557722e-2,9.2273987408e0,5.2999527955e-1,1.6345539101e-2,0.0000000000e0
45.454082,2.0660691817e3,-1.2174368032e-4,1.6628549118e2,6.5867284140e-1,1.1368683772e-11,-1.9531250000e-3,2.0660735044e3,-1.2408395043e-4,4.2321470097e1,6.3553398401e-1,1.1023075785e-9,9.7656250000e-4,2.0660071742e3,-1.6189655163e-2,9.2640950244e0,5.3050581342e-1,1.6048385892e-2,0.0000000000e0
45.555102,2.0752622126e3,-1.2120104460e-4,1.6702092651e2,6.5870799858e-1,1.1823431123e-11,0.0000000000e0,2.0752672895e3,-1.2351991840e-4,4.2505345797e1,6.3566705903e-1,9.9453245639e-10,1.9531250000e-3,2.0752018779e3,-1.5896517360e-2,9.3008729206e0,5.3101368368e-1,1.5755991372e-2,0.0000000000e0
45.656122,2.0844755298e3,-1.2066203928e-4,1.6775798365e2,6.5874293429e-1,1.4551915228e-11,9.7656250000e-4,2.0844814847e3,-1.2295975931e-4,4.2689629703e1,6.3579929308e-1,9.1813490144e-10,-1.9531250000e-3,2.0844169824e3,-1.5608081154e-2,9.3377324293e0,5.3151890723e-1,1.5468292998e-2,0.0000000000e0
45.757143,2.0937091144e3,-1.2012663243e-4,1.6849666092e2,6.5877765161e-1,2.1827872843e-11,0.0000000000e0,2.0937160903e3,-1.2240343745e-4,4.2874321813e1,6.3593069313e-1,8.1990947365e-10,1.9531250000e-3,2.0936524877e3,-1.5324283956e-2,9.3746735508e0,5.3202150085e-1,1.5185227860e-2,0.0000000000e0
45.858163,2.1029629447e3,-1.1959479254e-4,1.6923695642e2,6.5881215375e-1,3.3196556615e-11,0.0000000000e0,2.1029711060e3,-1.2185091751e-4,4.3059422129e1,6.3606126609e-1,7.5260686572e-10,0.0000000000e0,2.1029083939e3,-1.5045063742e-2,9.4116962851e0,5.3252148119e-1,1.4906734203e-2,1.9531250000e-3
45.959184,2.1122369960e3,-1.1906648851e-4,1.6997886797e2,6.5884644404e-1,1.7735146685e-11,-1.9531250000e-3,2.1122465321e3,-1.2130216459e-4,4.3244930649e1,6.3619101880e-1,6.4619598561e-10,-9.7656250000e-4,2.1121847010e3,-1.4770359049e-2,9.4488006324e0,5.3301886482e-1,1.4632750781e-2,0.0000000000e0
46.060204,2.1215312404e3,-1.1854168966e-4,1.7072239310e2,6.5888052593e-1,3.1832314562e-11,9.7656250000e-4,2.1215423683e3,-1.2075714418e-4,4.3430847374e1,6.3631995804e-1,6.2391336542e-10,0.0000000000e0,2.1214814090e3,-1.4500108971e-2,9.4859865928e0,5.3351366816e-1,1.4363216846e-2,-1.9531250000e-3
46.161224,2.1308456458e3,-1.1802036571e-4,1.7146752901e2,6.5891440301e-1,3.5925040720e-11,9.7656250000e-4,2.1308586148e3,-1.2021582219e-4,4.3617172304e1,6.3644809050e-1,5.2750692703e-10,-9.7656250000e-4,2.1307985180e3,-1.4234253157e-2,9.5232541663e0,5.3400590754e-1,1.4098072066e-2,0.0000000000e0
46.262245,2.1401801761e3,-1.1750248682e-4,1.7221427253e2,6.5894807906e-1,4.2291503632e-11,-9.7656250000e-4,2.1401952716e3,-1.1967816491e-4,4.3803905439e1,6.3657542282e-1,4.7566572903e-10,0.0000000000e0,2.1401360280e3,-1.3972731800e-2,9.5606033532e0,5.3449559917e-1,1.3837257107e-2,0.0000000000e0
46.363265,2.1495347904e3,-1.1698802359e-4,1.7296262005e2,6.5898155801e-1,5.6388671510e-11,0.0000000000e0,2.1495523386e3,-1.1914413902e-4,4.3991046779e1,6.3670196156e-1,4.5292836148e-10,0.0000000000e0,2.1494939392e3,-1.3715485633e-2,9.5980341536e0,5.3498275914e-1,1.3580712734e-2,0.0000000000e0
46.464286,2.1589094424e3,-1.1647694702e-4,1.7371256753e2,6.5901484399e-1,5.9571902966e-11,0.0000000000e0,2.1589298158e3,-1.1861371158e-4,4.4178596324e1,6.3682771321e-1,3.8471625885e-10,-1.9531250000e-3,2.1588722514e3,-1.3462455922e-2,9.6355465676e0,5.3546740344e-1,1.3328380749e-2,-9.7656250000e-4
46.565306,2.1683040798e3,-1.1596922857e-4,1.7446411038e2,6.5904794135e-1,5.1841198001e-11,-1.9531250000e-3,2.1683277033e3,-1.1808685003e-4,4.4366554073e1,6.3695268423e-1,4.1472958401e-10,0.0000000000e0,2.1682709648e3,-1.3213584458e-2,9.6731405953e0,5.3594954794e-1,1.3080203178e-2,9.7656250000e-4
46.666327,2.1777186436e3,-1.1546484014e-4,1.7521724345e2,6.5908085468e-1,8.2309270510e-11,0.0000000000e0,2.1777460010e3,-1.1756352218e-4,4.4554920028e1,6.3707688096e-1,3.7789504859e-10,9.7656250000e-4,2.1776900794e3,-1.2968813545e-2,9.7108162369e0,5.3642920840e-1,1.2836122679e-2,9.7656250000e-4
46.767347,2.1871530676e3,-1.1496375408e-4,1.7597196094e2,6.5911358878e-1,8.9585228125e-11,9.7656250000e-4,2.1871847090e3,-1.1704369621e-4,4.4743694187e1,6.3720030972e-1,3.3060132409e-10,-1.9531250000e-3,2.1871295953e3,-1.2728085992e-2,9.7485734925e0,5.3690640049e-1,1.2596082725e-2,1.9531250000e-3
46.868367,2.1966072773e3,-1.1446594320e-4,1.7672825635e2,6.5914614878e-1,9.4132701633e-11,9.7656250000e-4,2.1966438272e3,-1.1652734064e-4,4.4932876551e1,6.3732297675e-1,2.7011992643e-10,-9.7656250000e-4,2.1965895125e3,-1.2491345100e-2,9.7864123623e0,5.3738113976e-1,1.2360026958e-2,0.0000000000e0
46.969388,2.2060811890e3,-1.1397138079e-4,1.7748612239e2,6.5917854006e-1,1.2096279534e-10,0.0000000000e0,2.2061233557e3,-1.1601442437e-4,4.5122467120e1,6.3744488823e-1,2.7330315788e-10,9.7656250000e-4,2.2060698310e3,-1.2258534647e-2,9.8243328465e0,5.3785344163e-1,1.2127899919e-2,0.0000000000e0
47.070408,2.2155747092e3,-1.1348004063e-4,1.7824555089e2,6.5921076832e-1,1.2050804798e-10,9.7656250000e-4,2.2156232944e3,-1.1550491666e-4,4.5312465895e1,6.3756605028e-1,2.6602720027e-10,9.7656250000e-4,2.2155705510e3,-1.2029598878e-2,9.8623349451e0,5.3832332145e-1,1.1899646588e-2,-9.7656250000e-4
47.171429,2.2250877331e3,-1.1299189697e-4,1.7900653274e2,6.5924283963e-1,1.3233147911e-10,1.9531250000e-3,2.2251436433e3,-1.1499878707e-4,4.5502872874e1,6.3768646894e-1,2.0463630790e-10,0.0000000000e0,2.2250916724e3,-1.1804482489e-2,9.9004186584e0,5.3879079443e-1,1.1675212437e-2,1.9531250000e-3
47.272449,2.2346201439e3,-1.1250692460e-4,1.7976905777e2,6.5927476037e-1,1.6007106751e-10,-9.7656250000e-4,2.2346844025e3,-1.1449600555e-4,4.5693688057e1,6.3780615023e-1,1.7234924599e-10,9.7656250000e-4,2.2346331954e3,-1.1583130607e-2,9.9385839865e0,5.3925587571e-1,1.1454543699e-2,1.9531250000e-3
47.373469,2.2441718112e3,-1.1202509880e-4,1.8053311465e2,6.5930653735e-1,1.9690560293e-10,1.9531250000e-3,2.2442455720e3,-1.1399654236e-4,4.5884911446e1,6.3792510008e-1,1.5052137314e-10,-9.7656250000e-4,2.2441951199e3,-1.1365488773e-2,9.9768309295e0,5.3971858029e-1,1.1237587022e-2,2.9296875000e-3
47.474490,2.2537425901e3,-1.1154639542e-4,1.8129869079e2,6.5933817776e-1,2.2737367544e-10,0.0000000000e0,2.2538271517e3,-1.1350036811e-4,4.6076543040e1,6.3804332435e-1,1.5961632016e-10,9.7656250000e-4,2.2537774461e3,-1.1151502925e-2,1.0015159488e1,5.4017892308e-1,1.1024289612e-2,9.7656250000e-4
47.575510,2.2633323193e3,-1.1107079086e-4,1.8206577220e2,6.5936968922e-1,2.4874680093e-10,0.0000000000e0,2.2634291416e3,-1.1300745373e-4,4.6268582838e1,6.3816082888e-1,1.5916157281e-10,1.9531250000e-3,2.2633801739e3,-1.0941119378e-2,1.0053569661e1,5.4063691891e-1,1.0814599264e-2,9.7656250000e-4
47.676531,2.2729408201e3,-1.1059826208e-4,1.8283434340e2,6.5940107982e-1,2.8694557841e-10,-1.9531250000e-3,2.2730515418e3,-1.1251777046e-4,4.6461030842e1,6.3827761943e-1,1.1732481653e-10,-9.7656250000e-4,2.2730033036e3,-1.0734284797e-2,1.0092061450e1,5.4109258246e-1,1.0608464258e-2,3.9062500000e-3
47.777551,2.2825678946e3,-1.1012878664e-4,1.8360438724e2,6.5943235810e-1,3.1468516681e-10,-1.9531250000e-3,2.2826943522e3,-1.1203128987e-4,4.6653887050e1,6.3839370169e-1,9.7770680441e-11,-9.7656250000e-4,2.2826468350e3,-1.0530946183e-2,1.0130634855e1,5.4154592834e-1,1.0405833752e-2,1.9531250000e-3
47.878571,2.2922133239e3,-1.0966234273e-4,1.8437588478e2,6.5946353312e-1,3.6470737541e-10,9.7656250000e-4,2.2923575728e3,-1.1154798386e-4,4.6847151464e1,6.3850908133e-1,1.0413714335e-10,1.9531250000e-3,2.2923107683e3,-1.0331050842e-2,1.0169289876e1,5.4199697106e-1,1.0206656882e-2,2.9296875000e-3
47.979592,2.3018768664e3,-1.0919890915e-4,1.8514881514e2,6.5949461445e-1,4.1472958401e-10,0.0000000000e0,2.3020412038e3,-1.1106782462e-4,4.7040824082e1,6.3862376393e-1,1.0004441720e-10,1.9531250000e-3,2.3019951036e3,-1.0134546367e-2,1.0208026512e1,5.4244572501e-1,1.0010883792e-2,4.8828125000e-3
48.080612,2.3115582561e3,-1.0873846539e-4,1.8592315533e2,6.5952561220e-1,4.8112269724e-10,-2.9296875000e-3,2.3117452449e3,-1.1059078465e-4,4.7234904905e1,6.3873775503e-1,7.6852302300e-11,-9.7656250000e-4,2.3116998409e3,-9.9413806082e-3,1.0246844765e1,5.4289220450e-1,9.8184649978e-3,5.8593750000e-3
48.181633,2.3212572000e3,-1.0828099158e-4,1.8669888009e2,6.5955653702e-1,5.2568793762e-10,9.7656250000e-4,2.3214696963e3,-1.1011683677e-4,4.7429393933e1,6.3885106012e-1,9.9134922493e-11,0.0000000000e0,2.3214249802e3,-9.7515016539e-3,1.0285744635e1,5.4333642372e-1,9.6293516608e-3,4.8828125000e-3
48.282653,2.3309733767e3,-1.0782646860e-4,1.8747596171e2,6.5958740014e-1,5.9890226112e-10,9.7656250000e-4,2.3312145580e3,-1.0964595407e-4,4.7624291165e1,6.3896368462e-1,4.1382008931e-11,9.7656250000e-4,2.3311705218e3,-9.5648578019e-3,1.0324726121e1,5.4377839678e-1,9.4434952930e-3,6.8359375000e-3
48.383673,2.3407064337e3,-1.0737487804e-4,1.8825436981e2,6.5961821339e-1,7.0076566772e-10,0.0000000000e0,2.3409798298e3,-1.0917810995e-4,4.7819596603e1,6.3907563392e-1,7.8671291703e-11,0.0000000000e0,2.3409364655e3,-9.3813975369e-3,1.0363789224e1,5.4421813768e-1,9.2608480254e-3,7.8125000000e-3
48.484694,2.3504559854e3,-1.0692620224e-4,1.8903407122e2,6.5964898917e-1,7.7261574916e-10,-9.7656250000e-4,2.3507655120e3,-1.0871327810e-4,4.8015310246e1,6.3918691335e-1,7.0031092037e-11,-9.7656250000e-4,2.3507228116e3,-9.2010695069e-3,1.0402933945e1,5.4465566033e-1,9.0813627712e-3,6.8359375000e-3
48.585714,2.3602216106e3,-1.0648042433e-4,1.8981502972e2,6.5967974049e-1,8.7447915575e-10,-1.9531250000e-3,2.3605716044e3,-1.0825143250e-4,4.8211432093e1,6.3929752816e-1,6.8212102633e-11,-9.7656250000e-4,2.3605295601e3,-9.0238225002e-3,1.0442160283e1,5.4509097854e-1,8.9049925873e-3,1.1718750000e-2
48.686735,2.3700028499e3,-1.0603752826e-4,1.9059720584e2,6.5971048096e-1,9.8771124613e-10,0.0000000000e0,2.3703981070e3,-1.0779254741e-4,4.8407962146e1,6.3940748360e-1,5.6388671510e-11,0.0000000000e0,2.3703567110e3,-8.8496054245e-3,1.0481468238e1,5.4552410602e-1,8.7316912482e-3,9.7656250000e-3
48.787755,2.3797992033e3,-1.0559749880e-4,1.9138055668e2,6.5974122482e-1,1.0950316209e-9,-9.7656250000e-4,2.3802450199e3,-1.0733659736e-4,4.8604900403e1,6.3951678482e-1,4.8203219194e-11,-9.7656250000e-4,2.3802042645e3,-8.6783672876e-3,1.0520857811e1,5.4595505640e-1,8.5614131158e-3,1.0742187500e-2
48.888776,2.3896101278e3,-1.0516032159e-4,1.9216503567e2,6.5977198686e-1,1.2369127944e-9,-1.9531250000e-3,2.3901123430e3,-1.0688355717e-4,4.8802246865e1,6.3962543696e-1,3.9108272176e-11,0.0000000000e0,2.3900722206e3,-8.5100571793e-3,1.0560329003e1,5.4638384319e-1,8.3941127873e-3,1.4648437500e-2
48.989796,2.3994350344e3,-1.0472598315e-4,1.9295059235e2,6.5980278252e-1,1.3642420527e-9,-9.7656250000e-4,2.4000000763e3,-1.0643340193e-4,4.9000001533e1,6.3973344507e-1,3.7744030124e-11,-9.7656250000e-4,2.3999605795e3,-8.3446242591e-3,1.0599881813e1,5.4681047983e-1,8.2297458803e-3,1.7578125000e-2
49.090816,2.4092732855e3,-1.0429447093e-4,1.9373717215e2,6.5983362778e-1,1.5302248357e-9,0.0000000000e0,2.4099082199e3,-1.0598610698e-4,4.9198164405e1,6.3984081420e-1,5.1386450650e-11,9.7656250000e-4,2.4098693412e3,-8.1820177422e-3,1.0639516242e1,5.4723497966e-1,8.0682681082e-3,1.6601562500e-2
49.191837,2.4191241924e3,-1.0386577329e-4,1.9452471618e2,6.5986453918e-1,1.7039383238e-9,-1.9531250000e-3,2.4198367738e3,-1.0554164795e-4,4.9396735481e1,6.3994754931e-1,4.4110493036e-11,1.9531250000e-3,2.4197985059e3,-8.0221868924e-3,1.0679232290e1,5.4765735591e-1,7.9096358540e-3,1.7578125000e-2
49.292857,2.4289870126e3,-1.0343987958e-4,1.9531316097e2,6.5989553379e-1,1.9053914002e-9,0.0000000000e0,2.4297857379e3,-1.0510000072e-4,4.9595714763e1,6.4005365533e-1,2.2737367544e-11,0.0000000000e0,2.4297480736e3,-7.8650810184e-3,1.0719029957e1,5.4807762174e-1,7.7538059659e-3,2.2460937500e-2
49.393878,2.4388609467e3,-1.0301678011e-4,1.9610243831e2,6.5992662919e-1,2.1254891180e-9,0.0000000000e0,2.4397551122e3,-1.0466114143e-4,4.9795102250e1,6.4015913714e-1,3.4560798667e-11,9.7656250000e-4,2.4397180444e3,-7.7106494737e-3,1.0758909244e1,5.4849579021e-1,7.6007358880e-3,2.6367187500e-2
49.494898,2.4487451362e3,-1.0259646620e-4,1.9689247497e2,6.5995784340e-1,2.3746906663e-9,-1.9531250000e-3,2.4497448968e3,-1.0422504647e-4,4.9994897942e1,6.4026399957e-1,8.1854523160e-12,-9.7656250000e-4,2.4497084184e3,-7.5588416612e-3,1.0798870150e1,5.4891187429e-1,7.4503835058e-3,2.7343750000e-2
49.595918,2.4586386610e3,-1.0217893018e-4,1.9768319254e2,6.5998919488e-1,2.6343514037e-9,9.7656250000e-4,2.4597550916e3,-1.0379169248e-4,5.0195101838e1,6.4036824742e-1,3.1832314562e-11,0.0000000000e0,2.4597191958e3,-7.4096070421e-3,1.0838912677e1,5.4932588686e-1,7.3027070766e-3,3.3203125000e-2
49.696939,2.4685405365e3,-1.0176416540e-4,1.9847450721e2,6.6002070241e-1,2.9176590033e-9,0.0000000000e0,2.4697856967e3,-1.0336105636e-4,5.0395713940e1,6.4047188542e-1,5.4569682106e-12,-1.9531250000e-3,2.4697503767e3,-7.2628951535e-3,1.0879036825e1,5.4973784071e-1,7.1576655778e-3,3.5156250000e-2
49.797959,2.4784497115e3,-1.0135216630e-4,1.9926632956e2,6.6005238511e-1,3.2450770959e-9,0.0000000000e0,2.4798367120e3,-1.0293311524e-4,5.0596734246e1,6.4057491827e-1,2.7739588404e-11,0.0000000000e0,2.4798019612e3,-7.1186556301e-3,1.0919242594e1,5.5014774854e-1,7.0152186231e-3,3.5156250000e-2
49.898980,2.4883650660e3,-1.0094292831e-4,2.0005856441e2,6.6008426232e-1,3.5997800296e-9,-2.9296875000e-3,2.4899081376e3,-1.0250784652e-4,5.0798162757e1,6.4067735062e-1,3.4106051316e-11,9.7656250000e-4,2.4898739493e3,-6.9768382213e-3,1.0959529984e1,5.5055562296e-1,6.8753256578e-3,4.1992187500e-2
50.000000,2.4982854090e3,-1.0053644796e-4,2.0085111066e2,6.6011635352e-1,3.9663063944e-9,1.9531250000e-3,2.4999999734e3,-1.0208522779e-4,5.0999999473e1,6.4077918709e-1,2.5011104299e-11,-9.7656250000e-4,2.4999663413e3,-6.8373928406e-3,1.0999898996e1,5.5096147650e-1,6.7379474685e-3,4.7851562500e-2
