lambda,ntilde_eta50,sigmaz_eta50,x2_eta50,u4x_eta50,gap_eta50,cv_eta50,ntilde_eta200,sigmaz_eta200,x2_eta200,u4x_eta200,gap_eta200,cv_eta200,ntilde_eta1000,sigmaz_eta1000,x2_eta1000,u4x_eta1000,gap_eta1000,cv_eta1000
0.500000,2.4278852563e-1,-7.5023136829e-1,1.0195653980e0,2.4383943702e-4,9.9004595052e-1,4.1792660966e-1,2.4812192234e-1,-7.5866929173e-1,1.0049717979e0,1.6288271502e-5,9.9750306036e-1,4.1947091089e-1,2.4962024707e-1,-7.6100454232e-1,1.0009988605e0,6.6359003659e-7,9.9950012448e-1,4.1987410511e-1
0.601020,3.5087600932e-1,-7.4521676175e-1,1.0282743235e0,5.0066063033e-4,9.8564932852e-1,4.1698739519e-1,3.5851655135e-1,-7.5737072824e-1,1.0071838313e0,3.3857265069e-5,9.9639417170e-1,4.1924514192e-1,3.6067701478e-1,-7.6074233251e-1,1.0014432562e0,1.3841768526e-6,9.9927780912e-1,4.1982943768e-1
0.702041,4.7885330566e-1,-7.3931431684e-1,1.0385847041e0,9.1400230012e-4,9.8047117138e-1,4.1585384593e-1,4.8917265352e-1,-7.5583603317e-1,1.0098018356e0,6.2704854488e-5,9.9508339120e-1,4.1897652474e-1,4.9211320210e-1,-7.6043209430e-1,1.0019692004e0,2.5741186139e-6,9.9901476207e-1,4.1977651640e-1
0.803061,6.2674764917e-1,-7.3254030266e-1,1.0504981800e0,1.5303435728e-3,9.7452403561e-1,4.1451534587e-1,6.4009205908e-1,-7.5406629424e-1,1.0128258382e0,1.0672407125e-4,9.9357151920e-1,4.1866435112e-1,6.4392887812e-1,-7.6007387205e-1,1.0025766933e0,4.4019770883e-6,9.9871101551e-1,4.1971531247e-1
0.904082,7.9459001639e-1,-7.2491346769e-1,1.0640166175e0,2.3974384849e-3,9.6782228637e-1,4.1296000093e-1,8.1127693159e-1,-7.5206276630e-1,1.0162558718e0,1.7028516204e-4,9.9185947796e-1,4.1830780865e-1,8.1612419553e-1,-7.5966771684e-1,1.0032657354e0,7.0613483127e-6,9.9836660662e-1,4.1964579267e-1
1.005102,9.8241484908e-1,-7.1645501981e-1,1.0791420911e0,3.5624658887e-3,9.6038203938e-1,4.1117480072e-1,1.0027296597e0,-7.4982687194e-1,1.0200919721e0,2.5818506508e-4,9.8994831070e-1,4.1790598318e-1,1.0086991747e0,-7.5921368687e-1,1.0040363266e0,1.0770390726e-5,9.9798157752e-1,4.1956791937e-1
1.106122,1.1902598934e0,-7.0718859521e-1,1.0958768755e0,5.0703097322e-3,9.5222109604e-1,4.0914580311e-1,1.2144528726e0,-7.4736020081e-1,1.0243341783e0,3.7559270852e-4,9.8783918055e-1,4.1745786161e-1,1.2216539501e0,-7.5871184703e-1,1.0048884675e0,1.5771301893e-5,9.9755597532e-1,4.1948165057e-1
1.207143,1.4181657818e0,-6.9714022951e-1,1.1142234175e0,6.9620394105e-3,9.4335887214e-1,4.0685834158e-1,1.4464495782e0,-7.4466450766e-1,1.0289825360e0,5.2799105068e-4,9.8553336938e-1,4.1696233499e-1,1.4549886645e0,-7.5816226906e-1,1.0058221584e0,2.2329734252e-5,9.9708985206e-1,4.1938693990e-1
1.308163,1.6661759185e0,-6.8633830855e-1,1.1341843332e0,9.2736471208e-3,9.3381632062e-1,4.0429725475e-1,1.6987229912e0,-7.4174171332e-1,1.0340370936e0,7.2111647898e-4,9.8303227647e-1,4.1641820204e-1,1.7087034474e0,-7.5756503159e-1,1.0068373998e0,3.0734156952e-5,9.9658326472e-1,4.1928373670e-1
1.409184,1.9343359124e0,-6.7481352659e-1,1.1557623682e0,1.2035069256e-2,9.2361584872e-1,4.0144713731e-1,1.9712764809e0,-7.3859390451e-1,1.0394979012e0,9.6089662063e-4,9.8033741714e-1,4.1582417293e-1,1.9827981710e0,-7.5692022061e-1,1.0079341910e0,4.1295155394e-5,9.9603627518e-1,4.1917198596e-1
1.510204,2.2226935117e0,-6.6259881473e-1,1.1789604007e0,1.5269513351e-2,9.1278123009e-1,3.9829261055e-1,2.2641138062e0,-7.3522333063e-1,1.0453650155e0,1.2533877057e-3,9.7745042119e-1,4.1517887346e-1,2.2772737648e0,-7.5622792692e-1,1.0091125355e0,5.4344745733e-5,9.9544895030e-1,4.1905162844e-1
1.611224,2.5312978687e0,-6.4972928216e-1,1.2037813886e0,1.8993074707e-2,9.0133751226e-1,3.9481861067e-1,2.5772388726e0,-7.3163240522e-1,1.0516384949e0,1.6047116830e-3,9.7437303124e-1,4.1448084960e-1,2.5921295320e0,-7.5548825135e-1,1.0103724304e0,7.0235475809e-5,9.9482136177e-1,4.1892260066e-1
1.712245,2.8601996500e0,-6.3624211329e-1,1.2302283873e0,2.3214639726e-2,8.8931092003e-1,3.9101069201e-1,2.9106559000e0,-7.2782370328e-1,1.0583184032e0,2.0209946651e-3,9.7110710101e-1,4.1372857236e-1,2.9273661049e0,-7.5470129896e-1,1.0117138780e0,8.9339719265e-5,9.9415358621e-1,4.1878483494e-1
1.813265,3.2094500068e0,-6.2217649189e-1,1.2583044745e0,2.7936022302e-2,8.7672875527e-1,3.8685534152e-1,3.2643692758e0,-7.2379996156e-1,1.0654048060e0,2.5083067842e-3,9.6765459347e-1,4.1292044304e-1,3.2829835280e0,-7.5386718282e-1,1.0131368784e0,1.1204871526e-4,9.9344570508e-1,4.1863825946e-1
1.914286,3.5791006262e0,-6.0757347097e-1,1.2880127634e0,3.3152322045e-2,8.6361929374e-1,3.8234030050e-1,3.6383836071e0,-7.1956407684e-1,1.0728977724e0,3.0726046914e-3,9.6401757882e-1,4.1205479884e-1,3.6589820658e0,-7.5298602238e-1,1.0146414324e0,1.3877169446e-4,9.9269780472e-1,4.1848279828e-1
2.015306,3.9692032345e0,-5.9247584661e-1,1.3193563716e0,3.8852442625e-2,8.5001167935e-1,3.7745488832e-1,4.0327037553e0,-7.1511910418e-1,1.0807973757e0,3.7196771417e-3,9.6019823246e-1,4.1112991877e-1,4.0553619202e0,-7.5205794404e-1,1.0162275405e0,1.6993491281e-4,9.9190997628e-1,4.1831837142e-1
2.116327,4.3798088448e0,-5.7692802327e-1,1.3523383691e0,4.5019729443e-2,8.3593581653e-1,3.7219032260e-1,4.4473347605e0,-7.1046825619e-1,1.0891036915e0,4.4550940323e-3,9.5619883282e-1,4.1014403005e-1,4.4721233091e0,-7.5108308098e-1,1.0178952035e0,2.0598067195e-4,9.9108231577e-1,4.1814489484e-1
2.217347,4.8109677092e0,-5.6097583791e-1,1.3869617840e0,5.1632699872e-2,8.2142226122e-1,3.6654002944e-1,4.8822817967e0,-7.0561490186e-1,1.0978167972e0,5.2841595355e-3,9.5202175908e-1,4.0909531468e-1,4.9092664733e0,-7.5006157311e-1,1.0196444220e0,2.4736630568e-4,9.9021492393e-1,4.1796228058e-1
2.318367,5.2627285291e0,-5.4466639175e-1,1.4232295478e0,5.8665807015e-2,8.0650211105e-1,3.6049993683e-1,5.3375502680e0,-7.0056256385e-1,1.1069367741e0,6.2118699665e-3,9.4766948882e-1,4.0798191653e-1,5.3667916415e0,-7.4899356720e-1,1.0214751968e0,2.9456313491e-4,9.8930790634e-1,4.1777043676e-1
2.419388,5.7351382431e0,-5.2804784548e-1,1.4611444873e0,6.6090223685e-2,7.9120689518e-1,3.5406874407e-1,5.8131457752e0,-6.9531491698e-1,1.1164637063e0,7.2428761972e-3,9.4314459558e-1,4.0680194866e-1,5.8446991108e0,-7.4787921662e-1,1.0233875287e0,3.4805541029e-4,9.8836137331e-1,4.1756926762e-1
2.520408,6.2282415980e0,-5.1116920520e-1,1.5007092987e0,7.3874607200e-2,7.7556846447e-1,3.4724815995e-1,6.3090740742e0,-6.8987578655e-1,1.1263976804e0,8.3814509857e-3,9.3844974630e-1,4.0555350103e-1,6.3429890806e0,-7.4671868172e-1,1.0253814183e0,4.0833920719e-4,9.8737543987e-1,4.1735867366e-1
2.621429,6.7420804650e0,-4.9408010025e-1,1.5419265010e0,8.1985822374e-2,7.5961888240e-1,3.4004310220e-1,6.8253409171e0,-6.8424914762e-1,1.1367387822e0,9.6314610560e-3,9.3358769873e-1,4.0423464850e-1,6.8616618830e0,-7.4551212933e-1,1.0274568667e0,4.7592134751e-4,9.8635022578e-1,4.1713855159e-1
2.722449,7.2766939642e0,-4.7683052159e-1,1.5847984538e0,9.0389623452e-2,7.4339031732e-1,3.3246185161e-1,7.3619525626e0,-6.7843911787e-1,1.1474871067e0,1.0996345918e-2,9.2856129871e-1,4.0284345918e-1,7.4007179249e0,-7.4425973289e-1,1.0296138751e0,5.5131827832e-4,9.8528585551e-1,4.1690879451e-1
2.823469,7.8321173877e0,-4.5947058440e-1,1.6293272780e0,9.9051252014e-2,7.2691493643e-1,3.2451615422e-1,7.9189149555e0,-6.7244996277e-1,1.1586427422e0,1.2479098495e-2,9.2337347740e-1,4.0137800302e-1,7.9601570900e0,-7.4296167355e-1,1.0318524429e0,6.3505485286e-4,9.8418245810e-1,4.1666929187e-1
2.924490,8.4083827394e0,-4.4205023163e-1,1.6755149058e0,1.0793598882e-1,7.1022480208e-1,3.1622126651e-1,8.4962343767e0,-6.6628608671e-1,1.1702057833e0,1.4082254299e-2,9.1802724844e-1,3.9983636073e-1,8.5399801075e0,-7.4161813757e-1,1.0341725726e0,7.2766339172e-4,9.8304016735e-1,4.1641992964e-1
3.025510,9.0055176081e0,-4.2461897938e-1,1.7233629954e0,1.1700960500e-1,6.9335177079e-1,3.0759593909e-1,9.0939173286e0,-6.5995203125e-1,1.1821763281e0,1.5807883595e-2,9.1252570505e-1,3.9821663296e-1,9.1401872674e0,-7.4022931873e-1,1.0365742650e0,8.2968235772e-4,9.8185912157e-1,4.1616059031e-1
3.126531,9.6235455454e0,-4.0722561374e-1,1.7728729671e0,1.2623876261e-1,6.7632739535e-1,2.9866233638e-1,9.7119700142e0,-6.5345247670e-1,1.1945544688e0,1.7657586799e-2,9.0687201700e-1,3.9651694964e-1,9.7607785583e0,-7.3879541809e-1,1.0390575199e0,9.4165521483e-4,9.8063946371e-1,4.1589115299e-1
3.227551,1.0262485336e1,-3.8991791816e-1,1.8240459472e0,1.3559132656e-1,6.5918283053e-1,2.8944589095e-1,1.0350399113e1,-6.4679223177e-1,1.2073403063e0,1.9632497930e-2,9.0106942763e-1,3.9473547961e-1,1.0401754585e1,-7.3731664213e-1,1.0416223392e0,1.0641294495e-3,9.7938134118e-1,4.1561149350e-1
3.328571,1.0922352080e1,-3.7274235480e-1,1.8768828595e0,1.4503663613e-1,6.4194874260e-1,2.7997509340e-1,1.1009211317e1,-6.3997623425e-1,1.2205339417e0,2.1733288502e-2,8.9512125072e-1,3.9287044040e-1,1.1063115840e1,-7.3579320426e-1,1.0442687246e0,1.1976553143e-3,9.7808490606e-1,4.1532148447e-1
3.429592,1.1603155115e1,-3.5574383634e-1,1.9313842578e0,1.5454566837e-1,6.2465522319e-1,2.7028122003e-1,1.1688412971e1,-6.3300955045e-1,1.2341354688e0,2.3960175132e-2,8.8903086736e-1,3.9092010816e-1,1.1744862550e1,-7.3422532498e-1,1.0469966766e0,1.3427846585e-3,9.7675031479e-1,4.1502099534e-1
3.530612,1.2304899553e1,-3.3896541154e-1,1.9875504485e0,1.6409119965e-1,6.0733170759e-1,2.6039800308e-1,1.2388010816e1,-6.2589736453e-1,1.2481449893e0,2.6312934049e-2,8.8280172272e-1,3.8888282770e-1,1.2446994673e1,-7.3261323193e-1,1.0498061948e0,1.5000697920e-3,9.7537772830e-1,4.1470989256e-1
3.631633,1.3027585870e1,-3.2244802376e-1,2.0453814715e0,1.7364788613e-1,5.9000689795e-1,2.5036124942e-1,1.3108011761e1,-6.1864497639e-1,1.2625626081e0,2.8790915516e-2,8.7643732287e-1,3.8675702257e-1,1.3169513231e1,-7.3095715729e-1,1.0526972828e0,1.6700626861e-3,9.7396731200e-1,4.1438803961e-1
3.732653,1.3771209859e1,-3.0623026375e-1,2.1048770637e0,1.8319231539e-1,5.7270869147e-1,2.4020841598e-1,1.3848422129e1,-6.1125780379e-1,1.2773884183e0,3.1393058824e-2,8.6994123142e-1,3.8454120528e-1,1.3912418274e1,-7.2925734166e-1,1.0556699404e0,1.8533134272e-3,9.7251923564e-1,4.1405529711e-1
3.833673,1.4535763434e1,-2.9034814455e-1,2.1660367516e0,1.9270302212e-1,5.5546411383e-1,2.2997815080e-1,1.4609248850e1,-6.0374136720e-1,1.2926225253e0,3.4117916218e-2,8.6331706631e-1,3.8223398736e-1,1.4675710422e1,-7.2751403111e-1,1.0587241697e0,2.0503694982e-3,9.7103367335e-1,4.1371152290e-1
3.934694,1.5321233486e1,-2.7483493263e-1,2.2288597395e0,2.0216045702e-1,5.3829925812e-1,2.1970981061e-1,1.5390498547e1,-5.9610129276e-1,1.3082650283e0,3.6963671398e-2,8.5656849636e-1,3.7983408951e-1,1.5459389464e1,-7.2572747980e-1,1.0618599695e0,2.2617743738e-3,9.6951080357e-1,4.1335657219e-1
4.035714,1.6127603642e1,-2.5972094784e-1,2.2933450493e0,2.1154696454e-1,5.2123922922e-1,2.0944296566e-1,1.6192177688e1,-5.8834330581e-1,1.3243160237e0,3.9928163079e-2,8.4969923797e-1,3.7734035153e-1,1.6263456561e1,-7.2389794577e-1,1.0650773440e0,2.4880670768e-3,9.6795080904e-1,4.1299029761e-1
4.136735,1.6954853328e1,-2.4503345434e-1,2.3594914381e0,2.2084670797e-1,5.0430809389e-1,1.9921690370e-1,1.7014293062e1,-5.8047322123e-1,1.3407756147e0,4.3008911043e-2,8.4271305170e-1,3.7475174218e-1,1.7087911798e1,-7.2202569559e-1,1.0683762931e0,2.7297805256e-3,9.6635387674e-1,4.1261254932e-1
4.237755,1.7802959118e1,-2.3079653522e-1,2.4272975008e0,2.3004560697e-1,4.8752883657e-1,1.8907014440e-1,1.7856850960e1,-5.7249694474e-1,1.3576438947e0,4.6203138141e-2,8.3561373884e-1,3.7206736877e-1,1.7932755393e1,-7.2011100202e-1,1.0717568173e0,2.9874408725e-3,9.6472019791e-1,4.1222317517e-1
4.338776,1.8671894730e1,-2.1703103133e-1,2.4967616614e0,2.3913124735e-1,4.7092332086e-1,1.7903997517e-1,1.8719857714e1,-5.6442046226e-1,1.3749209584e0,4.9507797879e-2,8.2840513803e-1,3.6928648653e-1,1.8797988491e1,-7.1815414247e-1,1.0752189206e0,3.2615668221e-3,9.6304996793e-1,4.1182202073e-1
4.439796,1.9561630930e1,-2.0375451517e-1,2.5678821577e0,2.4809278312e-1,4.5451225684e-1,1.6916201871e-1,1.9603319966e1,-5.5624983149e-1,1.3926069072e0,5.2919601287e-2,8.2109112179e-1,3.6640850763e-1,1.9683610827e1,-7.1615540342e-1,1.0787626017e0,3.5526679933e-3,9.6134338626e-1,4.1140892947e-1
4.540816,2.0472136687e1,-1.9098127599e-1,2.6406571250e0,2.5692084651e-1,4.3831517401e-1,1.5946984102e-1,2.0507243687e1,-5.4799118349e-1,1.4107018295e0,5.6435038965e-2,8.1367559308e-1,3.6343300985e-1,2.0589623146e1,-7.1411507582e-1,1.0823878630e0,3.8612447924e-3,9.5960065658e-1,4.1098374285e-1
4.641837,2.1403379410e1,-1.7872235720e-1,2.7150846071e0,2.6560744529e-1,4.2235039991e-1,1.4999460748e-1,2.1431634885e1,-5.3965071002e-1,1.4292058153e0,6.0050409358e-2,8.0616248187e-1,3.6035974478e-1,2.1516025836e1,-7.1203345762e-1,1.0860947056e0,4.1877871387e-3,9.5782198657e-1,4.1054630043e-1
4.742857,2.2355324800e1,-1.6698563176e-1,2.7911625354e0,2.7414585660e-1,4.0663504430e-1,1.4076479277e-1,2.2376499653e1,-5.3123465614e-1,1.4481189568e0,6.3761844091e-2,7.9855574173e-1,3.5718864559e-1,2.2462819323e1,-7.0991085297e-1,1.0898831307e0,4.5327737807e-3,9.5600758787e-1,4.1009644001e-1
4.843878,2.3327938243e1,-1.5577588175e-1,2.8688888318e0,2.8253053595e-1,3.9118498872e-1,1.3180594855e-1,2.3341843707e1,-5.2274931672e-1,1.4674413395e0,6.7565330674e-2,7.9085934633e-1,3.5391983417e-1,2.3430004273e1,-7.0774757188e-1,1.0937531406e0,4.8966716027e-3,9.5415767618e-1,4.0963399776e-1
4.944898,2.4321184563e1,-1.4509493379e-1,2.9482613809e0,2.9075701334e-1,3.7601488136e-1,1.2314053120e-1,2.4327672657e1,-5.1420102668e-1,1.4871730476e0,7.1456737301e-2,7.8307728610e-1,3.5055362774e-1,2.4417581154e1,-7.0554393096e-1,1.0977047366e0,5.2799347332e-3,9.5227247111e-1,4.0915880830e-1
5.045918,2.5335028437e1,-1.3494180733e-1,3.0292780548e0,2.9882179891e-1,3.6113813706e-1,1.1478778988e-1,2.5333992064e1,-5.0559615286e-1,1.5073141652e0,7.5431835918e-2,7.7521356475e-1,3.4709054474e-1,2.5425550194e1,-7.0330025347e-1,1.1017379191e0,5.6830038210e-3,9.5035219613e-1,4.0867070491e-1
5.146939,2.6369435237e1,-1.2531287811e-1,3.1119367737e0,3.0672229615e-1,3.4656694221e-1,1.0676371356e-1,2.6360807109e1,-4.9694108861e-1,1.5278647696e0,7.9486322758e-2,7.6727219596e-1,3.4353131003e-1,2.6453912192e1,-7.0101686777e-1,1.1058526909e0,6.1063057050e-3,9.4839707858e-1,4.0816951958e-1
5.247959,2.7424370915e1,-1.1620207385e-1,3.1962354887e0,3.1445671162e-1,3.3231226431e-1,9.9081034357e-2,2.7408122379e1,-4.8824224721e-1,1.5488249275e0,8.3615838250e-2,7.5925719996e-1,3.3987685933e-1,2.7502667488e1,-6.9869410922e-1,1.1100490527e0,6.5502523924e-3,9.4640734958e-1,4.0765508321e-1
5.348980,2.8499802477e1,-1.0760107446e-1,3.2821722145e0,3.2202397481e-1,3.1838386610e-1,9.1749282822e-2,2.8475943544e1,-4.7950604076e-1,1.5701947283e0,8.7815993238e-2,7.5117260026e-1,3.3612834286e-1,2.8571816600e1,-6.9633231894e-1,1.1143270062e0,7.0152407389e-3,9.4438324405e-1,4.0712722572e-1
5.450000,2.9595698282e1,-9.9499525232e-2,3.3697450468e0,3.2942366160e-1,3.0479032383e-1,8.4774890137e-2,2.9564274755e1,-4.7073889151e-1,1.5919742318e0,9.2082377089e-2,7.4302242029e-1,3.3228712805e-1,2.9661360120e1,-6.9393184396e-1,1.1186865532e0,7.5016518792e-3,9.4232500053e-1,4.0658577616e-1
5.551020,3.0712026171e1,-9.1885281651e-2,3.4589520085e0,3.3665590915e-1,2.9153904954e-1,7.8161331230e-2,3.0673120184e1,-4.6194721131e-1,1.6141634999e0,9.6410580969e-2,7.3481068016e-1,3.2835480145e-1,3.0771298373e1,-6.9149303784e-1,1.1231276945e0,8.0098505864e-3,9.4023286130e-1,4.0603056294e-1
5.652041,3.1848761986e1,-8.4744534568e-2,3.5497917270e0,3.4372140310e-1,2.7863631704e-1,7.1909302294e-2,3.1802484473e1,-4.5313738971e-1,1.6367626047e0,1.0079621547e-1,7.2654139343e-1,3.2433316960e-1,3.1901632504e1,-6.8901625857e-1,1.1276504341e0,8.5401853215e-3,9.3810707224e-1,4.0546141389e-1
5.753061,3.3005879873e1,-7.8062154402e-2,3.6422626546e0,3.5062125014e-1,2.6608729130e-1,6.6016926045e-2,3.2952370938e1,-4.4431579813e-1,1.6597715933e0,1.0523491831e-1,7.1821856393e-1,3.2022425908e-1,3.3052362076e1,-6.8650187304e-1,1.1322547697e0,9.0929867067e-3,9.3594788276e-1,4.0487815643e-1
5.854082,3.4183351073e1,-7.1821915371e-2,3.7363629696e0,3.5735691860e-1,2.5389606098e-1,6.0479977939e-2,3.4122783815e1,-4.3548876455e-1,1.6831905324e0,1.0972237643e-1,7.0984618262e-1,3.1603031539e-1,3.4223487794e1,-6.8395025189e-1,1.1369407037e0,9.6685684271e-3,9.3375554583e-1,4.0428061776e-1
5.955102,3.5381155526e1,-6.6006585926e-2,3.8320915033e0,3.6393025463e-1,2.4206567375e-1,5.5292126829e-2,3.5313726442e1,-4.2666257760e-1,1.7070194722e0,1.1425433118e-1,7.0142822450e-1,3.1175380096e-1,3.5415011666e1,-6.8136176918e-1,1.1417082435e0,1.0267227050e-2,9.3153031783e-1,4.0366862498e-1
6.056122,3.6599274897e1,-6.0598215038e-2,3.9294471802e0,3.7034339063e-1,2.3059817422e-1,5.0445183909e-2,3.6525200495e1,-4.1784348251e-1,1.7312584308e0,1.1882658655e-1,6.9296864552e-1,3.0739739208e-1,3.6626932587e1,-6.7873681057e-1,1.1465573840e0,1.0889239523e-2,9.2927245864e-1,4.0304200524e-1
6.157143,3.7837688099e1,-5.5578365699e-2,4.0284286598e0,3.7659868048e-1,2.1949464409e-1,4.5929354253e-2,3.7757210311e1,-4.0903764181e-1,1.7559074813e0,1.2343503533e-1,6.8447137972e-1,3.0296397483e-1,3.7859251723e1,-6.7607576322e-1,1.1514881296e0,1.1534865613e-2,9.2698223142e-1,4.0240058591e-1
6.258163,3.9096382252e1,-5.0928195236e-2,4.1290352137e0,3.8269871809e-1,2.0875524424e-1,4.1733485984e-2,3.9009757364e1,-4.0025116475e-1,1.7809666407e0,1.2807564704e-1,6.7594033615e-1,2.9845663996e-1,3.9111969587e1,-6.7337902121e-1,1.1565004815e0,1.2204346249e-2,9.2465990269e-1,4.0174419473e-1
6.359184,4.0375344623e1,-4.6628701957e-2,4.2312660815e0,3.8864625917e-1,1.9837925846e-1,3.7845312638e-2,4.0282844714e1,-3.9149006750e-1,1.8064359592e0,1.3274449223e-1,6.6737939611e-1,2.9387867676e-1,4.0385086541e1,-6.7064698459e-1,1.1615944408e0,1.2897903594e-2,9.2230574227e-1,4.0107266002e-1
6.460204,4.1674565520e1,-4.2660853936e-2,4.3351207026e0,3.9444420468e-1,1.8836513861e-1,3.4251685152e-2,4.1576474384e1,-3.8276028221e-1,1.8323154680e0,1.3743773937e-1,6.5879241033e-1,2.8923356596e-1,4.1678603452e1,-6.6788005798e-1,1.1667700103e0,1.3615741284e-2,9.1992002309e-1,4.0038581075e-1
6.561224,4.2994033032e1,-3.9005768581e-2,4.4405982989e0,4.0009554977e-1,1.7871055081e-1,3.0938790455e-2,4.2890646998e1,-3.7406765014e-1,1.8586051715e0,1.4215165934e-1,6.5018319621e-1,2.8452497160e-1,4.2992520860e1,-6.6507865223e-1,1.1720271916e0,1.4358043891e-2,9.1750302133e-1,3.9968347680e-1
6.662245,4.4333742070e1,-3.5644767811e-2,4.5476985982e0,4.0560339912e-1,1.6941242247e-1,2.7892354557e-2,4.4225364304e1,-3.6541789628e-1,1.8853050983e0,1.4688263941e-1,6.4155553514e-1,2.7975673200e-1,4.4326838995e1,-6.6224318421e-1,1.1773659850e0,1.5124976862e-2,9.1505501628e-1,3.9896548908e-1
6.763265,4.5693686651e1,-3.2559546746e-2,4.6564212203e0,4.1097091070e-1,1.6046698986e-1,2.5097828344e-2,4.5580626198e1,-3.5681664025e-1,1.9124152412e0,1.5162717644e-1,6.3291316997e-1,2.7493284985e-1,4.5681559154e1,-6.5937407423e-1,1.1827863952e0,1.5916687304e-2,9.1257629020e-1,3.9823167969e-1
6.864286,4.7073862008e1,-2.9732250626e-2,4.7667658483e0,4.1620128633e-1,1.5186984601e-1,2.2540555341e-2,4.6956436513e1,-3.4826935103e-1,1.9399356737e0,1.5638190029e-1,6.2425980242e-1,2.7005748135e-1,4.7056681234e1,-6.5647175058e-1,1.1882884211e0,1.6733302571e-2,9.1006712840e-1,3.9748188212e-1
6.965306,4.8474271016e1,-2.7145517312e-2,4.8787327443e0,4.2129777801e-1,1.4361598857e-1,2.0205920717e-2,4.8352792463e1,-3.3978140573e-1,1.9678663380e0,1.6114353945e-1,6.1559909068e-1,2.6513492461e-1,4.8452206173e1,-6.5353664492e-1,1.1938720660e0,1.7574931739e-2,9.0752781914e-1,3.9671593142e-1
7.066327,4.9894911152e1,-2.4782625022e-2,4.9923217105e0,4.2626362351e-1,1.3569986761e-1,1.8079481724e-2,4.9769695778e1,-3.3135801134e-1,1.9962072682e0,1.6590896141e-1,6.0693464700e-1,2.6016960733e-1,4.9868134399e1,-6.5056919510e-1,1.1995373309e0,1.8441664776e-2,9.0495865358e-1,3.9593366436e-1
7.167347,5.1335779712e1,-2.2627507992e-2,5.1075325083e0,4.3110205560e-1,1.2811543293e-1,1.6147079812e-2,5.1207145408e1,-3.2300424289e-1,2.0249584444e0,1.7067514861e-1,5.9827003543e-1,2.5516607370e-1,5.1304466978e1,-6.4756984297e-1,1.2052842195e0,1.9333573356e-2,9.0235992564e-1,3.9513491960e-1
7.268367,5.2796883668e1,-2.0664747894e-2,5.2243656497e0,4.3581632299e-1,1.2085618081e-1,1.4394935228e-2,5.2665141875e1,-3.1472500949e-1,2.0541198796e0,1.7543921364e-1,5.8960876959e-1,2.5012897079e-1,5.2761203077e1,-6.4453903895e-1,1.2111127279e0,2.0250709423e-2,8.9973193214e-1,3.9431953791e-1
7.369388,5.4278224715e1,-1.8879685296e-2,5.3428212047e0,4.4040962936e-1,1.1391519994e-1,1.2809724896e-2,5.4143681978e1,-3.0652507897e-1,2.0836915135e0,1.8019838181e-1,5.8095431056e-1,2.4506303436e-1,5.4238344864e1,-6.4147723304e-1,1.2170228641e0,2.1193108427e-2,8.9707497246e-1,3.9348736226e-1
7.470408,5.5779806926e1,-1.7258397586e-2,5.4628994154e0,4.4488515165e-1,1.0728521644e-1,1.1378644860e-2,5.5642767151e1,-2.9840902210e-1,2.1136733803e0,1.8495001786e-1,5.7231006484e-1,2.3997307421e-1,5.5735892584e1,-6.3838488375e-1,1.2230146286e0,2.2160786450e-2,8.9438934879e-1,3.9263823811e-1
7.571429,5.7301635194e1,-1.5787718287e-2,5.5846005748e0,4.4924602763e-1,1.0095863769e-1,1.0089458368e-2,5.7162395085e1,-2.9038125574e-1,2.1440654405e0,1.8969159780e-1,5.6367938235e-1,2.3486395917e-1,5.7253846550e1,-6.3526245432e-1,1.2290880220e0,2.3153741663e-2,8.9167536586e-1,3.9177201352e-1
7.672449,5.8843715016e1,-1.4455240740e-2,5.7079250114e0,4.5349534948e-1,9.4927594927e-2,8.9305310303e-3,5.8702566594e1,-2.8244599766e-1,2.1748677183e0,1.9442072943e-1,5.5506555461e-1,2.2974060184e-1,5.8792207327e1,-6.3211041238e-1,1.2352430460e0,2.4171954700e-2,8.8893333095e-1,3.9088853932e-1
7.773469,6.0406052497e1,-1.3249313600e-2,5.8328730924e0,4.5763615885e-1,8.9183984421e-2,7.8908543564e-3,6.0263274289e1,-2.7460732457e-1,2.2060800753e0,1.9913511587e-1,5.4647181293e-1,2.2460794303e-1,6.0350976051e1,-6.2892922929e-1,1.2414797045e0,2.5215389159e-2,8.8616355383e-1,3.8998766934e-1
7.874490,6.1988650032e1,-1.2159044945e-2,5.9594448806e0,4.6167143195e-1,8.3719507178e-2,6.9600590577e-3,6.1844521983e1,-2.6686905972e-1,2.2377025983e0,2.0383261279e-1,5.3790132671e-1,2.1947093628e-1,6.1930152041e1,-6.2571938432e-1,1.2477979941e0,2.6283990289e-2,8.8336634673e-1,3.8906926057e-1
7.975510,6.3591526307e1,-1.1174218308e-2,6.0876417346e0,4.6560412676e-1,7.8525706990e-2,6.1284193289e-3,6.3446303665e1,-2.5923488474e-1,2.2697351789e0,2.0851116242e-1,5.2935720185e-1,2.1433453215e-1,6.3529736979e1,-6.2248135713e-1,1.2541979210e0,2.7377688118e-2,8.8054202421e-1,3.8813317331e-1
8.076531,6.5214676348e1,-1.0285407859e-2,6.2174631186e0,4.6943707986e-1,7.3594006814e-2,5.3868495306e-3,6.5068617781e1,-2.5170825747e-1,2.3021777989e0,2.1316883412e-1,5.2084247918e-1,2.0920366281e-1,6.5149732353e1,-6.1921563228e-1,1.2606794906e0,2.8496396096e-2,8.7769090322e-1,3.8717927142e-1
8.177551,6.6858111230e1,-9.4838195657e-3,6.3489097765e0,4.7317310453e-1,6.8915743382e-2,4.7268943090e-3,6.6711461680e1,-2.4429243924e-1,2.3350304192e0,2.1780380510e-1,5.1236013314e-1,2.0408322661e-1,6.6790136366e1,-6.1592270450e-1,1.2672426951e0,2.9640009266e-2,8.7481330285e-1,3.8620742240e-1
8.278571,6.8521838079e1,-8.7613320323e-3,6.4819821362e0,4.7681493897e-1,6.4482200002e-2,4.1407133467e-3,6.8374832096e1,-2.3699048932e-1,2.3682929897e0,2.2241435912e-1,5.0391307030e-1,1.9897807303e-1,6.8450951973e1,-6.1260306458e-1,1.2738875456e0,3.0808410216e-2,8.7190954451e-1,3.8521749771e-1
8.379592,7.0205863972e1,-8.1104540155e-3,6.6166806220e0,4.8036525528e-1,6.0284637475e-2,3.6210617691e-3,7.0058725129e1,-2.2980526274e-1,2.4019654483e0,2.2699888359e-1,4.9550412821e-1,1.9389298788e-1,7.0132177400e1,-6.0925721577e-1,1.2806140345e0,3.2001462847e-2,8.6897995167e-1,3.8420937282e-1
8.480612,7.1910195863e1,-7.5242937721e-3,6.7530056503e0,4.8382665871e-1,5.6314323160e-2,3.1612670573e-3,7.1763139338e1,-2.2273939347e-1,2.4360477832e0,2.3155587485e-1,4.8713607422e-1,1.8883267904e-1,7.1833815602e1,-6.0588565732e-1,1.2874221730e0,3.3219019430e-2,8.6602484994e-1,3.8318292749e-1
8.581633,7.3634840721e1,-6.9965269075e-3,6.8909576411e0,4.8720168777e-1,5.2562558108e-2,2.7552033680e-3,7.3488069727e1,-2.1579532322e-1,2.4705399121e0,2.3608391871e-1,4.7881160439e-1,1.8380176263e-1,7.3555865741e1,-6.0248889910e-1,1.2943119571e0,3.4460914974e-2,8.6304456686e-1,3.8213804585e-1
8.682653,7.5379805245e1,-6.5213645903e-3,7.0305369964e0,4.9049281370e-1,4.9020702286e-2,2.3972639356e-3,7.5233512944e1,-2.0897527513e-1,2.5054417867e0,2.4058170139e-1,4.7053334254e-1,1.7880474966e-1,7.5298329066e1,-5.9906745137e-1,1.3012833913e0,3.5726971835e-2,8.6003943198e-1,3.8107461666e-1
8.783673,7.7145095912e1,-6.0935207934e-3,7.1717441051e0,4.9370244101e-1,4.5680197920e-2,2.0823322957e-3,7.6999464577e1,-2.0228126705e-1,2.5407533380e0,2.4504799901e-1,4.6230383934e-1,1.7384603358e-1,7.7061206442e1,-5.9562182896e-1,1.3083364784e0,3.7016998384e-2,8.5700977679e-1,3.7999253349e-1
8.884694,7.8930724515e1,-5.7081702679e-3,7.3145797852e0,4.9683291754e-1,4.2532590933e-2,1.8057526759e-3,7.8785921295e1,-1.9571510204e-1,2.5764745193e0,2.4948167981e-1,4.5412557151e-1,1.6892987824e-1,7.8844497292e1,-5.9215255294e-1,1.3154712155e0,3.8330788656e-2,8.5395593453e-1,3.7889169481e-1
8.985714,8.0736680468e1,-5.3609646595e-3,7.4590430720e0,4.9988648731e-1,3.9569550523e-2,1.5633003095e-3,8.0592878832e1,-1.8927837900e-1,2.6126052657e0,2.5388169575e-1,4.4600094113e-1,1.6406040683e-1,8.0648203062e1,-5.8866014464e-1,1.3226876078e0,3.9668125336e-2,8.5087824028e-1,3.7777200428e-1
9.086735,8.2562986070e1,-5.0479054985e-3,7.6051356342e0,5.0286538708e-1,3.6782886926e-2,1.3511518737e-3,8.2420332962e1,-1.8297248966e-1,2.6491455138e0,2.5824708166e-1,4.3793227502e-1,1.5924159150e-1,8.2472322590e1,-5.8514513340e-1,1.3299856501e0,4.1028776798e-2,8.4777703082e-1,3.7663337083e-1
9.187755,8.4409641202e1,-4.7654098968e-3,7.7528573549e0,5.0577175166e-1,3.4164567374e-2,1.1658563271e-3,8.4268279307e1,-1.7679862171e-1,2.6860951974e0,2.6257695155e-1,4.2992182415e-1,1.5447724385e-1,8.4316859997e1,-5.8160804307e-1,1.3373653582e0,4.2412503442e-2,8.4465264452e-1,3.7547570889e-1
9.288776,8.6276650999e1,-4.5102334940e-3,7.9022085430e0,5.0860766287e-1,3.1706730339e-2,1.0043067596e-3,8.6136713598e1,-1.7075776027e-1,2.7234542531e0,2.6687049594e-1,4.2197176326e-1,1.4977100642e-1,8.6181813227e1,-5.7804941139e-1,1.3448267233e0,4.3819049594e-2,8.4150542144e-1,3.7429893850e-1
9.389796,8.8164020273e1,-4.2794523021e-3,8.0531894877e0,5.1137514120e-1,2.9401698079e-2,8.6371298312e-4,8.8025631289e1,-1.6485069267e-1,2.7612226120e0,2.7112697776e-1,4.1408419046e-1,1.4512634487e-1,8.8067184211e1,-5.7446977263e-1,1.3523697527e0,4.5248151580e-2,8.3833570315e-1,3.7310298556e-1
9.490816,9.0071753539e1,-4.0704362127e-3,8.2058004605e0,5.1407614708e-1,2.7241987578e-2,7.4157540803e-4,8.9935027871e1,-1.5907801073e-1,2.7994002062e0,2.7534572992e-1,4.0626112696e-1,1.4054654134e-1,8.9972971805e1,-5.7086966938e-1,1.3599944411e0,4.6699532868e-2,8.3514383262e-1,3.7188778196e-1
9.591837,9.1999855009e1,-3.8808239608e-3,8.3600417148e0,5.1671258219e-1,2.5220319918e-2,6.3566012977e-4,9.1864899154e1,-1.5344011362e-1,2.8379869746e0,2.7952615282e-1,3.9850451685e-1,1.3603468856e-1,9.1899178098e1,-5.6724964190e-1,1.3677007963e0,4.8172909326e-2,8.3193015436e-1,3.7065326572e-1
9.692857,9.3948328602e1,-3.7084995358e-3,8.5159134861e0,5.1928629090e-1,2.3329628148e-2,5.4397542408e-4,9.3815240295e1,-1.4793721626e-1,2.8769828428e0,2.8366770914e-1,3.9081622705e-1,1.3159368492e-1,9.3845803343e1,-5.6361023639e-1,1.3754888187e0,4.9667985844e-2,8.2869501405e-1,3.6939938107e-1
9.793878,9.5917177949e1,-3.5515700657e-3,8.6734159931e0,5.2179906163e-1,2.1563063798e-2,4.6474960254e-4,9.5786046616e1,-1.4256935071e-1,2.9163877400e0,2.8776992269e-1,3.8319804717e-1,1.2722623073e-1,9.5812847643e1,-5.5995200219e-1,1.3833585083e0,5.1184458067e-2,8.2543875879e-1,3.6812607889e-1
9.894898,9.7906406407e1,-3.4083451664e-3,8.8325494376e0,5.2425262830e-1,1.9914001977e-2,3.9641025069e-4,9.7777314170e1,-1.3733636933e-1,2.9562016098e0,2.9183237663e-1,3.7565168966e-1,1.2293482510e-1,9.7800311518e1,-5.5627549065e-1,1.3913098665e0,5.2722013304e-2,8.2216173689e-1,3.6683331650e-1
9.995918,9.9916017065e1,-3.2773177418e-3,8.9933140055e0,5.2664867176e-1,1.8376045256e-2,3.3756504126e-4,9.9789037923e1,-1.3223795714e-1,2.9964243741e0,2.9585470689e-1,3.6817878984e-1,1.1872176389e-1,9.9808197016e1,-5.5258125315e-1,1.3993429009e0,5.4280331867e-2,8.1886429776e-1,3.6552105805e-1
10.096939,1.0194601276e2,-3.1571461983e-3,9.1557098675e0,5.2898882125e-1,1.6943026347e-2,2.8698375536e-4,1.0182121356e2,-1.2727363081e-1,3.0370559689e0,2.9983660307e-1,3.6078090620e-1,1.1458913865e-1,1.0183650319e2,-5.4886984852e-1,1.4074576073e0,5.5859084009e-2,8.1554679198e-1,3.6418927461e-1
10.197959,1.0399639608e2,-3.0466380306e-3,9.3197371799e0,5.3127465583e-1,1.5609009693e-2,2.4358183873e-4,1.0387383663e2,-1.2244274787e-1,3.0780963276e0,3.0377780412e-1,3.5345952055e-1,1.1053883631e-1,1.0388523031e2,-5.4514183585e-1,1.4156539861e0,5.7457933672e-2,8.1220957113e-1,3.6283794431e-1
10.298980,1.0606716940e2,-2.9447347251e-3,9.4853960852e0,5.3350770579e-1,1.4368291970e-2,2.0640520233e-4,1.0594690264e2,-1.1774451275e-1,3.1195453820e0,3.0767809581e-1,3.4621603846e-1,1.0657253970e-1,1.0595438062e2,-5.4139777332e-1,1.4239320458e0,5.9076539487e-2,8.0885298775e-1,3.6146705241e-1
10.400000,1.0815833487e2,-2.8504979245e-3,9.6526867131e0,5.3568945410e-1,1.3215401733e-2,1.7461633979e-4,1.0804040750e2,-1.1317798172e-1,3.1614030718e0,3.1153730914e-1,3.3905178963e-1,1.0269172911e-1,1.0804395275e2,-5.3763822700e-1,1.4322917804e0,6.0714550924e-2,8.0547739534e-1,3.6007659155e-1
10.501020,1.1026989446e2,-2.7630967846e-3,9.8216091816e0,5.3782133778e-1,1.2145098091e-2,1.4748165268e-4,1.1015434668e2,-1.0874207237e-1,3.2036693281e0,3.1535531637e-1,3.3196802834e-1,9.8897684329e-2,1.1015394756e2,-5.3386376132e-1,1.4407331928e0,6.2371613264e-2,8.0208314824e-1,3.5866656183e-1
10.602041,1.1240184991e2,-2.6817964607e-3,9.9921635971e0,5.3990474929e-1,1.1152368626e-2,1.2435985263e-4,1.1228871623e2,-1.0443556727e-1,3.2463440922e0,3.1913203040e-1,3.2496593408e-1,9.5191487584e-2,1.1228436584e2,-5.3007494268e-1,1.4492562856e0,6.4047366221e-2,7.9867060159e-1,3.5723697085e-1
10.703061,1.1455420285e2,-2.6059476510e-3,1.0164350056e1,5.4194103789e-1,1.0232426608e-2,1.0469157860e-4,1.1444351187e2,-1.0025712370e-1,3.2894272992e0,3.2286740107e-1,3.1804661208e-1,9.1574027254e-2,1.1443520994e2,-5.2627233665e-1,1.4578610676e0,6.5741445699e-2,7.9524011122e-1,3.5578783399e-1
10.804082,1.1672695469e2,-2.5349771293e-3,1.0338168645e1,5.4393151093e-1,9.3807074820e-3,8.7989945314e-5,1.1661872987e2,-9.6205278036e-2,3.3329188945e0,3.2656141435e-1,3.1121109402e-1,8.8046001889e-2,1.1660647831e2,-5.2245651661e-1,1.4665475323e0,6.7453479893e-2,7.9179203371e-1,3.5431917441e-1
10.905102,1.1892010673e2,-2.4683791968e-3,1.0513619442e1,5.4587743518e-1,8.5928648910e-3,7.3831870395e-5,1.1881436618e2,-9.2278455676e-2,3.3768188160e0,3.3021408883e-1,3.0446033876e-1,8.4607925266e-2,1.1879817157e2,-5.1862805386e-1,1.4753156816e0,6.9183094480e-2,7.8832672616e-1,3.5283102319e-1
11.006122,1.2113366014e2,-2.4057079841e-3,1.0690702516e1,5.4778003810e-1,7.8647660240e-3,6.1850718339e-5,1.2103041686e2,-8.8474976672e-2,3.4211270042e0,3.3382547448e-1,2.9779523314e-1,8.1260131607e-2,1.2101029006e2,-5.1478752147e-1,1.4841655163e0,7.0929911087e-2,7.8484454629e-1,3.5132341943e-1
11.107143,1.2336761593e2,-2.3465705385e-3,1.0869417931e1,5.4964050906e-1,7.1924866711e-3,5.1729191910e-5,1.2326687854e2,-8.4793061695e-2,3.4658434097e0,3.3739565141e-1,2.9121659280e-1,7.8002781454e-2,1.2324283597e2,-5.1093549070e-1,1.4930970447e0,7.2693549406e-2,7.8134585226e-1,3.4979641041e-1
11.208163,1.2562197504e2,-2.2906206308e-3,1.1049765741e1,5.5146000054e-1,6.5723057532e-3,4.3193336751e-5,1.2552374767e2,-8.1230841466e-2,3.5109679790e0,3.4092472679e-1,2.8472516308e-1,7.4835867992e-2,1.2549580787e2,-5.0707253954e-1,1.5021102606e0,7.4473623223e-2,7.7783100272e-1,3.4825005153e-1
11.309184,1.2789673829e2,-2.2375532221e-3,1.1231745997e1,5.5323962936e-1,6.0006996364e-3,3.6007098970e-5,1.2780102068e2,-7.7786363291e-2,3.5565006580e0,3.4441283340e-1,2.7832162002e-1,7.1759223662e-2,1.2776920711e2,-5.0319924242e-1,1.5112051690e0,7.6269745896e-2,7.7430035663e-1,3.4668440660e-1
11.410204,1.3019190640e2,-2.1870995302e-3,1.1415358742e1,5.5498047773e-1,5.4743360481e-3,2.9967457522e-5,1.3009869444e2,-7.4457596896e-2,3.6024414000e0,3.4786012859e-1,2.7200657129e-1,6.8772527142e-2,1.3006303401e2,-4.9931617615e-1,1.5203817706e0,7.8081527679e-2,7.7075427329e-1,3.4509954769e-1
11.511224,1.3250748002e2,-2.1390226432e-3,1.1600604016e1,5.5668359448e-1,4.9900678943e-3,2.4900145945e-5,1.3241676560e2,-7.1242443220e-2,3.6487901539e0,3.5126679172e-1,2.6578055731e-1,6.5875310640e-2,1.3237728894e2,-4.9542391796e-1,1.5296400665e0,7.9908576957e-2,7.6719311220e-1,3.4349555541e-1
11.612245,1.3484345972e2,-2.0931136263e-3,1.1787481852e1,5.5834999604e-1,4.5449267971e-3,2.0655919798e-5,1.3475523176e2,-6.8138738148e-2,3.6955468865e0,3.5463302429e-1,2.5964405227e-1,6.3066967254e-2,1.3471197151e2,-4.9152304669e-1,1.5389800546e0,8.1750499963e-2,7.6361723311e-1,3.4187251894e-1
11.713265,1.3719984600e2,-2.0491880756e-3,1.1975992282e1,5.5998066753e-1,4.1361165382e-3,1.7107173335e-5,1.3711411615e2,-6.5144196920e-2,3.7427120766e0,3.5795908281e-1,2.5359746528e-1,6.0346758692e-2,1.3706708488e2,-4.8761413600e-1,1.5484017473e0,8.3606904524e-2,7.6002699587e-1,3.4023053595e-1
11.814286,1.3957663931e2,-2.0070830723e-3,1.2166135332e1,5.6157656380e-1,3.7610064497e-3,1.4144985471e-5,1.3949332290e2,-6.2256786879e-2,3.7902838203e0,3.6124507570e-1,2.4764114158e-1,5.7713823204e-2,1.3944262676e2,-4.8369776799e-1,1.5579051347e0,8.5477393271e-2,7.5642276038e-1,3.3856971272e-1
11.915306,1.4197384003e2,-1.9666544990e-3,1.2357911027e1,5.6313861039e-1,3.4171246885e-3,1.1676573195e-5,1.4189298618e2,-5.9473854082e-2,3.8382648141e0,3.6449144696e-1,2.4177536375e-1,5.5167183134e-2,1.4183859552e2,-4.7977452366e-1,1.5674902102e0,8.7361568829e-2,7.5280488662e-1,3.3689016438e-1
12.016327,1.4439144852e2,-1.9277746758e-3,1.2551319386e1,5.6466770448e-1,3.1021515449e-3,9.6232688520e-6,1.4431298622e2,-5.6793339861e-2,3.8866526740e0,3.6769830700e-1,2.3600035288e-1,5.2705752983e-2,1.4425500043e2,-4.7584496741e-1,1.5771570102e0,8.9259042122e-2,7.4917373443e-1,3.3519201465e-1
12.117347,1.4682946507e2,-1.8903302868e-3,1.2746360429e1,5.6616471584e-1,2.8139127897e-3,7.9180463217e-6,1.4675339872e2,-5.4212677395e-2,3.9354489260e0,3.7086604476e-1,2.3031626991e-1,5.0328347235e-2,1.4669183468e2,-4.7190968752e-1,1.5869055073e0,9.1169411510e-2,7.4552966365e-1,3.3347539610e-1
12.218367,1.4928788994e2,-1.8542205597e-3,1.2943034170e1,5.6763048773e-1,2.5503729532e-3,6.5043423092e-6,1.4921417523e2,-5.1729572393e-2,3.9846526113e0,3.7399489721e-1,2.2472321695e-1,4.8033688377e-2,1.4914909739e2,-4.6796926273e-1,1.5967356973e0,9.3092280371e-2,7.4187303379e-1,3.3174044988e-1
12.319388,1.5176672337e2,-1.8193556745e-3,1.3141340625e1,5.6906583775e-1,2.3096288350e-3,5.3343974287e-6,1.5169531997e2,-4.9341585711e-2,4.0342638242e0,3.7708518308e-1,2.1922123854e-1,4.5820414263e-2,1.5162679178e2,-4.6402426507e-1,1.6066475929e0,9.5027255938e-2,7.3820420433e-1,3.2998732619e-1
12.420408,1.5426596555e2,-1.7856553718e-3,1.3341279805e1,5.7047155871e-1,2.0899029882e-3,4.3676700443e-6,1.5419685205e2,-4.7046234360e-2,4.0842829562e0,3.8013724925e-1,2.1381032310e-1,4.3687086261e-2,1.5412491855e2,-4.6007526952e-1,1.6166411965e0,9.6973944366e-2,7.3452353436e-1,3.2821618387e-1
12.521429,1.5678561666e2,-1.7530477400e-3,1.3542851722e1,5.7184841941e-1,1.8895374381e-3,3.5703269532e-6,1.5671875829e2,-4.4841099077e-2,4.1347097521e0,3.8315141205e-1,2.0849040426e-1,4.1632196371e-2,1.5664347757e2,-4.5612285126e-1,1.6267165072e0,9.8931952345e-2,7.3083138263e-1,3.2642719072e-1
12.622449,1.5932567685e2,-1.7214681573e-3,1.3746056383e1,5.7319716545e-1,1.7069873891e-3,2.9137881938e-6,1.5926103705e2,-4.2723731451e-2,4.1855441867e0,3.8612801128e-1,2.0326136226e-1,3.9654174790e-2,1.5918246925e2,-4.5216758357e-1,1.6368735263e0,1.0090088840e-1,7.2712810754e-1,3.2462052317e-1
12.723469,1.6188614626e2,-1.6908583721e-3,1.3950893799e1,5.7451852001e-1,1.5408152320e-3,2.3740867618e-6,1.6182369770e2,-4.0691662751e-2,4.2367864547e0,3.8906740727e-1,1.9812302541e-1,3.7751397089e-2,1.6174189435e2,-4.4821003789e-1,1.6471122564e0,1.0288036301e-1,7.2341406702e-1,3.2279636660e-1
12.824490,1.6446702500e2,-1.6611657038e-3,1.4157363975e1,5.7581318455e-1,1.3896846102e-3,1.9312283257e-6,1.6440669847e2,-3.8742531405e-2,4.2884357268e0,3.9196990957e-1,1.9307517152e-1,3.5922190931e-2,1.6432175056e2,-4.4425078868e-1,1.6574326880e0,1.0486998617e-1,7.1968961852e-1,3.2095491508e-1
12.925510,1.6706831318e2,-1.6323423486e-3,1.4365466917e1,5.7708183954e-1,1.2523547682e-3,1.5684054233e-6,1.6701009537e2,-3.6873793833e-2,4.3404931292e0,3.9483594458e-1,1.8811752934e-1,3.4164843048e-2,1.6692204223e2,-4.4029039908e-1,1.6678348383e0,1.0686937515e-1,7.1595511884e-1,3.1909637128e-1
13.026531,1.6969001087e2,-1.6043447779e-3,1.4575202632e1,5.7832514517e-1,1.1276749701e-3,1.2716482161e-6,1.6963385167e2,-3.5083102371e-2,4.3929579320e0,3.9766584002e-1,1.8324978003e-1,3.2477605622e-2,1.6954276731e2,-4.3632943974e-1,1.6783186986e0,1.0887814460e-1,7.1221092427e-1,3.1722094693e-1
13.127551,1.7233211815e2,-1.5771332169e-3,1.4786571124e1,5.7954374197e-1,1.0145791641e-3,1.0294024833e-6,1.7227798433e2,-3.3368024489e-2,4.4458304793e0,4.0045998803e-1,1.7847155864e-1,3.0858702477e-2,1.7218392635e2,-4.3236847559e-1,1.6888842709e0,1.1089591374e-1,7.0845739043e-1,3.1532886205e-1
13.228571,1.7499463510e2,-1.5506711922e-3,1.4999572398e1,5.8073825151e-1,9.1208094216e-4,8.3190388978e-7,1.7494246389e2,-3.1726233574e-2,4.4991101857e0,4.0321873586e-1,1.7378245564e-1,2.9306334880e-2,1.7484552009e2,-4.2840806913e-1,1.6995315579e0,1.1292230467e-1,7.0469487207e-1,3.1342034541e-1
13.329592,1.7767756177e2,-1.5249251414e-3,1.5214206455e1,5.8190927696e-1,8.1926850621e-4,6.7117798608e-7,1.7762731844e2,-3.0155325162e-2,4.5527976160e0,4.0594249475e-1,1.6918201834e-1,2.7818687537e-2,1.7752754793e2,-4.2444878256e-1,1.7102605568e0,1.1495694134e-1,7.0092372332e-1,3.1149563442e-1
13.430612,1.8038089820e2,-1.4998640743e-3,1.5430473301e1,5.8305740376e-1,7.3530002453e-4,5.4064730648e-7,1.8033251667e2,-2.8653026072e-2,4.6068921466e0,4.0863161810e-1,1.6466975242e-1,2.6393933658e-2,1.8023001100e2,-4.2049117315e-1,1.7210712720e0,1.1699945216e-1,6.9714429741e-1,3.0955497475e-1
13.531633,1.8310464445e2,-1.4754592796e-3,1.5648372937e1,5.8418320014e-1,6.5939907748e-4,4.3478212319e-7,1.8305814276e2,-2.7216903082e-2,4.6613954635e0,4.1128657593e-1,1.6024512346e-1,2.5030240155e-2,1.8295291011e2,-4.1653579605e-1,1.7319637063e0,1.1904946852e-1,6.9335694667e-1,3.0759862059e-1
13.632653,1.8584880054e2,-1.4516840715e-3,1.5867905366e1,5.8528721770e-1,5.9085039007e-4,3.4912955016e-7,1.8580406949e2,-2.5844901489e-2,4.7163050237e0,4.1390763356e-1,1.5590755840e-1,2.3725772568e-2,1.8569624300e2,-4.1258320790e-1,1.7429378506e0,1.2110662292e-1,6.8956202256e-1,3.0562683439e-1
13.733673,1.8861336653e2,-1.4285135694e-3,1.6089070590e1,5.8636999197e-1,5.2899572350e-4,2.7980422601e-7,1.8857036768e2,-2.4534679531e-2,4.7716222449e0,4.1649525139e-1,1.5165644705e-1,2.2478699277e-2,1.8846000908e2,-4.0863395998e-1,1.7539937023e0,1.2317055272e-1,6.8575987542e-1,3.0363988678e-1
13.834694,1.9139834242e2,-1.4059245078e-3,1.6311868610e1,5.8743204293e-1,4.7322996542e-4,2.2386666387e-7,1.9135704961e2,-2.3284032155e-2,4.8273473733e0,4.1904983227e-1,1.4749114358e-1,2.1287195850e-2,1.9124421766e2,-4.0468858706e-1,1.7651312983e0,1.2524090632e-1,6.8195085468e-1,3.0163805655e-1
13.935714,1.9420372826e2,-1.3838950706e-3,1.6536299430e1,5.8847387548e-1,4.2299744234e-4,1.7898855731e-7,1.9416409603e2,-2.2090841546e-2,4.8834800237e0,4.2157175075e-1,1.4341096806e-1,2.0149449119e-2,1.9404885956e2,-4.0074764592e-1,1.7763506018e0,1.2731732217e-1,6.7813530861e-1,2.9962163043e-1
14.036735,1.9702952405e2,-1.3624047472e-3,1.6762363049e1,5.8949597997e-1,3.7778845885e-4,1.4272518456e-7,1.9699149199e2,-2.0953022312e-2,4.9400198973e0,4.2406138688e-1,1.3941520784e-1,1.9063660555e-2,1.9687393669e2,-3.9681167474e-1,1.7876516202e0,1.2939945098e-1,6.7431358433e-1,2.9759090306e-1
14.137755,1.9987572983e2,-1.3414342079e-3,1.6990059470e1,5.9049883264e-1,3.3713595406e-4,1.1370866559e-7,1.9983926591e2,-1.9868471080e-2,4.9969675613e0,4.2651915877e-1,1.3550311917e-1,1.8028049701e-2,1.9971945056e2,-3.9288120867e-1,1.7990343593e0,1.3148694719e-1,6.7048602780e-1,2.9554617667e-1
14.238776,2.0274234561e2,-1.3209651941e-3,1.7219388693e1,5.9148289610e-1,3.0061240608e-4,9.0367393568e-8,2.0270739695e2,-1.8835198349e-2,5.0543225984e0,4.2894544083e-1,1.3167392851e-1,1.7040857143e-2,2.0258540383e2,-3.8895677768e-1,1.8104988296e0,1.3357947025e-1,6.6665298375e-1,2.9348776143e-1
14.339796,2.0562937140e2,-1.3009804235e-3,1.7450350719e1,5.9244861977e-1,2.6782688735e-4,7.1770045906e-8,2.0559589246e2,-1.7851220995e-2,5.1120851536e0,4.3134063134e-1,1.2792683413e-1,1.6100347799e-2,2.0547178919e2,-3.8503892107e-1,1.8220450017e0,1.3567667662e-1,6.6281479548e-1,2.9141597441e-1
14.440816,2.0853680722e2,-1.2814635063e-3,1.7682945550e1,5.9339644026e-1,2.3842230360e-4,5.6839780882e-8,2.0850475270e2,-1.6914612417e-2,5.1702552307e0,4.3370512136e-1,1.2426100746e-1,1.5204812633e-2,2.0837861372e2,-3.8112815495e-1,1.8336729038e0,1.3777823764e-1,6.5897180517e-1,2.8933114067e-1
14.541837,2.1146465308e2,-1.2623988715e-3,1.7917173185e1,5.9432678184e-1,2.1207281651e-4,4.4965418056e-8,2.1143397806e2,-1.6023493342e-2,5.2288328351e0,4.3603930070e-1,1.2067559454e-1,1.4352571859e-2,2.1130587805e2,-3.7722499985e-1,1.8453825384e0,1.3988382434e-1,6.5512435339e-1,2.8723359198e-1
14.642857,2.1441290899e2,-1.2437717027e-3,1.8153033627e1,5.9524005680e-1,1.8848143628e-4,3.5477569327e-8,2.1438356913e2,-1.5176032373e-2,5.2878179764e0,4.3834355779e-1,1.1716971746e-1,1.3541976048e-2,2.1425357287e2,-3.7332998497e-1,1.8571738679e0,1.4199310518e-1,6.5127277947e-1,2.8512366710e-1
14.743878,2.1738157497e2,-1.2255678805e-3,1.8390526875e1,5.9613666584e-1,1.6737770241e-4,2.8056092560e-8,2.1735352634e2,-1.4370446950e-2,5.3472106602e0,4.4061827905e-1,1.1374247573e-1,1.2771408801e-2,2.1722171028e2,-3.6944360687e-1,1.8690469407e0,1.4410576860e-1,6.4741742111e-1,2.8300171185e-1
14.844898,2.2037065102e2,-1.2077739318e-3,1.8629652931e1,5.9701699843e-1,1.4851560192e-4,2.2031599656e-8,2.2034385027e2,-1.3605003253e-2,5.4070108955e0,4.4286384904e-1,1.1039294768e-1,1.2039287889e-2,2.2021028468e2,-3.6556638067e-1,1.8810017343e0,1.4622149500e-1,6.4355861451e-1,2.8086807844e-1
14.945918,2.2338013715e2,-1.1903769846e-3,1.8870411794e1,5.9788143318e-1,1.3167154921e-4,1.7345882952e-8,2.2335454197e2,-1.2878016196e-2,5.4672186998e0,4.4508065038e-1,1.0712019182e-1,1.1344066676e-2,2.2321929596e2,-3.6169880943e-1,1.8930382482e0,1.4833997344e-1,6.3969669435e-1,2.7872312552e-1
15.046939,2.2641003337e2,-1.1733647274e-3,1.9112803466e1,5.9873033819e-1,1.1664263698e-4,1.3620592654e-8,2.2638557755e2,-1.2187875967e-2,5.5278335922e0,4.4726904535e-1,1.0392324813e-1,1.0684235371e-2,2.2624874237e2,-3.5784139334e-1,1.9051564753e0,1.5046089663e-1,6.3583199364e-1,2.7656721830e-1
15.147959,2.2946033969e2,-1.1567253731e-3,1.9356827946e1,5.9956407136e-1,1.0324477250e-4,1.0652001947e-8,2.2943703021e2,-1.1532920787e-2,5.5888570324e0,4.4942946319e-1,1.0080113948e-1,1.0058321786e-2,2.2929862976e2,-3.5399461780e-1,1.9173564389e0,1.5258396742e-1,6.3196484374e-1,2.7440072774e-1
15.248980,2.3253105611e2,-1.1404476262e-3,1.9602485236e1,6.0038298071e-1,9.1311244034e-5,8.3236955106e-9,2.3250882830e2,-1.0911688901e-2,5.6502875847e0,4.5156222665e-1,9.7752872824e-2,9.4648927625e-3,2.3236895370e2,-3.5015897605e-1,1.9296381214e0,1.5470888630e-1,6.2809557431e-1,2.7222403049e-1
15.350000,2.3562218263e2,-1.1245206531e-3,1.9849775335e1,6.0118740474e-1,8.0691156626e-5,6.5192580223e-9,2.3560099671e2,-1.0322666819e-2,5.7121257420e0,4.5366772464e-1,9.4777440548e-2,8.9025539637e-3,2.3545973009e2,-3.4633493035e-1,1.9420015862e0,1.5683537271e-1,6.2422451321e-1,2.7003750953e-1
15.451020,2.3873371927e2,-1.1089340553e-3,2.0098698245e1,6.0197767264e-1,7.1248050176e-5,5.0349626690e-9,2.3871353668e2,-9.7644142045e-3,5.7743715255e0,4.5574632611e-1,9.1873821680e-2,8.3699509560e-3,2.3857091136e2,-3.4252301671e-1,1.9544466429e0,1.5896310745e-1,6.2035198654e-1,2.6784155230e-1
15.552041,2.4186566603e2,-1.0936778449e-3,2.0349253965e1,6.0275410467e-1,6.2858729365e-5,3.9290171117e-9,2.4184644825e2,-9.2355398928e-3,5.8370249316e0,4.5779839601e-1,8.9040983133e-2,7.8657694685e-3,2.4170255192e2,-3.3872363823e-1,1.9669735094e0,1.6109184619e-1,6.1647831859e-1,2.6563655213e-1
15.653061,2.4501802292e2,-1.0787424220e-3,2.0601442495e1,6.0351701237e-1,5.5411956595e-5,2.9685907066e-9,2.4499973286e2,-8.7346989491e-3,5.9000859848e0,4.5982429695e-1,8.6277880925e-2,7.3887352773e-3,2.4485462685e2,-3.3493729105e-1,1.9795820858e0,1.6322129522e-1,6.1260383174e-1,2.6342290716e-1
15.754082,2.4819078993e2,-1.0641185544e-3,2.0855263837e1,6.0426669889e-1,4.8807531641e-5,2.3865140975e-9,2.4817339137e2,-8.2605938966e-3,5.9635546981e0,4.6182438776e-1,8.3583461312e-2,6.9376145257e-3,2.4802713955e2,-3.3116443008e-1,1.9922723859e0,1.6535118519e-1,6.0872884641e-1,2.6120102013e-1
15.855102,2.5138396707e2,-1.0497973582e-3,2.1110717990e1,6.0500345918e-1,4.2955199916e-5,1.8626451492e-9,2.5136742433e2,-7.8119737855e-3,6.0274310779e0,4.6379902362e-1,8.0956661971e-2,6.5112135198e-3,2.5122009038e2,-3.2740550800e-1,2.0050444110e0,1.6748124966e-1,6.0485368120e-1,2.5897129811e-1
15.956122,2.5459755435e2,-1.0357702805e-3,2.1367804955e1,6.0572758031e-1,3.7773739990e-5,1.4551915228e-9,2.5458183321e2,-7.3876324357e-3,6.0917151489e0,4.6574855670e-1,7.8396413101e-2,6.1083785840e-3,2.5443347914e2,-3.2366097184e-1,2.0178981603e0,1.6961122682e-1,6.0097865250e-1,2.5673415273e-1
16.057143,2.5783155178e2,-1.0220290830e-3,2.1626524731e1,6.0643934168e-1,3.3190190891e-5,1.0477378964e-9,2.5781661834e2,-6.9864093126e-3,6.1564069135e0,4.6767333490e-1,7.5901638536e-2,5.7279960020e-3,2.5766730375e2,-3.1993126463e-1,2.0308336257e0,1.7174085862e-1,5.9710407486e-1,2.5448999950e-1
16.158163,2.6108595934e2,-1.0085658268e-3,2.1886877320e1,6.0713901524e-1,2.9139017272e-5,6.9849193096e-10,2.6107178079e2,-6.6071872265e-3,6.2215063882e0,4.6957370283e-1,7.3471256802e-2,5.3689914057e-3,2.6092156978e2,-3.1621681369e-1,2.0438508295e0,1.7386989702e-1,5.9323026059e-1,2.5223925739e-1
16.259184,2.6436077706e2,-9.9537285841e-4,2.2148862721e1,6.0782686575e-1,2.5561450457e-5,7.5669959188e-10,2.6434732192e2,-6.2488917964e-3,6.2870135956e0,4.7145000157e-1,7.1104182136e-2,5.0303293974e-3,2.6419626845e2,-3.1251805695e-1,2.0569497365e0,1.7599808960e-1,5.8935752008e-1,2.4998234946e-1
16.360204,2.6765600492e2,-9.8244279633e-4,2.2412480935e1,6.0850315098e-1,2.2404829451e-5,4.0745362639e-10,2.6764324205e2,-5.9104915368e-3,6.3529285374e0,4.7330256777e-1,6.8799325533e-2,4.7110131127e-3,2.6749139767e2,-3.0883541742e-1,2.0701303386e0,1.7812519334e-1,5.8548616133e-1,2.4771970132e-1
16.461224,2.7097164294e2,-9.6976851882e-4,2.2677731962e1,6.0916812193e-1,1.9621982858e-5,4.6566128731e-10,2.7095954243e2,-5.5909954339e-3,6.4192512341e0,4.7513173483e-1,6.6555595712e-2,4.4100832893e-3,2.7080698181e2,-3.0516928056e-1,2.0833927332e0,1.8025098716e-1,5.8161649037e-1,2.4545174185e-1
16.562245,2.7430769112e2,-9.5734315217e-4,2.2944615802e1,6.0982202303e-1,1.7170771002e-5,1.1641532183e-10,2.7429622407e2,-5.2894528444e-3,6.4859817013e0,4.7693783211e-1,6.4371900022e-2,4.1266181506e-3,2.7414299221e2,-3.0152008680e-1,2.0967368060e0,1.8237522083e-1,5.7774881088e-1,2.4317890254e-1
16.663265,2.7766414946e2,-9.4516005982e-4,2.3213132455e1,6.1046509233e-1,1.5013509255e-5,1.7462298274e-10,2.7765328800e2,-5.0049523069e-3,6.5531199550e0,4.7872118512e-1,6.2247145455e-2,3.8597324165e-3,2.7749944466e2,-2.9788821774e-1,2.1101626200e0,1.8449767756e-1,5.7388342433e-1,2.4090161739e-1
16.764286,2.8104101796e2,-9.3321283203e-4,2.3483281922e1,6.1109756171e-1,1.3116564389e-5,1.1641532183e-10,2.8103073465e2,-4.7366208901e-3,6.6206659991e0,4.8048211511e-1,6.0180239434e-2,3.6085763713e-3,2.8087633164e2,-2.9427407485e-1,2.1236701455e0,1.8661813059e-1,5.7002062992e-1,2.3862032231e-1
16.865306,2.8443829663e2,-9.2149527614e-4,2.3755064202e1,6.1171965705e-1,1.1449945987e-5,5.8207660913e-11,2.8442856506e2,-4.4836223889e-3,6.6886198498e0,4.8222093974e-1,5.8170090748e-2,3.3723353990e-3,2.8427365552e2,-2.9067804092e-1,2.1372593919e0,1.8873636433e-1,5.6616072442e-1,2.3633545527e-1
16.966327,2.8785598546e2,-9.1000140740e-4,2.4028479297e1,6.1233159842e-1,9.9869238852e-6,5.8207660913e-11,2.8784655111e2,-4.2452860365e-3,6.7569769417e0,4.8393785852e-1,5.6215610351e-2,3.1502289930e-3,2.8769141914e2,-2.8710049099e-1,2.1509303708e0,1.9085216825e-1,5.6230400237e-1,2.3404745612e-1
17.067347,2.9129408447e2,-8.9872544026e-4,2.4303527205e1,6.1293360024e-1,8.7037383878e-6,5.8207660913e-11,2.9128543060e2,-4.0204317436e-3,6.8257520224e0,4.8563354800e-1,5.4315712175e-2,2.9415100580e-3,2.9112961377e2,-2.8354180564e-1,2.1646830474e0,1.9296532954e-1,5.5845075588e-1,2.3175676510e-1
17.168367,2.9475259364e2,-8.8766178014e-4,2.4580207927e1,6.1352587146e-1,7.5792457892e-6,5.8207660913e-11,2.9474436854e2,-3.8087975132e-3,6.8949283921e0,4.8730789862e-1,5.2469313898e-2,2.7454636875e-3,2.9458824535e2,-2.8000234142e-1,2.1785174457e0,1.9507564919e-1,5.5460127462e-1,2.2946382448e-1
17.269388,2.9823151299e2,-8.7680501561e-4,2.4858521464e1,6.1410861571e-1,6.5946372843e-6,0.0000000000e0,2.9822392273e2,-3.6093835587e-3,6.9645171994e0,4.8896148359e-1,5.0675337666e-2,2.5614064652e-3,2.9806731655e2,-2.7648245103e-1,2.1924335766e0,1.9718293092e-1,5.5075584583e-1,2.2716907674e-1
17.370408,3.0173084252e2,-8.6614991098e-4,2.5138467816e1,6.1468203145e-1,5.7332513848e-6,-1.7462298274e-10,3.0172341738e2,-3.4218682287e-3,7.0345049280e0,4.9059428153e-1,4.8932710864e-2,2.3886862327e-3,3.0156682027e2,-2.7298249028e-1,2.2064314117e0,1.9928697718e-1,5.4691475424e-1,2.2487296478e-1
17.471429,3.0525058223e2,-8.5569139925e-4,2.5420046982e1,6.1524631217e-1,4.9803181241e-6,1.7462298274e-10,3.0524376957e2,-3.2451580902e-3,7.1049099108e0,4.9220701424e-1,4.7240366721e-2,2.2266793530e-3,3.0508676395e2,-2.6950279118e-1,2.2205109812e0,2.0138760391e-1,5.4307828209e-1,2.2257593216e-1
17.572449,3.0879073212e2,-8.4542457544e-4,2.5703258963e1,6.1580164646e-1,4.3227286710e-6,-5.8207660913e-11,3.0878420055e2,-3.0790280386e-3,7.1757165722e0,4.9379961194e-1,4.5597245023e-2,2.0747920498e-3,3.0862714120e2,-2.6604369310e-1,2.2346722595e0,2.0348462333e-1,5.3924670912e-1,2.2027842182e-1
17.673469,3.1235129219e2,-8.3534469016e-4,2.5988103759e1,6.1634821821e-1,3.7489041347e-6,5.8207660913e-11,3.1234513322e2,-2.9226991273e-3,7.2469333647e0,4.9537255333e-1,4.4002292701e-2,1.9324575551e-3,3.1218795394e2,-2.6260551835e-1,2.2489152546e0,2.0557785727e-1,5.3542031243e-1,2.1798087686e-1
17.774490,3.1593226244e2,-8.2544714362e-4,2.6274581370e1,6.1688620672e-1,3.2486074133e-6,0.0000000000e0,3.1592645739e2,-2.7756746118e-3,7.3185580805e0,4.9692607004e-1,4.2454464451e-2,1.7991368077e-3,3.1576919821e2,-2.5918858762e-1,2.2632399510e0,2.0766712859e-1,5.3159936660e-1,2.1568373928e-1
17.875510,3.1953364289e2,-8.1572747978e-4,2.6562691796e1,6.1741578685e-1,2.8127795986e-6,-5.8207660913e-11,3.1952817371e2,-2.6374317621e-3,7.3905907293e0,4.9846044028e-1,4.0952723311e-2,1.6743159504e-3,3.1937088447e2,-2.5579319818e-1,2.2776463906e0,2.0975227304e-1,5.2778414351e-1,2.1338745026e-1
17.976531,3.2315543352e2,-8.0618138090e-4,2.6852435037e1,6.1793712913e-1,2.4334298132e-6,5.8207660913e-11,3.2315028302e2,-2.5074734325e-3,7.4630313241e0,4.9997593844e-1,3.9496041141e-2,1.5575063881e-3,3.2299300087e2,-2.5241966298e-1,2.2921345263e0,2.1183311785e-1,5.2397491249e-1,2.1109244996e-1
18.077551,3.2679763433e2,-7.9680466223e-4,2.7143811094e1,6.1845039990e-1,2.1035182840e-6,1.1641532183e-10,3.2679278601e2,-2.3853272038e-3,7.5358798750e0,5.0147283504e-1,3.8083399191e-2,1.4482437982e-3,3.2663555388e2,-2.4906826735e-1,2.3067043843e0,2.1390950524e-1,5.2017194012e-1,2.0879917714e-1
18.178571,3.3046024534e2,-7.8759326706e-4,2.7436819966e1,6.1895576140e-1,1.8168468046e-6,5.8207660913e-11,3.3045568339e2,-2.2705443586e-3,7.6091363927e0,5.0295139679e-1,3.6713788595e-2,1.3460870832e-3,3.3029854000e2,-2.4573929896e-1,2.3213559508e0,2.1598127605e-1,5.1637549036e-1,2.0650806831e-1
18.279592,3.3414326655e2,-7.7854326186e-4,2.7731461654e1,6.1945337193e-1,1.5679702301e-6,-5.8207660913e-11,3.3413897585e2,-2.1626989451e-3,7.6828008875e0,5.0441188662e-1,3.5386210729e-2,1.2506173225e-3,3.3398196004e2,-2.4243303269e-1,2.3360892293e0,2.1804827784e-1,5.1258582434e-1,2.0421955868e-1
18.380612,3.3784669794e2,-7.6965083177e-4,2.8027736158e1,6.1994338594e-1,1.3520883044e-6,-5.8207660913e-11,3.3784266404e2,-2.0613868579e-3,7.7568733692e0,5.0585456371e-1,3.4099677790e-2,1.1614370160e-3,3.3768581226e2,-2.3914973781e-1,2.3509042131e0,2.2011036099e-1,5.0880320061e-1,2.0193408057e-1
18.481633,3.4157053954e2,-7.6091227620e-4,2.8325643478e1,6.2042595413e-1,1.1649750604e-6,0.0000000000e0,3.4156674861e2,-1.9662249305e-3,7.8313538477e0,5.0727968349e-1,3.2853213095e-2,1.0781695019e-3,3.4141010076e2,-2.3588966928e-1,2.3658009190e0,2.2216738329e-1,5.0502787479e-1,1.9965206430e-1
18.582653,3.4531479132e2,-7.5232400466e-4,2.8625183614e1,6.2090122357e-1,1.0029348232e-6,1.1641532183e-10,3.4531123019e2,-1.8768500530e-3,7.9062423322e0,5.0868749773e-1,3.1645851430e-2,1.0004577925e-3,3.4515482036e2,-2.3265308321e-1,2.3807793265e0,2.2421920150e-1,5.0126009988e-1,1.9737393712e-1
18.683673,3.4907945331e2,-7.4388253276e-4,2.8926356565e1,6.2136933779e-1,8.6272052613e-7,5.8207660913e-11,3.4907610938e2,-1.7929183165e-3,7.9815388318e0,5.1007825451e-1,3.0476639505e-2,9.2796341050e-4,3.4891997389e2,-2.2944021915e-1,2.3958394472e0,2.2626568089e-1,4.9750012596e-1,1.9510012277e-1
18.784694,3.5286452550e2,-7.3558447839e-4,2.9229162333e1,6.2183043689e-1,7.4151836316e-7,-5.8207660913e-11,3.5286138677e2,-1.7141041765e-3,8.0572433554e0,5.1145219831e-1,2.9344636275e-2,8.6036650464e-4,3.5270555902e2,-2.2625131350e-1,2.4109812721e0,2.2830668790e-1,4.9374820032e-1,1.9283104292e-1
18.885714,3.5667000788e2,-7.2742655806e-4,2.9533600917e1,6.2228465764e-1,6.3681000029e-7,-5.8207660913e-11,3.5666706292e2,-1.6400996383e-3,8.1333559113e0,5.1280956999e-1,2.8248913091e-2,7.9736468615e-4,3.5651157819e2,-2.2308658948e-1,2.4262048112e0,2.3034209550e-1,4.9000456741e-1,1.9056711439e-1
18.986735,3.6049590047e2,-7.1940558342e-4,2.9839672318e1,6.2273213355e-1,5.4644249303e-7,-1.1641532183e-10,3.6049313888e2,-1.5706133304e-3,8.2098765178e0,5.1415060708e-1,2.7188554180e-2,7.3867122410e-4,3.6033802489e2,-2.1994627069e-1,2.4415100389e0,2.3237177578e-1,4.8626946885e-1,1.8830875098e-1
19.087755,3.6434220326e2,-7.1151845787e-4,3.0147376535e1,6.2317299499e-1,4.6853045887e-7,0.0000000000e0,3.6433961369e2,-1.5053704205e-3,8.2868051532e0,5.1547554286e-1,2.6162656760e-2,6.8401615135e-4,3.6418490611e2,-2.1683055905e-1,2.4568969835e0,2.3439561186e-1,4.8254314331e-1,1.8605636247e-1
19.188776,3.6820891626e2,-7.0376217336e-4,3.0456713568e1,6.2360736923e-1,4.0138507984e-7,0.0000000000e0,3.6820648933e2,-1.4441105301e-3,8.3641418545e0,5.1678460819e-1,2.5170331366e-2,6.3314428553e-4,3.6805221844e2,-2.1373965827e-1,2.4723656316e0,2.3641348508e-1,4.7882582670e-1,1.8381035351e-1
19.289796,3.7209603946e2,-6.9613380732e-4,3.0767683418e1,6.2403538060e-1,3.4358646417e-7,-1.1641532183e-10,3.7209376581e2,-1.3865883520e-3,8.4418866193e0,5.1807802979e-1,2.4210701973e-2,5.8581447229e-4,3.7193996029e2,-2.1067376172e-1,2.4879159773e0,2.3842528153e-1,4.7511775179e-1,1.8157112575e-1
19.390816,3.7600357286e2,-6.8863051970e-4,3.1080286085e1,6.2445715049e-1,2.9386217193e-7,0.0000000000e0,3.7600144358e2,-1.3325722950e-3,8.5200394546e0,5.1935603117e-1,2.3282906253e-2,5.4179993458e-4,3.7584813437e2,-2.0763305031e-1,2.5035480316e0,2.4043089316e-1,4.7141914866e-1,1.7933907476e-1
19.491837,3.7993151647e2,-6.8124955012e-4,3.1394521568e1,6.2487279748e-1,2.5114144364e-7,1.1641532183e-10,3.7992952311e2,-1.2818439471e-3,8.5986003672e0,5.2061883247e-1,2.2386095727e-2,5.0088611897e-4,3.7977673805e2,-2.0461770159e-1,2.5192617845e0,2.4243021276e-1,4.6773024434e-1,1.7711459193e-1
19.592857,3.8387987029e2,-6.7398821520e-4,3.1710389868e1,6.2528243739e-1,2.1444981257e-7,0.0000000000e0,3.8387800483e2,-1.2341974318e-3,8.6775693635e0,5.2186665052e-1,2.1519435907e-2,4.6287174337e-4,3.8372576992e2,-2.0162788346e-1,2.5350572307e0,2.4442313733e-1,4.6405126288e-1,1.7489806295e-1
19.693878,3.8784863432e2,-6.6684390588e-4,3.2027890985e1,6.2568618340e-1,1.8296515236e-7,0.0000000000e0,3.8784688914e2,-1.1894387862e-3,8.7569464500e0,5.2309969888e-1,2.0682106427e-2,4.2756646872e-4,3.8769523293e2,-1.9866375142e-1,2.5509343822e0,2.4640956956e-1,4.6038242545e-1,1.7268986907e-1
19.794898,3.9183780856e2,-6.5981408499e-4,3.2347024919e1,6.2608414606e-1,1.5597947822e-7,0.0000000000e0,3.9183617646e2,-1.1473853641e-3,8.8367316324e0,5.2431818785e-1,1.9873301139e-2,3.9479217958e-4,3.9168512478e2,-1.9572545747e-1,2.5668932304e0,2.4838941287e-1,4.5672395017e-1,1.7049038538e-1
19.895918,3.9584739301e2,-6.5289628481e-4,3.2667791670e1,6.2647643339e-1,1.3287268530e-7,0.0000000000e0,3.9584586717e2,-1.1078652616e-3,8.9169249166e0,5.2552232455e-1,1.9092228238e-2,3.6438019015e-4,3.9569544489e2,-1.9281314362e-1,2.5829337731e0,2.5036257497e-1,4.5307605212e-1,1.6829998093e-1
19.996939,3.9987738767e2,-6.4608810476e-4,3.2990191237e1,6.2686315095e-1,1.1309032288e-7,0.0000000000e0,3.9987596162e2,-1.0707167649e-3,8.9975263081e0,5.2671231295e-1,1.8338110316e-2,3.3617333975e-4,3.9972619342e2,-1.8992694293e-1,2.5990560116e0,2.5232896723e-1,4.4943894354e-1,1.6611901973e-1
20.097959,4.0392779254e2,-6.3938720918e-4,3.3314223622e1,6.2724440191e-1,9.6175881481e-8,-1.1641532183e-10,4.0392646017e2,-1.0357878207e-3,9.0785358121e0,5.2788835391e-1,1.7610184412e-2,3.1002261676e-4,4.0377736982e2,-1.8706698080e-1,2.6152599438e0,2.5428850390e-1,4.4581283354e-1,1.6394785896e-1
20.198980,4.0799860763e2,-6.3279132524e-4,3.3639888825e1,6.2762028711e-1,8.1722021150e-8,-1.1641532183e-10,4.0799736315e2,-1.0029355281e-3,9.1599534336e0,5.2905064520e-1,1.6907702051e-2,2.8578878846e-4,4.0784897404e2,-1.8423337388e-1,2.6315455701e0,2.5624110270e-1,4.4219792815e-1,1.6178684938e-1
20.300000,4.1208983292e2,-6.2629824083e-4,3.3967186844e1,6.2799090510e-1,6.9389386681e-8,0.0000000000e0,4.1208867088e2,-9.7202565189e-4,9.2417791775e0,5.3019938157e-1,1.6229929260e-2,2.6334112044e-4,4.1194100488e2,-1.8142623173e-1,2.6479128859e0,2.5818668389e-1,4.3859443051e-1,1.5963633661e-1
20.401020,4.1620146844e2,-6.1990580264e-4,3.4296117681e1,6.2835635222e-1,5.8868408814e-8,1.1641532183e-10,4.1620038368e2,-9.4293215848e-4,9.3240130482e0,5.3133475480e-1,1.5576146660e-2,2.4255749304e-4,4.1605346258e2,-1.7864565437e-1,2.6643618927e0,2.6012517154e-1,4.3500254059e-1,1.5749665780e-1
20.502041,4.2033351417e2,-6.1361191423e-4,3.4626681335e1,6.2871672268e-1,4.9900279464e-8,0.0000000000e0,4.2033250182e2,-9.1553676768e-4,9.4066550502e0,5.3245695369e-1,1.4945649313e-2,2.2332242224e-4,4.2018634663e2,-1.7589173443e-1,2.6808925888e0,2.6205649235e-1,4.3142245540e-1,1.5536814521e-1
20.603061,4.2448597011e2,-6.0741453425e-4,3.4958877806e1,6.2907210856e-1,4.2262172428e-8,-1.1641532183e-10,4.2448502558e2,-8.8972852900e-4,9.4897051876e0,5.3356616417e-1,1.4337746811e-2,2.0552868955e-4,4.2433752052e2,-1.7316638411e-1,2.6974964270e0,2.6397959046e-1,4.2785436890e-1,1.5325112257e-1
20.704082,4.2865883627e2,-6.0131167464e-4,3.5292707095e1,6.2942259991e-1,3.5765197026e-8,2.3283064365e-10,4.2865795523e2,-8.6540341469e-4,9.5731634643e0,5.3466256926e-1,1.3751763213e-2,1.8907536287e-4,4.2851339261e2,-1.7046419632e-1,2.7141990458e0,2.6589735541e-1,4.2429847183e-1,1.5114590782e-1
20.805102,4.3285211265e2,-5.9530139898e-4,3.5628169201e1,6.2976828481e-1,3.0241096738e-8,1.1641532183e-10,4.3285129102e2,-8.4246393163e-4,9.6570298842e0,5.3574634920e-1,1.3187036973e-2,1.7386779655e-4,4.3270755338e2,-1.6779072340e-1,2.7309748029e0,2.6780676560e-1,4.2075495208e-1,1.4905281120e-1
20.906122,4.3706579925e2,-5.8938182085e-4,3.5965264125e1,6.3010924937e-1,2.5550491500e-8,0.0000000000e0,4.3706503318e2,-8.2081875210e-4,9.7413044507e0,5.3681768143e-1,1.2642920908e-2,1.5981786419e-4,4.3692213931e2,-1.6514419762e-1,2.7478322461e0,2.6970874521e-1,4.1722399433e-1,1.4697213599e-1
21.007143,4.4129989606e2,-5.8355110225e-4,3.6303991866e1,6.3044557783e-1,2.1567586828e-8,0.0000000000e0,4.4129918195e2,-8.0038236132e-4,9.8259871674e0,5.3787674063e-1,1.2118782109e-2,1.4684337657e-4,4.4115714898e2,-1.6252467264e-1,2.7647713701e0,2.7160323479e-1,4.1370578021e-1,1.4490417717e-1
21.108163,4.4555440310e2,-5.7780745214e-4,3.6644352425e1,6.3077735259e-1,1.8193929918e-8,1.1641532183e-10,4.4555373753e2,-7.8107472306e-4,9.9110780374e0,5.3892369880e-1,1.1614001916e-2,1.3486691751e-4,4.4541258317e2,-1.5993219257e-1,2.7817921785e0,2.7349017853e-1,4.1020048826e-1,1.4284922357e-1
21.209184,4.4982932035e2,-5.7214912494e-4,3.6986345802e1,6.3110465424e-1,1.5333853298e-8,0.0000000000e0,4.4982870014e2,-7.6282095921e-4,9.9965770639e0,5.3995872527e-1,1.1127975697e-2,1.2381654233e-4,4.4968844058e2,-1.5736679559e-1,2.7988946666e0,2.7536952234e-1,4.0670829402e-1,1.4080755541e-1
21.310204,4.5412464782e2,-5.6657441915e-4,3.7329971997e1,6.3142756165e-1,1.2910561509e-8,-1.1641532183e-10,4.5412406997e2,-7.4555104848e-4,1.0082484250e1,5.4098198674e-1,1.0660112874e-2,1.1362484656e-4,4.5398472106e2,-1.5482851130e-1,2.8160788340e0,2.7724121521e-1,4.0322936979e-1,1.3877944625e-1
21.411224,4.5844038552e2,-5.6108167603e-4,3.7675231009e1,6.3174615197e-1,1.0859196209e-8,0.0000000000e0,4.5843984719e2,-7.2919953757e-4,1.0168799597e1,5.4199364734e-1,1.0209836730e-2,1.0422978085e-4,4.5830142441e2,-1.5231736187e-1,2.8333446804e0,2.7910520861e-1,3.9976388492e-1,1.3676516013e-1
21.512245,4.6277653344e2,-5.5566927825e-4,3.8022122839e1,6.3206050069e-1,9.1350784714e-9,0.0000000000e0,4.6277603198e2,-7.1370526868e-4,1.0255523110e1,5.4299386863e-1,9.7765843347e-3,9.5572555438e-5,4.6263854980e2,-1.4983336254e-1,2.8506922028e0,2.8096145622e-1,3.9631200553e-1,1.3476495550e-1
21.613265,4.6713309157e2,-5.5033564867e-4,3.8370647487e1,6.3237068169e-1,7.6748847277e-9,-1.1641532183e-10,4.6713262451e2,-6.9901111991e-4,1.0342654789e1,5.4398280969e-1,9.3598063509e-3,8.7598338723e-5,4.6699609770e2,-1.4737652020e-1,2.8681214037e0,2.8280991466e-1,3.9287389482e-1,1.3277908054e-1
21.714286,4.7151005993e2,-5.4507924912e-4,3.8720804952e1,6.3267676728e-1,6.4497385210e-9,2.3283064365e-10,4.7150962494e2,-6.8506376051e-4,1.0430194638e1,5.4496062711e-1,8.9589669714e-3,8.0256373622e-5,4.7137406665e2,-1.4494683601e-1,2.8856322775e0,2.8465054212e-1,3.8944971274e-1,1.3080777752e-1
21.815306,4.7590743852e2,-5.3989857927e-4,3.9072595236e1,6.3297882821e-1,5.4116640058e-9,-1.1641532183e-10,4.7590703340e2,-6.7181341813e-4,1.0518142659e1,5.4592747506e-1,8.5735437385e-3,7.3500210419e-5,4.7577245704e2,-1.4254430254e-1,2.9032248263e0,2.8648329986e-1,3.8603961630e-1,1.2885127927e-1
21.916327,4.8032522732e2,-5.3479217544e-4,3.9426018337e1,6.3327693375e-1,4.5226329348e-9,1.1641532183e-10,4.8032485004e2,-6.5921365824e-4,1.0606498854e1,5.4688350532e-1,8.2030273190e-3,6.7284912802e-5,4.8019126791e2,-1.4016890634e-1,2.9208990465e0,2.8830815084e-1,3.8264375928e-1,1.2690981186e-1
22.017347,4.8476342636e2,-5.2975860956e-4,3.9781074257e1,6.3357115170e-1,3.7929908103e-9,1.1641532183e-10,4.8476307499e2,-6.4722117739e-4,1.0695263224e1,5.4782886730e-1,7.8469214935e-3,6.1570317484e-5,4.8463049909e2,-1.3782062638e-1,2.9386549379e0,2.9012506055e-1,3.7926229243e-1,1.2498359208e-1
22.118367,4.8922203561e2,-5.2479648814e-4,4.0137762995e1,6.3386154845e-1,3.1806166589e-9,-1.1641532183e-10,4.8922170837e2,-6.3579560566e-4,1.0784435772e1,5.4876370810e-1,7.5047428851e-3,5.6318007410e-5,4.8909015015e2,-1.3549943500e-1,2.9564924993e0,2.9193399653e-1,3.7589536347e-1,1.2307282863e-1
22.219388,4.9370105509e2,-5.1990445119e-4,4.0496084550e1,6.3414818898e-1,2.6557813726e-9,1.1641532183e-10,4.9370075030e2,-6.2489932074e-4,1.0874016499e1,5.4968817253e-1,7.1760207532e-3,5.1492708735e-5,4.9357022067e2,-1.3320529779e-1,2.9744117292e0,2.9373492842e-1,3.7254311698e-1,1.2117772305e-1
22.320408,4.9820048479e2,-5.1508117134e-4,4.0856038924e1,6.3443113692e-1,2.2092194740e-9,2.3283064365e-10,4.9820020089e2,-6.1449727360e-4,1.0964005407e1,5.5060240315e-1,6.8602969344e-3,4.7061359510e-5,4.9807071023e2,-1.3093817365e-1,2.9924126266e0,2.9552782796e-1,3.6920569444e-1,1.1929846730e-1
22.421429,5.0272032473e2,-5.1032535279e-4,4.1217626116e1,6.3471045458e-1,1.8457058104e-9,0.0000000000e0,5.0272006024e2,-6.0455682268e-4,1.1054402498e1,5.5150654033e-1,6.5571256028e-3,4.2993924581e-5,5.0259291871e2,-1.2869706349e-1,3.0105003918e0,2.9731318003e-1,3.6588323434e-1,1.1743524682e-1
22.522449,5.0726057488e2,-5.0563573050e-4,4.1580846125e1,6.3498620298e-1,1.5443220036e-9,2.3283064365e-10,5.0726032844e2,-5.9504757754e-4,1.1145207772e1,5.5240072222e-1,6.2660730047e-3,3.9261765778e-5,5.0713294468e2,-1.2648476777e-1,3.0286594177e0,2.9908942674e-1,3.6257587202e-1,1.1558823776e-1
22.623469,5.1182123526e2,-5.0101106923e-4,4.1945698954e1,6.3525844189e-1,1.2840928321e-9,2.3283064365e-10,5.1182100560e2,-5.8594125283e-4,1.1236421232e1,5.5328508487e-1,5.9867173734e-3,3.5839271732e-5,5.1169468933e2,-1.2429837119e-1,3.0469053114e0,3.0085807953e-1,3.5928373984e-1,1.1375760776e-1
22.724490,5.1640230587e2,-4.9645016276e-4,4.2312184600e1,6.3552722984e-1,1.0676330930e-9,2.3283064365e-10,5.1640209180e2,-5.7721153015e-4,1.1328042879e1,5.5415976220e-1,5.7186487578e-3,3.2701762393e-5,5.1627779659e2,-1.2213808606e-1,3.0652366487e0,3.0261896809e-1,3.5600696700e-1,1.1194351711e-1
22.825510,5.2100378671e2,-4.9195183301e-4,4.2680303064e1,6.3579262415e-1,8.8186880021e-10,0.0000000000e0,5.2100358711e2,-5.6883392724e-4,1.1420072713e1,5.5502488605e-1,5.4614686881e-3,2.9826769605e-5,5.2087789972e2,-1.2000693856e-1,3.0836359611e0,3.0437040853e-1,3.5274567977e-1,1.1014611810e-1
22.926531,5.2562567778e2,-4.8751492927e-4,4.3050054347e1,6.3605468100e-1,7.4317085819e-10,-2.3283064365e-10,5.2562549161e2,-5.6078567646e-4,1.1512510737e1,5.5588058622e-1,5.2147901032e-3,2.7193222195e-5,5.2550242554e2,-1.1789959181e-1,3.1021329597e0,3.0611520964e-1,3.4950000129e-1,1.0836555343e-1
23.027551,5.3026797907e2,-4.8313832743e-4,4.3421438448e1,6.3631345541e-1,6.1652372096e-10,-2.3283064365e-10,5.3026780538e2,-5.5304560957e-4,1.1605356950e1,5.5672699051e-1,4.9782370851e-3,2.4782493711e-5,5.3014583741e2,-1.1581987313e-1,3.1207054958e0,3.0785125403e-1,3.4627005167e-1,1.0660196003e-1
23.128571,5.3493069059e2,-4.7882092925e-4,4.3794455368e1,6.3656900129e-1,5.0977178034e-10,4.6566128731e-10,5.3493052847e2,-5.4559405017e-4,1.1698611355e1,5.5756422473e-1,4.7514447155e-3,2.2575957701e-5,5.3480966535e2,-1.1376661266e-1,3.1393596905e0,3.0957910846e-1,3.4305594809e-1,1.0485546384e-1
23.229592,5.3961381234e2,-4.7456166162e-4,4.4169105106e1,6.3682137145e-1,4.3075942813e-10,-2.3283064365e-10,5.3961366096e2,-5.3841271185e-4,1.1792273952e1,5.5839241276e-1,4.5340587508e-3,2.0557548851e-5,5.3949390836e2,-1.1173971494e-1,3.1580955403e0,3.1129876091e-1,3.3985780459e-1,1.0312618571e-1
23.330612,5.4431734432e2,-4.7035947588e-4,4.4545387662e1,6.3707061767e-1,3.4947333916e-10,4.6566128731e-10,5.4431720291e2,-5.3148460390e-4,1.1886344741e1,5.5921167656e-1,4.3257355494e-3,1.8712133169e-5,5.4419856629e2,-1.0973907844e-1,3.1769130448e0,3.1301020127e-1,3.3667573228e-1,1.0141423647e-1
23.431633,5.4904128652e2,-4.6621334714e-4,4.4923303036e1,6.3731679066e-1,2.8308022593e-10,2.3283064365e-10,5.4904115435e2,-5.2479394189e-4,1.1980823725e1,5.6002213619e-1,4.1261417852e-3,1.7024809495e-5,5.4892363924e2,-1.0776459611e-1,3.1958122050e0,3.1471342111e-1,3.3350983920e-1,9.9719720194e-2
23.532653,5.5378563896e2,-4.6212227365e-4,4.5302851229e1,6.3755994013e-1,2.3578650143e-10,2.3283064365e-10,5.5378551536e2,-5.1832606432e-4,1.2075710902e1,5.6082390988e-1,3.9349542446e-3,1.5483237803e-5,5.5366912711e2,-1.0581615583e-1,3.2147930206e0,3.1640841342e-1,3.3036023056e-1,9.8042732105e-2
23.633673,5.5855040163e2,-4.5808527611e-4,4.5684032240e1,6.3780011481e-1,1.9053914002e-10,0.0000000000e0,5.5855028597e2,-5.1206735493e-4,1.2171006275e1,5.6161711402e-1,3.7518597144e-3,1.4076475054e-5,5.5843502959e2,-1.0389364047e-1,3.2338554911e0,3.1809517264e-1,3.2722700843e-1,9.6383360447e-2
23.734694,5.6333557453e2,-4.5410139716e-4,4.6066846070e1,6.3803736245e-1,1.7337242753e-10,2.3283064365e-10,5.6333546622e2,-5.0600516858e-4,1.2266709844e1,5.6240186323e-1,3.5765545134e-3,1.2791482732e-5,5.6322134384e2,-1.0199692956e-1,3.2529996052e0,3.1977369377e-1,3.2411027199e-1,9.4741685782e-2
23.835714,5.6814115765e2,-4.5016970068e-4,4.6451292719e1,6.3827172987e-1,1.3767476048e-10,2.3283064365e-10,5.6814105618e2,-5.0012776435e-4,1.2362821610e1,5.6317827033e-1,3.4087446464e-3,1.1619180441e-5,5.6802807225e2,-1.0012589436e-1,3.2722253729e0,3.2144397504e-1,3.2101011742e-1,9.3117780285e-2
23.936735,5.7296715101e2,-4.4628927132e-4,4.6837372185e1,6.3850326296e-1,1.1812062439e-10,2.3283064365e-10,5.7296705586e2,-4.9442424049e-4,1.2459341572e1,5.6394644645e-1,3.2481453045e-3,1.0550720617e-5,5.7285618726e2,-9.8279784605e-2,3.2915366846e0,3.2310634863e-1,3.1792663804e-1,9.1511709150e-2
24.037755,5.7781355460e2,-4.4245921385e-4,4.7225084471e1,6.3873200672e-1,8.9016793936e-11,-2.3283064365e-10,5.7781346531e2,-4.8888447526e-4,1.2556269732e1,5.6470650097e-1,3.0944807733e-3,9.5756258816e-6,5.7770276725e2,-9.6460321563e-2,3.3109218534e0,3.2475981301e-1,3.1485992416e-1,8.9923529187e-2
24.138776,5.8268036842e2,-4.3867865272e-4,4.7614429575e1,6.3895800527e-1,6.7188921093e-11,4.6566128731e-10,5.8268028456e2,-4.8349907105e-4,1.2653606091e1,5.6545854163e-1,2.9474841920e-3,8.6873769760e-6,5.8257073350e2,-9.4665506674e-2,3.3303925656e0,3.2640537113e-1,3.1181006326e-1,8.8353291852e-2
24.239796,5.8756759247e2,-4.3494673146e-4,4.8005407497e1,6.3918130185e-1,5.4114934755e-11,2.3283064365e-10,5.8756751364e2,-4.7825930262e-4,1.2751350647e1,5.6620267449e-1,2.8068974235e-3,7.8789889812e-6,5.8745911116e2,-9.2895814460e-2,3.3499449218e0,3.2804269148e-1,3.0877713986e-1,8.6801039521e-2
24.340816,5.9247522676e2,-4.3126261222e-4,4.8398018238e1,6.3940193890e-1,5.1386450650e-11,0.0000000000e0,5.9247515259e2,-4.7315706826e-4,1.2849503404e1,5.6693900400e-1,2.6724707363e-3,7.1420799941e-6,5.9236790061e2,-9.1151095107e-2,3.3695789239e0,3.2967177810e-1,3.0576123559e-1,8.5266806884e-2
24.441837,5.9740327128e2,-4.2762547528e-4,4.8792261798e1,6.3961995801e-1,3.9676706365e-11,-2.3283064365e-10,5.9740320143e2,-4.6818484480e-4,1.2948064359e1,5.6766763300e-1,2.5439626636e-3,6.4722262323e-6,5.9729710114e2,-8.9431195412e-2,3.3892945694e0,3.3129263589e-1,3.0276242931e-1,8.3750623045e-2
24.542857,6.0235172602e2,-4.2403451856e-4,4.9188138176e1,6.3983539999e-1,3.2059688237e-11,2.3283064365e-10,6.0235166018e2,-4.6333564556e-4,1.3047033514e1,5.6838866277e-1,2.4211398357e-3,5.8617442846e-6,6.0224671231e2,-8.7735957989e-2,3.4090918569e0,3.3290527098e-1,2.9978079682e-1,8.2252509892e-2
24.643878,6.0732059101e2,-4.2048895717e-4,4.9585647373e1,6.4004830484e-1,3.0922819860e-11,2.3283064365e-10,6.0732052887e2,-4.5860298074e-4,1.3146410870e1,5.6910219305e-1,2.3037766274e-3,5.3073745221e-6,6.0721673452e2,-8.6065221167e-2,3.4289707883e0,3.3450969093e-1,2.9681641130e-1,8.0772482324e-2
24.744898,6.1230986622e2,-4.1698802297e-4,4.9984789388e1,6.4025871182e-1,2.6830093702e-11,0.0000000000e0,6.1230980752e2,-4.5398082142e-4,1.3246196426e1,5.6980832205e-1,2.1916551556e-3,4.8030633479e-6,6.1220716656e2,-8.4418820505e-2,3.4489313591e0,3.3610590385e-1,2.9386934301e-1,7.9310547560e-2
24.845918,6.1731955167e2,-4.1353096414e-4,5.0385564223e1,6.4046665944e-1,2.9103830457e-11,0.0000000000e0,6.1731949616e2,-4.4946356528e-4,1.3346390184e1,5.7050714648e-1,2.0845649433e-3,4.3450854719e-6,6.1721800848e2,-8.2796587252e-2,3.4689735698e0,3.3769391935e-1,2.9093965943e-1,7.7866707928e-2
24.946939,6.2234964735e2,-4.1011704475e-4,5.0787971876e1,6.4067218546e-1,2.0008883439e-11,-4.6566128731e-10,6.2234959480e2,-4.4504600525e-4,1.3446992142e1,5.7119876159e-1,1.9823028397e-3,3.9292499423e-6,6.2224926000e2,-8.1198349379e-2,3.4890974195e0,3.3927374795e-1,2.8802742518e-1,7.6440956211e-2
25.047959,6.2740015326e2,-4.0674554438e-4,5.1192012347e1,6.4087532695e-1,8.9812601800e-12,-2.3283064365e-10,6.2740010345e2,-4.4072329992e-4,1.3548002302e1,5.7188326119e-1,1.8846726854e-3,3.5522971302e-6,6.2730092083e2,-7.9623931554e-2,3.5093029075e0,3.4084540120e-1,2.8513270217e-1,7.5033281697e-2
25.148980,6.3247106941e2,-4.0341575769e-4,5.1597685638e1,6.4107612027e-1,7.0485839387e-12,2.3283064365e-10,6.3247102214e2,-4.3649094644e-4,1.3649420663e1,5.7256073764e-1,1.7914852202e-3,3.2093375921e-6,6.3237415466e2,-7.8072498120e-2,3.5295946890e0,3.4240924886e-1,2.8225554955e-1,7.3643666692e-2
25.250000,6.3756239579e2,-4.0012699406e-4,5.2004991747e1,6.4127460110e-1,1.3756107364e-11,4.6566128731e-10,6.3756235089e2,-4.3234475522e-4,1.3751247226e1,5.7323128194e-1,1.7025578636e-3,2.8992071748e-6,6.3746546971e2,-7.6545838646e-2,3.5499587967e0,3.4396423274e-1,2.7939602377e-1,7.2272086516e-2
25.351020,6.4267413241e2,-3.9687857723e-4,5.2413930675e1,6.4147080445e-1,1.0459189070e-11,0.0000000000e0,6.4267408969e2,-4.2828082644e-4,1.3853481992e1,5.7389498367e-1,1.6177145377e-3,2.6170164347e-6,6.4257928742e2,-7.5041282876e-2,3.5704129171e0,3.4551171914e-1,2.7655417846e-1,7.0918510901e-2
25.452041,6.4780627926e2,-3.9366984493e-4,5.2824502422e1,6.4166476466e-1,9.3223206932e-12,2.3283064365e-10,6.4780623858e2,-4.2429552833e-4,1.3956124960e1,5.7455193110e-1,1.5367855333e-3,2.3620668799e-6,6.4771165038e2,-7.3560845626e-2,3.5909412205e0,3.4705052448e-1,2.7373006463e-1,6.9582904922e-2
25.553061,6.5295883635e2,-3.9050014852e-4,5.3236706987e1,6.4185651548e-1,7.1622707765e-12,2.3283064365e-10,6.5295879756e2,-4.2038547679e-4,1.4059176130e1,5.7520221114e-1,1.4596071825e-3,2.1304003894e-6,6.5286535293e2,-7.2102790995e-2,3.6115548849e0,3.4858150694e-1,2.7092373062e-1,6.8265223876e-2
25.654082,6.5813180367e2,-3.8736885266e-4,5.3650544371e1,6.4204608997e-1,5.5706550484e-12,2.3283064365e-10,6.5813176663e2,-4.1654751697e-4,1.4162635503e1,5.7584590941e-1,1.3860218628e-3,1.9213184714e-6,6.5804018895e2,-7.0667052440e-2,3.6322530859e0,3.5010461546e-1,2.6813522204e-1,6.6965421895e-2
25.755102,6.6332518122e2,-3.8427533499e-4,5.4066014574e1,6.4223352065e-1,2.1600499167e-12,0.0000000000e0,6.6332514582e2,-4.1277870574e-4,1.4266503079e1,5.7648311022e-1,1.3158777060e-3,1.7317943275e-6,6.6323398066e2,-6.9254602758e-2,3.6530271126e0,3.5161922968e-1,2.6536458192e-1,6.5683446359e-2
25.856122,6.6853896901e2,-3.8121898581e-4,5.4483117596e1,6.4241883937e-1,2.5011104299e-12,0.0000000000e0,6.6853893514e2,-4.0907629571e-4,1.4370778858e1,5.7711389663e-1,1.2490284622e-3,1.5604309738e-6,6.6844890463e2,-6.7864077047e-2,3.6738856716e0,3.5312600611e-1,2.6261185067e-1,6.4419238595e-2
25.957143,6.7377316704e2,-3.7819920775e-4,5.4901853437e1,6.4260207746e-1,2.5011104299e-12,0.0000000000e0,6.7377313458e2,-4.0543772043e-4,1.4475462840e1,5.7773835046e-1,1.1853333436e-3,1.4051329345e-6,6.7368500965e2,-6.6495262172e-2,3.6948289585e0,3.5462497224e-1,2.5987706601e-1,6.3172734343e-2
26.058163,6.7902777530e2,-3.7521541550e-4,5.5322222097e1,6.4278326563e-1,7.2759576142e-12,0.0000000000e0,6.7902774416e2,-4.0186058060e-4,1.4580555025e1,5.7835655229e-1,1.1246568507e-3,1.2645032257e-6,6.7893997312e2,-6.5149163669e-2,3.7158476828e0,3.5611548615e-1,2.5716026325e-1,6.1943865614e-2
26.159184,6.8430279379e2,-3.7226703547e-4,5.5744223575e1,6.4296243406e-1,1.5916157281e-12,2.3283064365e-10,6.8430276389e2,-3.9834263134e-4,1.4686055414e1,5.7896858151e-1,1.0668685554e-3,1.1378433555e-6,6.8421678758e2,-6.3824029412e-2,3.7369538152e0,3.5759841817e-1,2.5446147497e-1,6.0732557671e-2
26.260204,6.8959822253e2,-3.6935350558e-4,5.6167857873e1,6.4313961237e-1,3.1832314562e-12,-2.3283064365e-10,6.8959819377e2,-3.9488177061e-4,1.4791964006e1,5.7957451632e-1,1.0118430575e-3,1.0239891708e-6,6.8951266654e2,-6.2521080446e-2,3.7581362097e0,3.5907300607e-1,2.5178073129e-1,5.9538731817e-2
26.361224,6.9491406149e2,-3.6647427490e-4,5.6593124989e1,6.4331482965e-1,5.6843418861e-13,-2.3283064365e-10,6.9491403382e2,-3.9147602827e-4,1.4898280802e1,5.8017443374e-1,9.5945978421e-4,9.2037953436e-7,6.9482962173e2,-6.1239085448e-2,3.7794029138e0,3.6053983495e-1,2.4911805987e-1,5.8362305630e-2
26.462245,7.0025031070e2,-3.6362880344e-4,5.7020024925e1,6.4348811446e-1,4.4337866711e-12,2.3283064365e-10,7.0025028402e2,-3.8812355594e-4,1.5005005801e1,5.8076840967e-1,9.0960270916e-4,8.2771293819e-7,7.0016698299e2,-5.9978176523e-2,3.8007512468e0,3.6199874010e-1,2.4647348571e-1,5.7203191100e-2
26.563265,7.0560697014e2,-3.6081656188e-4,5.7448557679e1,6.4365949485e-1,2.9558577808e-12,0.0000000000e0,7.0560694441e2,-3.8482261799e-4,1.5112139005e1,5.8135651886e-1,8.6216039642e-4,7.4296258390e-7,7.0552474888e2,-5.8738143912e-2,3.8221812034e0,3.6344974456e-1,2.4384703160e-1,5.6061295560e-2
26.664286,7.1098403982e2,-3.5803703128e-4,5.7878723252e1,6.4382899837e-1,5.6843418861e-12,0.0000000000e0,7.1098401496e2,-3.8157158290e-4,1.5219680412e1,5.8193883497e-1,8.1702575733e-4,6.6752545536e-7,7.1090292018e2,-5.7518775303e-2,3.8436927867e0,3.6489287258e-1,2.4123871760e-1,5.4936523316e-2
26.765306,7.1638151973e2,-3.5528970290e-4,5.8310521644e1,6.4399665207e-1,2.2737367544e-12,0.0000000000e0,7.1638149570e2,-3.7836891537e-4,1.5327630022e1,5.8251543056e-1,7.7409595076e-4,5.9907324612e-7,7.1630149657e2,-5.6319857682e-2,3.8652859958e0,3.6632814866e-1,2.3864856152e-1,5.3828774020e-2
26.866327,7.2179940988e2,-3.5257407789e-4,5.8743952855e1,6.4416248253e-1,8.0717654782e-12,-4.6566128731e-10,7.2179938663e2,-3.7521316907e-4,1.5435987837e1,5.8308637711e-1,7.3327216330e-4,5.3760595620e-7,7.2172047743e2,-5.5141176991e-2,3.8869608284e0,3.6775559779e-1,2.3607657875e-1,5.2737941965e-2
26.967347,7.2723771027e2,-3.4988966710e-4,5.9179016885e1,6.4432651585e-1,8.2991391537e-12,4.6566128731e-10,7.2723768775e2,-3.7210297998e-4,1.5544753856e1,5.8365174507e-1,6.9445953750e-4,4.8242509365e-7,7.2715986240e2,-5.3982517942e-2,3.9087172833e0,3.6917524557e-1,2.3352278224e-1,5.1663919352e-2
27.068367,7.3269642089e2,-3.4723599084e-4,5.9615713734e1,6.4448877768e-1,2.6147972676e-12,0.0000000000e0,7.3269639906e2,-3.6903706020e-4,1.5653928079e1,5.8421160383e-1,6.5756708091e-4,4.3306499720e-7,7.3261965187e2,-5.2843663955e-2,3.9305553621e0,3.7058711829e-1,2.3098718260e-1,5.0606594887e-2
27.169388,7.3817554176e2,-3.4461257866e-4,6.0054043402e1,6.4464929320e-1,3.1832314562e-12,0.0000000000e0,7.3817552057e2,-3.6601419227e-4,1.5763510506e1,5.8476602176e-1,6.2250743940e-4,3.8743019104e-7,7.3809984540e2,-5.1724397973e-2,3.9524750633e0,3.7199124253e-1,2.2846978821e-1,4.9565851688e-2
27.270408,7.4367507286e2,-3.4201896915e-4,6.0494005889e1,6.4480808716e-1,1.5916157281e-12,0.0000000000e0,7.4367505227e2,-3.6303322389e-4,1.5873501138e1,5.8531506623e-1,5.8919682363e-4,3.4738332033e-7,7.4360044295e2,-5.0624501969e-2,3.9744763869e0,3.7338764544e-1,2.2597060501e-1,4.8541572411e-2
27.371429,7.4919501419e2,-3.3945470970e-4,6.0935601195e1,6.4496518389e-1,1.5916157281e-12,0.0000000000e0,7.4919499419e2,-3.6009306317e-4,1.5983899973e1,5.8585880364e-1,5.5755483925e-4,3.1013041735e-7,7.4912144395e2,-4.9543757484e-2,3.9965593309e0,3.7477635450e-1,2.2348963665e-1,4.7533632256e-2
27.472449,7.5473536577e2,-3.3691935634e-4,6.1378829320e1,6.4512060727e-1,1.8189894035e-12,-4.6566128731e-10,7.5473534630e2,-3.5719267412e-4,1.6094707013e1,5.8639729940e-1,5.2750446287e-4,2.7846544981e-7,7.5466284891e2,-4.8481945055e-2,4.0187238975e0,3.7615739789e-1,2.2102688471e-1,4.6541909222e-2
27.573469,7.6029612758e2,-3.3441247349e-4,6.1823690264e1,6.4527438079e-1,1.5916157281e-12,4.6566128731e-10,7.6029610863e2,-3.5433107266e-4,1.6205922257e1,5.8693061796e-1,4.9897189626e-4,2.4959445000e-7,7.6022465686e2,-4.7438845344e-2,4.0409700828e0,3.7753080383e-1,2.1858234830e-1,4.5566272922e-2
27.674490,7.6587729963e2,-3.3193363381e-4,6.2270184027e1,6.4542652750e-1,8.1854523160e-12,0.0000000000e0,7.6587728117e2,-3.5150732269e-4,1.6317545706e1,5.8745882285e-1,4.7188629230e-4,2.2258609533e-7,7.6580686808e2,-4.6414238110e-2,4.0632978883e0,3.7889660129e-1,2.1615602444e-1,4.4606590644e-2
27.775510,7.7147888192e2,-3.2948241801e-4,6.2718310610e1,6.4557707009e-1,9.0949470177e-13,0.0000000000e0,7.7147886392e2,-3.4872053280e-4,1.6429577359e1,5.8798197665e-1,4.4617988556e-4,1.9930303097e-7,7.7140969994e2,-4.5407810006e-2,4.0857081836e0,3.8025487199e-1,2.1374790795e-1,4.3662732001e-2
27.876531,7.7710087444e2,-3.2705841464e-4,6.3168070011e1,6.4572603083e-1,3.5242919694e-12,0.0000000000e0,7.7710085689e2,-3.4596985300e-4,1.6542017216e1,5.8850014106e-1,4.2178779552e-4,1.7788261175e-7,7.7703249988e2,-4.4419619468e-2,4.1081983584e0,3.8160548804e-1,2.1135799153e-1,4.2734556831e-2
27.977551,7.8274327721e2,-3.2466121995e-4,6.3619462231e1,6.4587343163e-1,4.8885340220e-12,0.0000000000e0,7.8274326007e2,-3.4325447175e-4,1.6654865278e1,5.8901337687e-1,3.9864777705e-4,1.5925616026e-7,7.8267591977e2,-4.3449167047e-2,4.1307710206e0,3.8294863677e-1,2.0898626568e-1,4.1821927764e-2
28.078571,7.8840609021e2,-3.2229043767e-4,6.4072487271e1,6.4601929401e-1,4.2064129957e-12,4.6566128731e-10,7.8840607347e2,-3.4057361337e-4,1.6768121544e1,5.8952174399e-1,3.7670037705e-4,1.4249235392e-7,7.8833974251e2,-4.2496324853e-2,4.1534253017e0,3.8428429612e-1,2.0663271883e-1,4.0924704168e-2
28.179592,7.9408931345e2,-3.1994567889e-4,6.4527145129e1,6.4616363913e-1,5.6843418861e-12,0.0000000000e0,7.9408929710e2,-3.3792653544e-4,1.6881786015e1,5.9002530146e-1,3.5588862204e-4,1.2712553144e-7,7.9402445284e2,-4.1560674089e-2,4.1761631410e0,3.8561260950e-1,2.0429733727e-1,4.0042740759e-2
28.280612,7.9979294693e2,-3.1762656187e-4,6.4983435807e1,6.4630648779e-1,2.8421709430e-12,0.0000000000e0,7.9979293094e2,-3.3531252662e-4,1.6995858690e1,5.9052410747e-1,3.3615810003e-4,1.1269003153e-7,7.9972859508e2,-4.0642589193e-2,4.1989787158e0,3.8693326917e-1,2.0198010532e-1,3.9175891783e-2
28.381633,8.0551699065e2,-3.1533271190e-4,6.5441359303e1,6.4644786044e-1,3.5242919694e-12,4.6566128731e-10,8.0551697501e2,-3.3273090444e-4,1.7110339570e1,5.9101821939e-1,3.1745657691e-4,1.0104849935e-7,8.0545404372e2,-3.9741087625e-2,4.2218795241e0,3.8824674075e-1,1.9968100520e-1,3.8324011955e-2
28.482653,8.1126144461e2,-3.1306376111e-4,6.5900915619e1,6.4658777717e-1,7.2759576142e-12,-9.3132257462e-10,8.1126142930e2,-3.3018101349e-4,1.7225228654e1,5.9150769375e-1,2.9973434914e-4,8.9406967163e-8,8.1119926382e2,-3.8856567979e-2,4.2448594264e0,3.8955270263e-1,1.9740001715e-1,3.7486949004e-2
28.583673,8.1702630881e2,-3.1081934835e-4,6.6362104754e1,6.4672625776e-1,9.0949470177e-13,0.0000000000e0,8.1702629381e2,-3.2766222352e-4,1.7340525943e1,5.9199258627e-1,2.8294367701e-4,8.0093741417e-8,8.1696569515e2,-3.7988239992e-2,4.2679241818e0,3.9085151345e-1,1.9513711944e-1,3.6664553452e-2
28.684694,8.2281158324e2,-3.0859911904e-4,6.6824926708e1,6.4686332163e-1,3.2969182939e-12,-4.6566128731e-10,8.2281156856e2,-3.2517392791e-4,1.7456231436e1,5.9247295187e-1,2.6703914739e-4,7.1711838245e-8,8.2275112740e2,-3.7136748379e-2,4.2910649493e0,3.9214270906e-1,1.9289228838e-1,3.5856670700e-2
28.785714,8.2861726791e2,-3.0640272501e-4,6.7289381482e1,6.4699898789e-1,7.9580786405e-13,4.6566128731e-10,8.2861725352e2,-3.2271554206e-4,1.7572345134e1,5.9294884470e-1,2.5197714319e-4,6.3329935074e-8,8.2855776537e2,-3.6301014733e-2,4.3142905480e0,3.9342681582e-1,1.9066549831e-1,3.5063149408e-2
28.886735,8.3444336283e2,-3.0422982437e-4,6.7755469074e1,6.4713327534e-1,5.6843418861e-13,4.6566128731e-10,8.3444334872e2,-3.2028650210e-4,1.7688867037e1,5.9342031811e-1,2.3771616588e-4,5.5879354477e-8,8.3438480444e2,-3.5481135155e-2,4.3375977596e0,3.9470368576e-1,1.8845672179e-1,3.4283828922e-2
28.987755,8.4028986798e2,-3.0208008138e-4,6.8223189486e1,6.4726620244e-1,2.5011104299e-12,0.0000000000e0,8.4028985415e2,-3.1788626355e-4,1.7805797144e1,5.9388742472e-1,2.2421654364e-4,5.0757080317e-8,8.4023224557e2,-3.4676891903e-2,4.3609865881e0,3.9597335182e-1,1.8626592929e-1,3.3518558368e-2
29.088776,8.4615678337e2,-2.9995316631e-4,6.8692542716e1,6.4739778738e-1,3.7516656448e-12,4.6566128731e-10,8.4615676980e2,-3.1551430019e-4,1.7923135456e1,5.9435021640e-1,2.1144043023e-4,4.4703483582e-8,8.4610008890e2,-3.3888068329e-2,4.3844570340e0,3.9723584693e-1,1.8409308960e-1,3.2767175697e-2
29.189796,8.5204410901e2,-2.9784875530e-4,6.9163528766e1,6.4752804801e-1,4.3200998334e-12,-4.6566128731e-10,8.5204409569e2,-3.1317010290e-4,1.8040881973e1,5.9480874425e-1,1.9935157115e-4,4.0046870708e-8,8.5198833179e2,-3.3114449607e-2,4.4080090869e0,3.9849120366e-1,1.8193816974e-1,3.2029522117e-2
29.290816,8.5795184488e2,-2.9576653026e-4,6.9636147635e1,6.4765700192e-1,8.0717654782e-12,0.0000000000e0,8.5795183181e2,-3.1085317875e-4,1.8159036694e1,5.9526305869e-1,1.8791551975e-4,3.4924596548e-8,8.5789697817e2,-3.2355819333e-2,4.4316427627e0,3.9973945611e-1,1.7980113476e-1,3.1305437442e-2
29.391837,8.6387999099e2,-2.9370617873e-4,7.0110399324e1,6.4778466640e-1,2.2737367544e-13,0.0000000000e0,8.6387997816e2,-3.0856305003e-4,1.8277599620e1,5.9571320941e-1,1.7709941881e-4,3.1199306250e-8,8.6382602551e2,-3.1611964423e-2,4.4553580511e0,4.0098063721e-1,1.7768194808e-1,3.0594763346e-2
29.492857,8.6982854734e2,-2.9166739376e-4,7.0586283831e1,6.4791105844e-1,3.7516656448e-12,4.6566128731e-10,8.6982853474e2,-3.0629925339e-4,1.8396570750e1,5.9615924539e-1,1.6687176924e-4,2.7939677238e-8,8.6977547360e2,-3.0882671896e-2,4.4791549515e0,4.0221478051e-1,1.7558057126e-1,2.9897335917e-2
29.593878,8.7579751393e2,-2.8964987378e-4,7.1063801158e1,6.4803619479e-1,8.7538865046e-12,4.6566128731e-10,8.7579750155e2,-3.0406133909e-4,1.8515950086e1,5.9660121493e-1,1.5720265856e-4,2.4214386940e-8,8.7574554051e2,-3.0167654069e-2,4.5030343362e0,4.0344196442e-1,1.7349696427e-1,2.9212992173e-2
29.694898,8.8178689076e2,-2.8765332253e-4,7.1542951304e1,6.4816009189e-1,9.8907548818e-12,4.6566128731e-10,8.8178687860e2,-3.0184887026e-4,1.8635737626e1,5.9703916566e-1,1.4806362219e-4,2.2351741791e-8,8.8173557368e2,-2.9466926544e-2,4.5269935951e0,4.0466208925e-1,1.7143108533e-1,2.8541569598e-2
29.795918,8.8779667783e2,-2.8567744890e-4,7.2023734269e1,6.4828276594e-1,1.4779288904e-12,0.0000000000e0,8.8779666588e2,-2.9966142221e-4,1.8755933370e1,5.9747314452e-1,1.3942742476e-4,1.9092112780e-8,8.8774691735e2,-2.8779818664e-2,4.5510381050e0,4.0587546161e-1,1.6938289093e-1,2.7882907074e-2
29.896939,8.9382687514e2,-2.8372196685e-4,7.2506150053e1,6.4840423287e-1,4.4337866711e-12,4.6566128731e-10,8.9382686339e2,-2.9749858185e-4,1.8876537320e1,5.9790319783e-1,1.3126812405e-4,1.6763806343e-8,8.9377727850e2,-2.8106900743e-2,4.5751586941e0,4.0708165393e-1,1.6735233607e-1,2.7236839291e-2
29.997959,8.9987748269e2,-2.8178659529e-4,7.2990198656e1,6.4852450834e-1,4.5474735089e-13,0.0000000000e0,8.9987747114e2,-2.9535994709e-4,1.8997549474e1,5.9832937121e-1,1.2356114075e-4,1.5832483768e-8,8.9982873207e2,-2.7447262315e-2,4.5993636620e0,4.0828111751e-1,1.6533937405e-1,2.6603202336e-2
30.098980,9.0594850049e2,-2.7987105798e-4,7.3475880079e1,6.4864360777e-1,5.6843418861e-13,-4.6566128731e-10,9.0594848913e2,-2.9324512630e-4,1.9118969833e1,5.9875170970e-1,1.1628289042e-4,1.3504177332e-8,9.0590058726e2,-2.6800931483e-2,4.6236502457e0,4.0947374783e-1,1.6334395657e-1,2.5981832761e-2
30.200000,9.1203992852e2,-2.7797508344e-4,7.3963194321e1,6.4876154635e-1,3.8653524825e-12,9.3132257462e-10,9.1203991735e2,-2.9115373784e-4,1.9240798396e1,5.9917025768e-1,1.0941104927e-4,1.2107193470e-8,9.1199284314e2,-2.6167703915e-2,4.6480184413e0,4.1065957912e-1,1.6136603386e-1,2.5372565724e-2
30.301020,9.1815176679e2,-2.7609840484e-4,7.4452141382e1,6.4887833899e-1,2.2737367544e-12,0.0000000000e0,9.1815175580e2,-2.8908540958e-4,1.9363035165e1,5.9958505892e-1,1.0292422485e-4,1.0710209608e-8,9.1810488926e2,-2.5547571023e-2,4.6724658074e0,4.1183852862e-1,1.5940555455e-1,2.4775237776e-2
30.402041,9.2428401530e2,-2.7424075991e-4,7.4942721263e1,6.4899400041e-1,1.1368683772e-13,0.0000000000e0,9.2428400449e2,-2.8703977852e-4,1.9485680138e1,5.9999615658e-1,9.6802312669e-5,9.7788870335e-9,9.2423855783e2,-2.4939746631e-2,4.6969996724e0,4.1301098284e-1,1.5746246578e-1,2.4189685937e-2
30.503061,9.3043667406e2,-2.7240189085e-4,7.5434933963e1,6.4910854504e-1,4.8885340220e-12,4.6566128731e-10,9.3043666342e2,-2.8501649032e-4,1.9608733315e1,6.0040359324e-1,9.1025926736e-5,7.9162418842e-9,9.3039201620e2,-2.4344614872e-2,4.7216127060e0,4.1417662438e-1,1.5553671327e-1,2.3615743034e-2
30.604082,9.3660974305e2,-2.7058154420e-4,7.5928779482e1,6.4922198714e-1,5.6843418861e-12,4.6566128731e-10,9.3660973258e2,-2.8301519900e-4,1.9732194698e1,6.0080741088e-1,8.5576753804e-5,7.4505805969e-9,9.3656587563e2,-2.3761781938e-2,4.7463073533e0,4.1533560533e-1,1.5362824125e-1,2.3053248879e-2
30.705102,9.4280322229e2,-2.6877947083e-4,7.6424257820e1,6.4933434070e-1,6.7075234256e-12,4.6566128731e-10,9.4280321198e2,-2.8103556658e-4,1.9856064285e1,6.0120765091e-1,8.0437371480e-5,6.9849193096e-9,9.4275976299e2,-2.3191163811e-2,4.7710821217e0,4.1648789131e-1,1.5173699250e-1,2.2502038162e-2
30.806122,9.4901711176e2,-2.6699542577e-4,7.6921368977e1,6.4944561951e-1,3.0695446185e-12,0.0000000000e0,9.4901710162e2,-2.7907726273e-4,1.9980342077e1,6.0160435414e-1,7.5591195923e-5,6.0535967350e-9,9.4897479768e2,-2.2632224934e-2,4.7959414887e0,4.1763372445e-1,1.4986290850e-1,2.1961946040e-2
30.907143,9.5525141148e2,-2.6522916818e-4,7.7420112954e1,6.4955583715e-1,3.6379788071e-12,-4.6566128731e-10,9.5525140149e2,-2.7713996449e-4,2.0105028074e1,6.0199756087e-1,7.1022493898e-5,5.5879354477e-9,9.5520973402e2,-2.2085148446e-2,4.8208804718e0,4.1877290920e-1,1.4800592926e-1,2.1432814654e-2
31.008163,9.6150612143e2,-2.6348046125e-4,7.7920489750e1,6.4966500697e-1,8.2991391537e-12,-9.3132257462e-10,9.6150611160e2,-2.7522335604e-4,2.0230122275e1,6.0238731082e-1,6.6716332299e-5,5.1222741604e-9,9.6146497945e2,-2.1549617184e-2,4.8459007006e0,4.1990555630e-1,1.4616599350e-1,2.0914478227e-2
31.109184,9.6778124163e2,-2.6174907211e-4,7.8422499366e1,6.4977314212e-1,5.1159076975e-12,4.6566128731e-10,9.6778123195e2,-2.7332712832e-4,2.0355624682e1,6.0277364315e-1,6.2658448769e-5,4.6566128731e-9,9.6774118619e2,-2.1025251008e-2,4.8710047839e0,4.2103181759e-1,1.4434303859e-1,2.0406777505e-2
31.210204,9.7407677207e2,-2.6003477175e-4,7.8926141800e1,6.4988025556e-1,8.9812601800e-12,0.0000000000e0,9.7407676254e2,-2.7145097892e-4,2.0481535293e1,6.0315659653e-1,5.8835384039e-5,4.1909515858e-9,9.7403749253e2,-2.0512112720e-2,4.8961892751e0,4.2215157261e-1,1.4253700074e-1,1.9909551367e-2
31.311224,9.8039271275e2,-2.5833733496e-4,7.9431417054e1,6.4998636002e-1,4.4337866711e-12,4.6566128731e-10,9.8039270336e2,-2.6959461174e-4,2.0607854109e1,6.0353620908e-1,5.5234312185e-5,3.2596290112e-9,9.8035411635e2,-2.0009950347e-2,4.9214550456e0,4.2326489590e-1,1.4074781471e-1,1.9422638230e-2
31.412245,9.8672906367e2,-2.5665654026e-4,7.9938325128e1,6.5009146806e-1,6.3664629124e-12,0.0000000000e0,9.8672905442e2,-2.6775773685e-4,2.0734581129e1,6.0391251838e-1,5.1843019719e-5,2.7939677238e-9,9.8669118285e2,-1.9518542613e-2,4.9468025962e0,4.2437184447e-1,1.3897541414e-1,1.8945878837e-2
31.513265,9.9308582484e2,-2.5499216980e-4,8.0446866020e1,6.5019559204e-1,3.7516656448e-12,-9.3132257462e-10,9.9308581573e2,-2.6594007023e-4,2.0861716355e1,6.0428556155e-1,4.8650028589e-5,2.7939677238e-9,9.9304865008e2,-1.9037717697e-2,4.9722317590e0,4.2547244576e-1,1.3721973148e-1,1.8479117658e-2
31.614286,9.9946299624e2,-2.5334400928e-4,8.0957039732e1,6.5029874411e-1,1.1368683772e-12,0.0000000000e0,9.9946298726e2,-2.6414133361e-4,2.0989259785e1,6.0465537516e-1,4.5644387569e-5,1.3969838619e-9,9.9942547344e2,-1.8567576795e-2,4.9977383559e0,4.2656655608e-1,1.3548069795e-1,1.8022193573e-2
31.715306,1.0058605779e3,-2.5171184793e-4,8.1468846263e1,6.5040093627e-1,2.1600499167e-12,4.6566128731e-10,1.0058605690e3,-2.6236125430e-4,2.1117211420e1,6.0502199533e-1,4.2815691813e-5,1.8626451492e-9,1.0058247873e3,-1.8107090072e-2,5.0233349236e0,4.2765474582e-1,1.3375824360e-1,1.7574950587e-2
31.816327,1.0122785698e3,-2.5009547839e-4,8.1982285614e1,6.5050218031e-1,8.0717654782e-12,9.3132257462e-10,1.0122785611e3,-2.6059956496e-4,2.1245571260e1,6.0538545765e-1,4.0154137878e-5,1.3969838619e-9,1.0122434577e3,-1.7656928774e-2,5.0490089272e0,4.2873651427e-1,1.3205229735e-1,1.7137231771e-2
31.917347,1.0187169719e3,-2.4849469669e-4,8.2497357784e1,6.5060248784e-1,8.7538865046e-12,4.6566128731e-10,1.0187169633e3,-2.5885600349e-4,2.1374339304e1,6.0574579727e-1,3.7650319655e-5,1.8626451492e-9,1.0186825288e3,-1.7216633444e-2,5.0747645425e0,4.2981207458e-1,1.3036278710e-1,1.6708884854e-2
32.018367,1.0251757843e3,-2.4690930213e-4,8.3014062773e1,6.5070187031e-1,6.5938365879e-12,-9.3132257462e-10,1.0251757758e3,-2.5713031288e-4,2.1503515554e1,6.0610304884e-1,3.5295392081e-5,1.8626451492e-9,1.0251420010e3,-1.6786029384e-2,5.1006017717e0,4.3088146153e-1,1.2868963957e-1,1.6289754771e-2
32.119388,1.0316550069e3,-2.4533909725e-4,8.3532400582e1,6.5080033899e-1,3.1832314562e-12,0.0000000000e0,1.0316549985e3,-2.5542224102e-4,2.1633100008e1,6.0645724657e-1,3.3081094443e-5,9.3132257462e-10,1.0316218741e3,-1.6364944029e-2,5.1265206133e0,4.3194470975e-1,1.2703278049e-1,1.5879689716e-2
32.220408,1.0381546397e3,-2.4378388778e-4,8.4052371209e1,6.5089790498e-1,2.9558577808e-12,1.8626451492e-9,1.0381546315e3,-2.5373154057e-4,2.1763092667e1,6.0680842419e-1,3.0999292221e-5,1.8626451492e-9,1.0381221485e3,-1.5953206477e-2,5.1525210697e0,4.3300185396e-1,1.2539213453e-1,1.5478535555e-2
32.321429,1.0446746828e3,-2.4224348254e-4,8.4573974657e1,6.5099457921e-1,2.2737367544e-13,-9.3132257462e-10,1.0446746747e3,-2.5205796888e-4,2.1893493530e1,6.0715661499e-1,2.9042605092e-5,0.0000000000e0,1.0446434652e3,-1.5550489202e-2,5.1786057042e0,4.3405303161e-1,1.2376762541e-1,1.5086145140e-2
32.422449,1.0512151362e3,-2.4071769342e-4,8.5097210923e1,6.5109037244e-1,5.0022208598e-12,-1.8626451492e-9,1.0512151282e3,-2.5040128780e-4,2.2024302599e1,6.0750185182e-1,2.7203895115e-5,0.0000000000e0,1.0511839008e3,-1.5157101669e-2,5.2047668234e0,4.3509796843e-1,1.2215917579e-1,1.4702368528e-2
32.523469,1.0577759997e3,-2.3920633527e-4,8.5622080009e1,6.5118529529e-1,3.4106051316e-12,-9.3132257462e-10,1.0577759919e3,-2.4876126359e-4,2.2155519872e1,6.0784416710e-1,2.5476369274e-5,0.0000000000e0,1.0577453785e3,-1.4772402624e-2,5.2310121200e0,4.3613700765e-1,1.2056670744e-1,1.4327056706e-2
32.624490,1.0643572736e3,-2.3770922590e-4,8.6148581914e1,6.5127935821e-1,1.1823431123e-11,-9.3132257462e-10,1.0643572658e3,-2.4713766678e-4,2.2287145350e1,6.0818359281e-1,2.3853668381e-5,1.8626451492e-9,1.0643272578e3,-1.4396387721e-2,5.2573390320e0,4.3717008081e-1,1.1899014120e-1,1.3960063457e-2
32.725510,1.0709589576e3,-2.3622618600e-4,8.6676716639e1,6.5137257147e-1,5.2295945352e-12,9.3132257462e-10,1.0709589500e3,-2.4553027210e-4,2.2419179033e1,6.0852016050e-1,2.2329774538e-5,9.3132257462e-10,1.0709288738e3,-1.4029052186e-2,5.2837448997e0,4.3819711921e-1,1.1742939693e-1,1.3601242565e-2
32.826531,1.0775810519e3,-2.3475703908e-4,8.7206484183e1,6.5146494524e-1,8.8675733423e-12,-9.3132257462e-10,1.0775810444e3,-2.4393885834e-4,2.2551620921e1,6.0885390132e-1,2.0898989078e-5,0.0000000000e0,1.0775522199e3,-1.3669768552e-2,5.3102376967e0,4.3921846599e-1,1.1588439378e-1,1.3250450604e-2
32.927551,1.0842235565e3,-2.3330161141e-4,8.7737884546e1,6.5155648950e-1,5.2295945352e-12,-9.3132257462e-10,1.0842235490e3,-2.4236320826e-4,2.2684471014e1,6.0918484600e-1,1.9555886638e-5,-9.3132257462e-10,1.0841953033e3,-1.3318848043e-2,5.3368094517e0,4.4023384651e-1,1.1435504993e-1,1.2907546014e-2
33.028571,1.0908864713e3,-2.3185973200e-4,8.8270917729e1,6.5164721408e-1,2.2737367544e-12,-9.3132257462e-10,1.0908864639e3,-2.4080310848e-4,2.2817729311e1,6.0951302488e-1,1.8295314931e-5,-9.3132257462e-10,1.0908562522e3,-1.2976552108e-2,5.3634526782e0,4.4124301515e-1,1.1284128272e-1,1.2572386302e-2
33.129592,1.0975697963e3,-2.3043123250e-4,8.8805583731e1,6.5173712870e-1,2.9558577808e-12,1.8626451492e-9,1.0975697891e3,-2.3925834944e-4,2.2951395813e1,6.0983846787e-1,1.7112547539e-5,1.8626451492e-9,1.0975426742e3,-1.2641009836e-2,5.3901978044e0,4.4224715380e-1,1.1134300867e-1,1.2244835496e-2
33.230612,1.1042735316e3,-2.2901594719e-4,8.9341882553e1,6.5182624291e-1,2.5011104299e-12,-1.8626451492e-9,1.1042735244e3,-2.3772872521e-4,2.3085470520e1,6.1016120452e-1,1.6002991742e-5,9.3132257462e-10,1.1042469614e3,-1.2313787977e-2,5.4170144009e0,4.4324514844e-1,1.0986014373e-1,1.1924748309e-2
33.331633,1.1109976771e3,-2.2761371294e-4,8.9879814194e1,6.5191456612e-1,4.0927261580e-12,0.0000000000e0,1.1109976700e3,-2.3621403349e-4,2.3219953432e1,6.1048126399e-1,1.4962312889e-5,9.3132257462e-10,1.1109716511e3,-1.1994164498e-2,5.4439126157e0,4.4423741574e-1,1.0839260277e-1,1.1611990631e-2
33.432653,1.1177422328e3,-2.2622436911e-4,9.0419378654e1,6.5200210762e-1,2.5011104299e-12,-9.3132257462e-10,1.1177422259e3,-2.3471407549e-4,2.3354844549e1,6.1079867504e-1,1.3986435079e-5,0.0000000000e0,1.1177167424e3,-1.1681992426e-2,5.4708924458e0,4.4522398929e-1,1.0694030018e-1,1.1306432076e-2
33.533673,1.1245071988e3,-2.2484775754e-4,9.0960575934e1,6.5208887655e-1,3.1832314562e-12,0.0000000000e0,1.1245071920e3,-2.3322865588e-4,2.3490143870e1,6.1111346608e-1,1.3071575040e-5,1.8626451492e-9,1.1244822351e3,-1.1377126667e-2,5.4979538897e0,4.4620490271e-1,1.0550314952e-1,1.1007929221e-2
33.634694,1.1312925751e3,-2.2348372251e-4,9.1503406033e1,6.5217488192e-1,7.5033312896e-12,-9.3132257462e-10,1.1312925683e3,-2.3175758263e-4,2.3625851396e1,6.1142566513e-1,1.2214038861e-5,1.8626451492e-9,1.1312681300e3,-1.1079423874e-2,5.5250969510e0,4.4718018964e-1,1.0408106381e-1,1.0716359131e-2
33.735714,1.1380983616e3,-2.2213211068e-4,9.2047868951e1,6.5226013262e-1,6.3664629124e-12,0.0000000000e0,1.1380983549e3,-2.3030066706e-4,2.3761967127e1,6.1173529987e-1,1.1410411162e-5,-1.8626451492e-9,1.1380745317e3,-1.0788721384e-2,5.5523220473e0,4.4814989833e-1,1.0267395515e-1,1.0431584902e-2
33.836735,1.1449245583e3,-2.2079277104e-4,9.2593964689e1,6.5234463739e-1,4.5474735089e-13,0.0000000000e0,1.1449245517e3,-2.2885772365e-4,2.3898491063e1,6.1204239759e-1,1.0657511666e-5,-9.3132257462e-10,1.1449011252e3,-1.0504944666e-2,5.5796279198e0,4.4911401745e-1,1.0128173525e-1,1.0153478943e-2
33.937755,1.1517711653e3,-2.1946555488e-4,9.3141693246e1,6.5242840487e-1,1.5916157281e-12,9.3132257462e-10,1.1517711588e3,-2.2742857002e-4,2.4035423204e1,6.1234698527e-1,9.9522703749e-6,-2.7939677238e-9,1.1517482229e3,-1.0227892325e-2,5.6070158169e0,4.5007262452e-1,9.9904315116e-2,9.8819136620e-3
34.038776,1.1586381825e3,-2.1815031576e-4,9.3691054623e1,6.5251144357e-1,4.7748471843e-12,9.3132257462e-10,1.1586381761e3,-2.2601302690e-4,2.4172763550e1,6.1264908950e-1,9.2917821348e-6,1.8626451492e-9,1.1586157286e3,-9.9574488982e-3,5.6344853542e0,4.5102573897e-1,9.8541605113e-2,9.6167614684e-3
34.139796,1.1655256099e3,-2.1684690943e-4,9.4242048819e1,6.5259376186e-1,1.3642420527e-11,0.0000000000e0,1.1655256036e3,-2.2461091797e-4,2.4310512100e1,6.1294873657e-1,8.6733248281e-6,9.3132257462e-10,1.1655036324e3,-9.6934830638e-3,5.6620364921e0,4.5197339241e-1,9.7193515119e-2,9.3579003587e-3
34.240816,1.1724334476e3,-2.1555519383e-4,9.4794675834e1,6.5267536801e-1,8.1854523160e-12,9.3132257462e-10,1.1724334414e3,-2.2322206989e-4,2.4448668855e1,6.1324595238e-1,8.0944594174e-6,-9.3132257462e-10,1.1724119420e3,-9.4358619706e-3,5.6896692612e0,4.5291561878e-1,9.5859954432e-2,9.1052055359e-3
34.341837,1.1793616956e3,-2.1427502902e-4,9.5348935669e1,6.5275627016e-1,8.4128259914e-12,9.3132257462e-10,1.1793616894e3,-2.2184631217e-4,2.4587233815e1,6.1354076256e-1,7.5526056662e-6,0.0000000000e0,1.1793406503e3,-9.1844576067e-3,5.7173836329e0,4.5385244985e-1,9.4540831805e-2,8.8585549966e-3
34.442857,1.1863103538e3,-2.1300627717e-4,9.5904828323e1,6.5283647635e-1,2.5011104299e-12,9.3132257462e-10,1.1863103477e3,-2.2048347714e-4,2.4726206980e1,6.1383319236e-1,7.0456094363e-6,9.3132257462e-10,1.1862897625e3,-8.9391415467e-3,5.7451796278e0,4.5478391895e-1,9.3236055532e-2,8.6178304628e-3
34.543878,1.1932794222e3,-2.1174880251e-4,9.6462353797e1,6.5291599449e-1,2.5011104299e-12,-1.8626451492e-9,1.1932794162e3,-2.1913339990e-4,2.4865588350e1,6.1412326674e-1,6.5713431923e-6,-1.8626451492e-9,1.1932592769e3,-8.6997885723e-3,5.7730572395e0,4.5571005838e-1,9.1945533343e-2,8.3829108626e-3
34.644898,1.2002689008e3,-2.1050247127e-4,9.7021512090e1,6.5299483239e-1,7.2759576142e-12,9.3132257462e-10,1.2002688949e3,-2.1779591824e-4,2.5005377924e1,6.1441101034e-1,6.1277601162e-6,2.7939677238e-9,1.2002452027e3,-8.4669992615e-3,5.8010005054e0,4.5663037686e-1,9.0669172660e-2,8.1536853686e-3
34.745918,1.2072787898e3,-2.0926715169e-4,9.7582303203e1,6.5307299774e-1,1.3642420527e-12,-1.8626451492e-9,1.2072787839e3,-2.1647087258e-4,2.5145575704e1,6.1469644746e-1,5.7128524986e-6,-1.8626451492e-9,1.2072585184e3,-8.2386573294e-3,5.8290533371e0,4.5754634831e-1,8.9406880318e-2,7.9300329089e-3
34.846939,1.2143090889e3,-2.0804271394e-4,9.8144727135e1,6.5315049813e-1,2.0463630790e-12,-9.3132257462e-10,1.2143090831e3,-2.1515810596e-4,2.5286181688e1,6.1497960213e-1,5.3250498695e-6,9.3132257462e-10,1.2142902358e3,-8.0162815207e-3,5.8571797832e0,4.5845682208e-1,8.8158562831e-2,7.7118389308e-3
34.947959,1.2213597983e3,-2.0682903011e-4,9.8708783886e1,6.5322734104e-1,7.0485839387e-12,-9.3132257462e-10,1.2213597926e3,-2.1385746392e-4,2.5427195877e1,6.1526049805e-1,4.9625107295e-6,-9.3132257462e-10,1.2213413611e3,-7.7995638162e-3,5.8853838690e0,4.5936196558e-1,8.6924126252e-2,7.4990000576e-3
35.048980,1.2284309179e3,-2.0562597417e-4,9.9274473457e1,6.5330353386e-1,1.0004441720e-11,-9.3132257462e-10,1.2284309123e3,-2.1256879452e-4,2.5568618271e1,6.1553915863e-1,4.6237294100e-6,-9.3132257462e-10,1.2284128889e3,-7.5882102863e-3,5.9136695721e0,4.6026194006e-1,8.5703476281e-2,7.2913970798e-3
35.150000,1.2355224478e3,-2.0443342196e-4,9.9841795847e1,6.5337908385e-1,5.9117155615e-12,-9.3132257462e-10,1.2355224423e3,-2.1129194822e-4,2.5710448870e1,6.1581560699e-1,4.3071938762e-6,0.0000000000e0,1.2355048199e3,-7.3821066817e-3,5.9420368952e0,4.6115677731e-1,8.4496518225e-2,7.0889266208e-3
35.251020,1.2426343879e3,-2.0325125109e-4,1.0041075106e2,6.5345399818e-1,4.0927261580e-12,1.8626451492e-9,1.2426343825e3,-2.1002677790e-4,2.5852687673e1,6.1608986595e-1,4.0114916828e-6,0.0000000000e0,1.2426171493e3,-7.1811415597e-3,5.9704858189e0,4.6204650833e-1,8.3303157249e-2,6.8914834410e-3
35.352041,1.2497667383e3,-2.0207934100e-4,1.0098133909e2,6.5352828394e-1,2.2737367544e-13,9.3132257462e-10,1.2497667329e3,-2.0877313876e-4,2.5995334682e1,6.1636195805e-1,3.7353572679e-6,9.3132257462e-10,1.2497498908e3,-6.9852021985e-3,5.9990163982e0,4.6293116629e-1,8.2123297908e-2,6.6989557818e-3
35.453061,1.2569194989e3,-2.0091757285e-4,1.0155355993e2,6.5360194810e-1,4.3200998334e-12,1.8626451492e-9,1.2569194936e3,-2.0753088830e-4,2.6138389895e1,6.1663190555e-1,3.4775077893e-6,0.0000000000e0,1.2569024089e3,-6.7942830465e-3,6.0276260911e0,4.6381070463e-1,8.0956844678e-2,6.5112430602e-3
35.554082,1.2640926698e3,-1.9976582954e-4,1.0212741360e2,6.5367499754e-1,1.3642420527e-12,-1.8626451492e-9,1.2640926645e3,-2.0629988625e-4,2.6281853313e1,6.1689973041e-1,3.2368393477e-6,-9.3132257462e-10,1.2640754539e3,-6.6081531446e-3,6.0563178988e0,4.6468524761e-1,7.9803701656e-2,6.3282446936e-3
35.655102,1.2712862509e3,-1.9862399565e-4,1.0270290009e2,6.5374743904e-1,8.1854523160e-12,-9.3132257462e-10,1.2712862457e3,-2.0507999457e-4,2.6425724936e1,6.1716545436e-1,3.0121320833e-6,-9.3132257462e-10,1.2712694054e3,-6.4266486777e-3,6.0850933392e0,4.6555487155e-1,7.8663772819e-2,6.1498545110e-3
35.756122,1.2785002422e3,-1.9749195742e-4,1.0328001940e2,6.5381927930e-1,5.0022208598e-12,0.0000000000e0,1.2785002371e3,-2.0387107736e-4,2.6570004764e1,6.1742909882e-1,2.8024692256e-6,-9.3132257462e-10,1.2784859943e3,-6.2494012866e-3,6.1139593354e0,4.6641981243e-1,7.7536961674e-2,5.9759784490e-3
35.857143,1.2857346438e3,-1.9636960275e-4,1.0385877152e2,6.5389052492e-1,4.5474735089e-13,0.0000000000e0,1.2857346387e3,-2.0267300086e-4,2.6714692797e1,6.1769068496e-1,2.6069021715e-6,-9.3132257462e-10,1.2857196268e3,-6.0771801027e-3,6.1428935132e0,4.6727943206e-1,7.6423171746e-2,5.8065215126e-3
35.958163,1.2929894556e3,-1.9525682110e-4,1.0443915647e2,6.5396118242e-1,0.0000000000e0,0.0000000000e0,1.2929894506e3,-2.0148563337e-4,2.6859789034e1,6.1795023369e-1,2.4244561700e-6,9.3132257462e-10,1.2929747830e3,-5.9091876863e-3,6.1719137926e0,4.6813429705e-1,7.5322306271e-2,5.6413812563e-3
36.059184,1.3002646777e3,-1.9415350355e-4,1.0502117424e2,6.5403125822e-1,3.8653524825e-12,-9.3132257462e-10,1.3002646727e3,-2.0030884523e-4,2.7005293477e1,6.1820776566e-1,2.2543576961e-6,0.0000000000e0,1.3002479426e3,-5.7458565591e-3,6.2010060928e0,4.6898402480e-1,7.4234268273e-2,5.4804692045e-3
36.160204,1.3075603100e3,-1.9305954270e-4,1.0560482482e2,6.5410075864e-1,3.8653524825e-12,-9.3132257462e-10,1.3075603051e3,-1.9914250879e-4,2.7151206124e1,6.1846330125e-1,2.0957213565e-6,1.8626451492e-9,1.3075463097e3,-5.5860201958e-3,6.2301992278e0,4.6982948398e-1,7.3158960578e-2,5.3236875683e-3
36.261224,1.3148763526e3,-1.9197483270e-4,1.0619010822e2,6.5416968995e-1,1.5916157281e-12,2.7939677238e-9,1.3148763477e3,-1.9798649836e-4,2.7297526976e1,6.1871686062e-1,1.9478982267e-6,2.7939677238e-9,1.3148616406e3,-5.4308044614e-3,6.2594602257e0,4.7066974745e-1,7.2096286075e-2,5.1709515974e-3
36.362245,1.3222128054e3,-1.9089926918e-4,1.0677702445e2,6.5423805832e-1,1.8189894035e-12,0.0000000000e0,1.3222128006e3,-1.9684069015e-4,2.7444256033e1,6.1896846366e-1,1.8100881789e-6,0.0000000000e0,1.3222008384e3,-5.2791131103e-3,6.2888166962e0,4.7150563838e-1,7.1046147285e-2,5.0221616402e-3
36.463265,1.3295696684e3,-1.8983274925e-4,1.0736557349e2,6.5430586982e-1,6.8212102633e-13,-9.3132257462e-10,1.3295696637e3,-1.9570496229e-4,2.7591393294e1,6.1921813001e-1,1.6817252799e-6,0.0000000000e0,1.3295600113e3,-5.1314219567e-3,6.3182530741e0,4.7233673891e-1,7.0008446744e-2,4.8772394657e-3
36.564286,1.3369469417e3,-1.8877517147e-4,1.0795575535e2,6.5437313045e-1,1.3642420527e-12,-2.7939677238e-9,1.3369469370e3,-1.9457919476e-4,2.7738938761e1,6.1946587910e-1,1.5621417333e-6,-1.8626451492e-9,1.3369342087e3,-4.9883222787e-3,6.3477495566e0,4.7316252776e-1,6.8983086885e-2,4.7360938042e-3
36.665306,1.3443446252e3,-1.8772643581e-4,1.0854757004e2,6.5443984615e-1,3.1832314562e-12,0.0000000000e0,1.3443446206e3,-1.9346326933e-4,2.7886892433e1,6.1971173008e-1,1.4507379547e-6,9.3132257462e-10,1.3443321941e3,-4.8485011298e-3,6.3773411971e0,4.7398401905e-1,6.7969970057e-2,4.5986380428e-3
36.766327,1.3517627190e3,-1.8668644365e-4,1.0914101754e2,6.5450602275e-1,7.2759576142e-12,0.0000000000e0,1.3517627144e3,-1.9235706959e-4,2.8035254309e1,6.1995570192e-1,1.3470034901e-6,0.0000000000e0,1.3517516560e3,-4.7122027416e-3,6.4070187488e0,4.7480097912e-1,6.6968998553e-2,4.4647930190e-3
36.867347,1.3592012230e3,-1.8565509776e-4,1.0973609786e2,6.5457166601e-1,8.6401996668e-12,-2.7939677238e-9,1.3592012185e3,-1.9126048085e-4,2.8184024390e1,6.2019781330e-1,1.2504781353e-6,-9.3132257462e-10,1.3591922103e3,-4.5793995651e-3,6.4367806762e0,4.7561339251e-1,6.5980074630e-2,4.3344711885e-3
36.968367,1.3666601373e3,-1.8463230222e-4,1.1033281100e2,6.5463678163e-1,5.2295945352e-12,9.3132257462e-10,1.3666601328e3,-1.9017339016e-4,2.8333202676e1,6.2043808272e-1,1.1605852706e-6,-2.7939677238e-9,1.3666485748e3,-4.4506998030e-3,6.4666058509e0,4.7642071675e-1,6.5003100543e-2,4.2076008394e-3
37.069388,1.3741394618e3,-1.8361796249e-4,1.1093115696e2,6.5470137523e-1,6.8212102633e-13,9.3132257462e-10,1.3741394574e3,-1.8909568624e-4,2.8482789167e1,6.2067652844e-1,1.0769238088e-6,-2.7939677238e-9,1.3741281776e3,-4.3250431308e-3,6.4965239840e0,4.7722378774e-1,6.4037978494e-2,4.0840907022e-3
37.170408,1.3816391965e3,-1.8261198531e-4,1.1153113574e2,6.5476545233e-1,3.6379788071e-12,0.0000000000e0,1.3816391922e3,-1.8802725949e-4,2.8632783863e1,6.2091316850e-1,9.9911608231e-7,1.8626451492e-9,1.3816281845e3,-4.2027239171e-3,6.5265237393e0,4.7802232602e-1,6.3084610750e-2,3.9638718590e-3
37.271429,1.3891593415e3,-1.8161427871e-4,1.1213274734e2,6.5482901841e-1,1.3642420527e-12,0.0000000000e0,1.3891593372e3,-1.8696800193e-4,2.8783186763e1,6.2114802071e-1,9.2678715191e-7,0.0000000000e0,1.3891496875e3,-4.0835279517e-3,6.5566094840e0,4.7881647507e-1,6.2142899513e-2,3.8468642160e-3
37.372449,1.3966998967e3,-1.8062475198e-4,1.1273599176e2,6.5489207886e-1,1.8189894035e-12,-2.7939677238e-9,1.3966998925e3,-1.8591780714e-4,2.8933997869e1,6.2138110268e-1,8.5943111117e-7,-9.3132257462e-10,1.3966894141e3,-3.9677854019e-3,6.5867681290e0,4.7960591921e-1,6.1212747125e-2,3.7329951301e-3
37.473469,1.4042608622e3,-1.7964331566e-4,1.1334086899e2,6.5495463900e-1,9.0949470177e-13,0.0000000000e0,1.4042608580e3,-1.8487657032e-4,2.9085217179e1,6.2161243181e-1,7.9683013610e-7,9.3132257462e-10,1.4042472728e3,-3.8554198022e-3,6.6169993086e0,4.8039068300e-1,6.0294055927e-2,3.6221873015e-3
37.574490,1.4118422379e3,-1.7866988153e-4,1.1394737905e2,6.5501670410e-1,1.4097167877e-11,0.0000000000e0,1.4118422338e3,-1.8384418819e-4,2.9236844694e1,6.2184202528e-1,7.3867840911e-7,9.3132257462e-10,1.4118322619e3,-3.7452753113e-3,6.6473390134e0,4.8117172346e-1,5.9386728376e-2,3.5143746063e-3
37.675510,1.4194440239e3,-1.7770436255e-4,1.1455552193e2,6.5507827933e-1,5.0022208598e-12,-9.3132257462e-10,1.4194440198e3,-1.8282055896e-4,2.9388880414e1,6.2206990008e-1,6.8458007263e-7,9.3132257462e-10,1.4194342935e3,-3.6384969277e-3,6.6777468942e0,4.8194802519e-1,5.8490666956e-2,3.4094816074e-3
37.776531,1.4270662201e3,-1.7674667286e-4,1.1516529763e2,6.5513936981e-1,1.4324541553e-11,1.8626451492e-9,1.4270662161e3,-1.8180558236e-4,2.9541324339e1,6.2229607299e-1,6.3434322328e-7,9.3132257462e-10,1.4270567302e3,-3.5346077906e-3,6.7082364006e0,4.8271996386e-1,5.7605774284e-2,3.3074356616e-3
37.877551,1.4347088266e3,-1.7579672779e-4,1.1577670614e2,6.5519998060e-1,6.8212102633e-12,1.8626451492e-9,1.4347088226e3,-1.8079915955e-4,2.9694176469e1,6.2252056057e-1,5.8767568589e-7,9.3132257462e-10,1.4346995721e3,-3.4335382751e-3,6.7388075329e0,4.8348756720e-1,5.6731953111e-2,3.2081780955e-3
37.978571,1.4423718433e3,-1.7485444380e-4,1.1638974748e2,6.5526011668e-1,2.0463630790e-12,9.3132257462e-10,1.4423718393e3,-1.7980119315e-4,2.9847436804e1,6.2274337922e-1,5.4432734942e-7,0.0000000000e0,1.4423628195e3,-3.3352201157e-3,6.7694602921e0,4.8425086280e-1,5.5869106229e-2,3.1116362661e-3
38.079592,1.4500552702e3,-1.7391973847e-4,1.1700442163e2,6.5531978298e-1,1.1596057448e-11,-3.7252902985e-9,1.4500552663e3,-1.7881158715e-4,3.0001105343e1,6.2296454513e-1,5.0408038987e-7,-1.8626451492e-9,1.4500464717e3,-3.2395865353e-3,6.8001946757e0,4.8500987800e-1,5.5017136697e-2,3.0177384615e-3
38.180612,1.4577591074e3,-1.7299253051e-4,1.1762072861e2,6.5537898435e-1,2.2737367544e-13,1.8626451492e-9,1.4577591035e3,-1.7783024696e-4,3.0155182087e1,6.2318407427e-1,4.6667310016e-7,0.0000000000e0,1.4577505296e3,-3.1465719497e-3,6.8310106867e0,4.8576464013e-1,5.4175947638e-2,2.9264353216e-3
38.281633,1.4654833548e3,-1.7207273969e-4,1.1823866840e2,6.5543772560e-1,5.4569682106e-12,0.0000000000e0,1.4654833510e3,-1.7685707933e-4,3.0309667037e1,6.2340198248e-1,4.3199065658e-7,1.8626451492e-9,1.4654749935e3,-3.0561121717e-3,6.8619083263e0,4.8651517632e-1,5.3345442360e-2,2.8376523405e-3
38.382653,1.4732280125e3,-1.7116028688e-4,1.1885824101e2,6.5549601145e-1,6.3664629124e-12,3.7252902985e-9,1.4732280087e3,-1.7589199234e-4,3.0464560191e1,6.2361828535e-1,3.9979136091e-7,-1.8626451492e-9,1.4732198621e3,-2.9681444951e-3,6.8928875893e0,4.8726151337e-1,5.2525524378e-2,2.7513317764e-3
38.483673,1.4809930804e3,-1.7025509400e-4,1.1947944645e2,6.5555384658e-1,1.1368683772e-12,0.0000000000e0,1.4809930767e3,-1.7493489539e-4,3.0619861550e1,6.2383299833e-1,3.6992719288e-7,0.0000000000e0,1.4809851367e3,-2.8826072341e-3,6.9239484813e0,4.8800367822e-1,5.1716097466e-2,2.6674121618e-3
38.584694,1.4887785586e3,-1.6935708400e-4,1.2010228470e2,6.5561123561e-1,4.0927261580e-12,1.8626451492e-9,1.4887785549e3,-1.7398569916e-4,3.0775571114e1,6.2404613668e-1,3.4226354728e-7,1.8626451492e-9,1.4887708171e3,-2.7994401601e-3,6.9550910007e0,4.8874169744e-1,5.0917065403e-2,2.5858357549e-3
38.685714,1.4965844470e3,-1.6846618087e-4,1.2072675577e2,6.5566818309e-1,5.9117155615e-12,1.8626451492e-9,1.4965844433e3,-1.7304431561e-4,3.0931688882e1,6.2425771547e-1,3.1654622035e-7,-1.8626451492e-9,1.4965777595e3,-2.7184983523e-3,6.9863185723e0,4.8947567771e-1,5.0128332349e-2,2.5065504014e-3
38.786735,1.5044107456e3,-1.6758230958e-4,1.2135285966e2,6.5572469353e-1,2.7284841053e-12,0.0000000000e0,1.5044107420e3,-1.7211065793e-4,3.1088214856e1,6.2446774960e-1,2.9270790947e-7,1.8626451492e-9,1.5044079231e3,-2.6395345062e-3,7.0176390325e0,4.9020582538e-1,4.9349802666e-2,2.4294797331e-3
38.887755,1.5122574545e3,-1.6670539610e-4,1.2198059637e2,6.5578077136e-1,1.8189894035e-12,-1.8626451492e-9,1.5122574509e3,-1.7118464053e-4,3.1245149034e1,6.2467625379e-1,2.7060400498e-7,1.8626451492e-9,1.5122502934e3,-2.5635761840e-3,7.0490083259e0,4.9093114540e-1,4.8581381037e-2,2.3545902222e-3
38.988776,1.5201245736e3,-1.6583536740e-4,1.2260996590e2,6.5583642097e-1,9.0949470177e-13,1.8626451492e-9,1.5201245701e3,-1.7026617903e-4,3.1402491417e1,6.2488324261e-1,2.5015106075e-7,-3.7252902985e-9,1.5201175975e3,-2.4893121056e-3,7.0804773573e0,4.9165284538e-1,4.7822972132e-2,2.2818166763e-3
39.089796,1.5280121030e3,-1.6497215136e-4,1.2324096825e2,6.5589164669e-1,6.8212102633e-13,1.8626451492e-9,1.5280120995e3,-1.6935519023e-4,3.1560242006e1,6.2508873043e-1,2.3117968340e-7,-1.8626451492e-9,1.5280053077e3,-2.4171354069e-3,7.1120280173e0,4.9237053057e-1,4.7074481265e-2,2.2111032158e-3
39.190816,1.5359200426e3,-1.6411567686e-4,1.2387360342e2,6.5594645280e-1,1.1141310097e-11,0.0000000000e0,1.5359200392e3,-1.6845159210e-4,3.1718400799e1,6.2529273147e-1,2.1359187485e-7,0.0000000000e0,1.5359134241e3,-2.3469930938e-3,7.1436603061e0,4.9308422669e-1,4.6335813731e-2,2.1424032748e-3
39.291837,1.5438483925e3,-1.6326587367e-4,1.2450787141e2,6.5600084352e-1,1.8189894035e-12,0.0000000000e0,1.5438483891e3,-1.6755530373e-4,3.1876967797e1,6.2549525979e-1,1.9731555767e-7,-1.8626451492e-9,1.5438419462e3,-2.2788333652e-3,7.1753742221e0,4.9379395923e-1,4.5606875186e-2,2.0756646991e-3
39.392857,1.5517971526e3,-1.6242267248e-4,1.2514377222e2,6.5605482302e-1,6.8212102633e-12,1.8626451492e-9,1.5517971492e3,-1.6666624533e-4,3.2035942999e1,6.2569632927e-1,1.8224454834e-7,-1.8626451492e-9,1.5517908756e3,-2.2126053908e-3,7.2071697708e0,4.9449975372e-1,4.4887571720e-2,2.0108390599e-3
39.493878,1.5597663229e3,-1.6158600489e-4,1.2578130585e2,6.5610839542e-1,5.4569682106e-12,0.0000000000e0,1.5597663196e3,-1.6578433825e-4,3.2195326407e1,6.2589595366e-1,1.6825447346e-7,-1.8626451492e-9,1.5597602109e3,-2.1482596827e-3,7.2390469474e0,4.9520163527e-1,4.4177809603e-2,1.9478760660e-3
39.594898,1.5677559035e3,-1.6075580338e-4,1.2642047229e2,6.5616156478e-1,6.5938365879e-12,-1.8626451492e-9,1.5677559002e3,-1.6490950489e-4,3.2355118020e1,6.2609414651e-1,1.5533169062e-7,-1.8626451492e-9,1.5677499524e3,-2.0857477233e-3,7.2710057522e0,4.9589962898e-1,4.3477495398e-2,1.8867272884e-3
39.695918,1.5757658943e3,-1.5993200130e-4,1.2706127156e2,6.5621433512e-1,2.2737367544e-12,0.0000000000e0,1.5757658911e3,-1.6404166871e-4,3.2515317837e1,6.2629092126e-1,1.4336751519e-7,-1.8626451492e-9,1.5757619574e3,-2.0248629825e-3,7.3030536145e0,4.9659392014e-1,4.2786536090e-2,1.8273424357e-3
39.796939,1.5837962954e3,-1.5911453287e-4,1.2770370365e2,6.5626671042e-1,1.3642420527e-12,0.0000000000e0,1.5837962922e3,-1.6318075425e-4,3.2675925859e1,6.2648629115e-1,1.3230533114e-7,-1.8626451492e-9,1.5837906560e3,-1.9660361850e-3,7.3351682555e0,4.9728405264e-1,4.2104838926e-2,1.7696823925e-3
39.897959,1.5918471067e3,-1.5830333316e-4,1.2834776855e2,6.5631869458e-1,2.0463630790e-12,-1.8626451492e-9,1.5918471036e3,-1.6232668706e-4,3.2836942086e1,6.2668026930e-1,1.2208374756e-7,3.7252902985e-9,1.5918416176e3,-1.9087449514e-3,7.3673719515e0,4.9797053192e-1,4.1432311695e-2,1.7136931419e-3
39.998980,1.5999183283e3,-1.5749833804e-4,1.2899346627e2,6.5637029147e-1,9.0949470177e-13,-1.8626451492e-9,1.5999183252e3,-1.6147939371e-4,3.2998366518e1,6.2687286868e-1,1.1262454791e-7,3.7252902985e-9,1.5999129859e3,-1.8531039451e-3,7.3996572781e0,4.9865322220e-1,4.0768862213e-2,1.6593430191e-3
40.100000,1.6080099601e3,-1.5669948423e-4,1.2964079682e2,6.5642150492e-1,2.2737367544e-13,1.8626451492e-9,1.6080099571e3,-1.6063880176e-4,3.3160199155e1,6.2706410209e-1,1.0384792404e-7,3.7252902985e-9,1.6080047610e3,-1.7990698542e-3,7.4320242354e0,4.9933214781e-1,4.0114398950e-2,1.6065780073e-3
40.201020,1.6161220021e3,-1.5590670924e-4,1.3028976018e2,6.5647233871e-1,0.0000000000e0,0.0000000000e0,1.6161219992e3,-1.5980483974e-4,3.3322439997e1,6.2725398221e-1,9.5775703812e-8,0.0000000000e0,1.6161169430e3,-1.7466003429e-3,7.4644728236e0,5.0000733290e-1,3.9468830680e-2,1.5553645790e-3
40.302041,1.6242544544e3,-1.5511995140e-4,1.3094035636e2,6.5652279656e-1,0.0000000000e0,0.0000000000e0,1.6242544515e3,-1.5897743718e-4,3.3485089044e1,6.2744252156e-1,8.8277374743e-8,0.0000000000e0,1.6242495320e3,-1.6956540356e-3,7.4970030428e0,5.0067880151e-1,3.8832066395e-2,1.5056580305e-3
40.403061,1.6324073169e3,-1.5433914980e-4,1.3159258536e2,6.5657288215e-1,1.2732925825e-11,-1.8626451492e-9,1.6324073141e3,-1.5815652453e-4,3.3648146295e1,6.2762973252e-1,8.1372490968e-8,0.0000000000e0,1.6324025279e3,-1.6461905160e-3,7.5296148932e0,5.0134657750e-1,3.8204015717e-2,1.4574173838e-3
40.504082,1.6405805896e3,-1.5356424430e-4,1.3224644717e2,6.5662259913e-1,5.2295945352e-12,1.8626451492e-9,1.6405805869e3,-1.5734203318e-4,3.3811611752e1,6.2781562733e-1,7.5002390076e-8,0.0000000000e0,1.6405759309e3,-1.5981702971e-3,7.5623083751e0,5.0201068458e-1,3.7584588591e-2,1.4106109738e-3
40.605102,1.6487742726e3,-1.5279517552e-4,1.3290194181e2,6.5667195109e-1,2.0463630790e-12,-1.8626451492e-9,1.6487742700e3,-1.5653389543e-4,3.3975485413e1,6.2800021810e-1,6.9145926318e-8,-1.8626451492e-9,1.6487697410e3,-1.5515548073e-3,7.5950834885e0,5.0267114633e-1,3.6973695373e-2,1.3651866466e-3
40.706122,1.6569883657e3,-1.5203188485e-4,1.3355906926e2,6.5672094158e-1,1.1368683772e-12,1.8626451492e-9,1.6569883633e3,-1.5573204450e-4,3.4139767279e1,6.2818351679e-1,6.3680545281e-8,-1.8626451492e-9,1.6569839583e3,-1.5063063716e-3,7.6279402338e0,5.0332798616e-1,3.6371246770e-2,1.3211164623e-3
40.807143,1.6652228691e3,-1.5127431439e-4,1.3421782953e2,6.5676957411e-1,3.8653524825e-12,-1.8626451492e-9,1.6652228669e3,-1.5493641448e-4,3.4304457350e1,6.2836553524e-1,5.8604427977e-8,1.8626451492e-9,1.6652185829e3,-1.4623881972e-3,7.6608786110e0,5.0398122735e-1,3.5777153918e-2,1.2783687562e-3
40.908163,1.6734777827e3,-1.5052240698e-4,1.3487822262e2,6.5681785215e-1,1.0004441720e-11,0.0000000000e0,1.6734777807e3,-1.5414694034e-4,3.4469555626e1,6.2854628515e-1,5.3994426708e-8,0.0000000000e0,1.6734736147e3,-1.4197643623e-3,7.6938986204e0,5.0463089301e-1,3.5191328531e-2,1.2368969619e-3
41.009184,1.6817531066e3,-1.4977610616e-4,1.3554024852e2,6.5686577912e-1,3.6379788071e-12,0.0000000000e0,1.6817531047e3,-1.5336355791e-4,3.4635062107e1,6.2872577809e-1,4.9692516768e-8,0.0000000000e0,1.6817490539e3,-1.3783997896e-3,7.7270002621e0,5.0527700613e-1,3.4613682629e-2,1.1966712773e-3
41.110204,1.6900488406e3,-1.4903535619e-4,1.3620390724e2,6.5691335841e-1,8.6401996668e-12,0.0000000000e0,1.6900488390e3,-1.5258620387e-4,3.4800976792e1,6.2890402550e-1,4.5727119868e-8,1.8626451492e-9,1.6900449005e3,-1.3382602377e-3,7.7601835363e0,5.0591958952e-1,3.4044128754e-2,1.1576563120e-3
41.211224,1.6983649848e3,-1.4830010201e-4,1.3686919877e2,6.5696059335e-1,1.4551915228e-11,0.0000000000e0,1.6983649835e3,-1.5181481574e-4,3.4967299683e1,6.2908103868e-1,4.2060491978e-8,1.8626451492e-9,1.6983611546e3,-1.2993122797e-3,7.7934484432e0,5.0655866586e-1,3.3482579812e-2,1.1198278517e-3
41.312245,1.7067015392e3,-1.4757028925e-4,1.3753612312e2,6.5700748726e-1,5.4569682106e-12,0.0000000000e0,1.7067015383e3,-1.5104933182e-4,3.5134030778e1,6.2925682884e-1,3.8709458750e-8,0.0000000000e0,1.7066978163e3,-1.2615232972e-3,7.8267949829e0,5.0719425770e-1,3.2928949387e-2,1.0831393301e-3
41.413265,1.7150585037e3,-1.4684586421e-4,1.3820468027e2,6.5705404340e-1,2.9558577808e-12,-1.8626451492e-9,1.7150585033e3,-1.5028969127e-4,3.5301170079e1,6.2943140702e-1,3.5630591810e-8,0.0000000000e0,1.7150548855e3,-1.2248614458e-3,7.8602231557e0,5.0782638741e-1,3.2383151165e-2,1.0475683957e-3
41.514286,1.7234358784e3,-1.4612677385e-4,1.3887487024e2,6.5710026500e-1,5.6843418861e-12,1.8626451492e-9,1.7234358786e3,-1.4953583400e-4,3.5468717584e1,6.2960478418e-1,3.2752723200e-8,0.0000000000e0,1.7234323624e3,-1.1892956616e-3,7.8937329617e0,5.0845507725e-1,3.1845099592e-2,1.0130833834e-3
41.615306,1.7318336632e3,-1.4541296580e-4,1.3954669301e2,6.5714615525e-1,8.8675733423e-12,0.0000000000e0,1.7318336641e3,-1.4878770073e-4,3.5636673294e1,6.2977697112e-1,3.0111323213e-8,1.8626451492e-9,1.7318302470e3,-1.1547956350e-3,7.9273244010e0,5.0908034931e-1,3.1314709575e-2,9.7965449095e-4
41.716327,1.7402518580e3,-1.4470438831e-4,1.4022014859e2,6.5719171729e-1,8.4128259914e-12,1.8626451492e-9,1.7402518599e3,-1.4804523292e-4,3.5805037209e1,6.2994797855e-1,2.7674559533e-8,0.0000000000e0,1.7402485393e3,-1.1213317923e-3,7.9609974738e0,5.0970222554e-1,3.0791896351e-2,9.4724260271e-4
41.817347,1.7486904630e3,-1.4400099027e-4,1.4089523697e2,6.5723695425e-1,4.0927261580e-12,3.7252902985e-9,1.7486904659e3,-1.4730837281e-4,3.5973809329e1,6.3011781705e-1,2.5440840545e-8,0.0000000000e0,1.7486872394e3,-1.0888752913e-3,7.9947521802e0,5.1032072776e-1,3.0276575848e-2,9.1582909226e-4
41.918367,1.7571494779e3,-1.4330272120e-4,1.4157195815e2,6.5728186920e-1,4.5474735089e-13,1.8626451492e-9,1.7571494821e3,-1.4657706338e-4,3.6142989653e1,6.3028649708e-1,2.3390157367e-8,1.8626451492e-9,1.7571463474e3,-1.0573979941e-3,8.0285885205e0,5.1093587763e-1,2.9768664260e-2,8.8538788259e-4
42.019388,1.7656289028e3,-1.4260953123e-4,1.4225031212e2,6.5732646519e-1,2.5011104299e-12,-3.7252902985e-9,1.7656289086e3,-1.4585124833e-4,3.6312578183e1,6.3045402900e-1,2.1496816771e-8,-1.8626451492e-9,1.7656258634e3,-1.0268724677e-3,8.0625064948e0,5.1154769669e-1,2.9268078562e-2,8.5588917136e-4
42.120408,1.7741287376e3,-1.4192137112e-4,1.4293029888e2,6.5737074523e-1,1.0913936421e-11,0.0000000000e0,1.7741287453e3,-1.4513087210e-4,3.6482574917e1,6.3062042303e-1,1.9727849576e-8,0.0000000000e0,1.7741257872e3,-9.9727195633e-4,8.0965061031e0,5.1215620632e-1,2.8774736077e-2,8.2730129361e-4
42.221429,1.7826489822e3,-1.4123819218e-4,1.4361191842e2,6.5741471230e-1,4.7748471843e-12,0.0000000000e0,1.7826489923e3,-1.4441587982e-4,3.6652979857e1,6.3078568931e-1,1.8135779101e-8,0.0000000000e0,1.7826461191e3,-9.6857036860e-4,8.1305873458e0,5.1276142777e-1,2.8288554490e-2,7.9960189760e-4
42.322449,1.7911896365e3,-1.4055994634e-4,1.4429517073e2,6.5745836933e-1,3.8653524825e-12,1.8626451492e-9,1.7911896495e3,-1.4370621732e-4,3.6823793001e1,6.3094983786e-1,1.6638296074e-8,0.0000000000e0,1.7911868590e3,-9.4074227525e-4,8.1647502229e0,5.1336338213e-1,2.7809452272e-2,7.7276676893e-4
42.423469,1.7997507005e3,-1.3988658613e-4,1.4498005581e2,6.5750171925e-1,1.1368683772e-11,-1.8626451492e-9,1.7997507170e3,-1.4300183115e-4,3.6995014350e1,6.3111287856e-1,1.5271325537e-8,0.0000000000e0,1.7997480071e3,-9.1376288564e-4,8.1989947345e0,5.1396209038e-1,2.7337348346e-2,7.4677541852e-4
42.524490,1.8083321740e3,-1.3921806460e-4,1.4566657364e2,6.5754476492e-1,2.5011104299e-12,-1.8626451492e-9,1.8083321947e3,-1.4230266849e-4,3.7166643904e1,6.3127482123e-1,1.4012357497e-8,0.0000000000e0,1.8083295633e3,-8.8760803428e-4,8.2333208808e0,5.1455757334e-1,2.6872162080e-2,7.2159245610e-4
42.625510,1.8169340568e3,-1.3855433541e-4,1.4635472420e2,6.5758750921e-1,5.0022208598e-12,0.0000000000e0,1.8169340826e3,-1.4160867723e-4,3.7338681663e1,6.3143567555e-1,1.2870941646e-8,1.8626451492e-9,1.8169315277e3,-8.6225417098e-4,8.2677286620e0,5.1514985169e-1,2.6413813416e-2,6.9720298052e-4
42.726531,1.8255563488e3,-1.3789535275e-4,1.4704450749e2,6.5762995492e-1,6.3664629124e-12,-3.7252902985e-9,1.8255563808e3,-1.4091980589e-4,3.7511127627e1,6.3159545110e-1,1.1787051335e-8,0.0000000000e0,1.8255539003e3,-8.3767834657e-4,8.3022180781e0,5.1573894600e-1,2.5962222830e-2,6.7357905209e-4
42.827551,1.8341990498e3,-1.3724107138e-4,1.4773592347e2,6.5767210485e-1,1.3642420527e-12,-1.8626451492e-9,1.8341990893e3,-1.4023600364e-4,3.7683981796e1,6.3175415738e-1,1.0849362297e-8,0.0000000000e0,1.8341966812e3,-8.1385819886e-4,8.3367891294e0,5.1632487668e-1,2.5517311294e-2,6.5070576966e-4
42.928571,1.8428621594e3,-1.3659144658e-4,1.4842897214e2,6.5771396177e-1,1.4779288904e-11,1.8626451492e-9,1.8428622079e3,-1.3955722030e-4,3.7857244169e1,6.3191180376e-1,9.9282715382e-9,0.0000000000e0,1.8428598705e3,-7.9077194352e-4,8.3714418159e0,5.1690766400e-1,2.5079000415e-2,6.2855891883e-4
43.029592,1.8515456775e3,-1.3594643416e-4,1.4912365345e2,6.5775552839e-1,9.0949470177e-13,0.0000000000e0,1.8515457369e3,-1.3888340631e-4,3.8030914748e1,6.3206839952e-1,9.1235961008e-9,-1.8626451492e-9,1.8515434681e3,-7.6839835760e-4,8.4061761378e0,5.1748732810e-1,2.4647212283e-2,6.0711801052e-4
43.130612,1.8602496035e3,-1.3530599049e-4,1.4981996739e2,6.5779680745e-1,3.1832314562e-12,3.7252902985e-9,1.8602496760e3,-1.3821451271e-4,3.8204993531e1,6.3222395385e-1,8.3612121671e-9,1.8626451492e-9,1.8602474742e3,-7.4671676767e-4,8.4409920952e0,5.1806388900e-1,2.4221869481e-2,5.8635696769e-4
43.231633,1.8689739372e3,-1.3467007241e-4,1.5051791390e2,6.5783780161e-1,1.3642420527e-12,0.0000000000e0,1.8689740255e3,-1.3755049119e-4,3.8379480519e1,6.3237847581e-1,7.6388460002e-9,0.0000000000e0,1.8689718887e3,-7.2570704298e-4,8.4758896882e0,5.1863736657e-1,2.3802895329e-2,5.6625530124e-4
43.332653,1.8777186779e3,-1.3403863731e-4,1.5121749294e2,6.5787851354e-1,2.7284841053e-12,-3.7252902985e-9,1.8777187851e3,-1.3689129400e-4,3.8554375712e1,6.3253197439e-1,7.0037913247e-9,0.0000000000e0,1.8777167117e3,-7.0534957420e-4,8.5108689170e0,5.1920778055e-1,2.3390213472e-2,5.4680556059e-4
43.433673,1.8864838251e3,-1.3341164307e-4,1.5191870446e2,6.5791894588e-1,3.8653524825e-12,-1.8626451492e-9,1.8864839550e3,-1.3623687400e-4,3.8729679110e1,6.3268445849e-1,6.4417235990e-9,-1.8626451492e-9,1.8864819433e3,-6.8562526924e-4,8.5459297816e0,5.1977515055e-1,2.2983748205e-2,5.2797794342e-4
43.534694,1.8952693781e3,-1.3278904806e-4,1.5262154839e2,6.5795910125e-1,2.2737367544e-13,1.8626451492e-9,1.8952695352e3,-1.3558718462e-4,3.8905390713e1,6.3283593689e-1,5.8553268900e-9,-1.8626451492e-9,1.8952675835e3,-6.6651554117e-4,8.5810722822e0,5.2033949604e-1,2.2583424461e-2,5.0975382328e-4
43.635714,1.9040753360e3,-1.3217081116e-4,1.5332602466e2,6.5799898225e-1,1.4779288904e-11,-1.8626451492e-9,1.9040755256e3,-1.3494217987e-4,3.9081510521e1,6.3298641830e-1,5.3973963077e-9,0.0000000000e0,1.9040736322e3,-6.4800229313e-4,8.6162964190e0,5.2090083637e-1,2.2189167645e-2,4.9211829901e-4
43.736735,1.9129016978e3,-1.3155689172e-4,1.5403213317e2,6.5803859146e-1,7.5033312896e-12,0.0000000000e0,1.9129019262e3,-1.3430181433e-4,3.9258038533e1,6.3313591132e-1,4.9228674470e-9,0.0000000000e0,1.9129000896e3,-6.3006790938e-4,8.6516021919e0,5.2145919075e-1,2.1800903733e-2,4.7505274415e-4
43.837755,1.9217484624e3,-1.3094724957e-4,1.5473987383e2,6.5807793145e-1,3.4106051316e-12,-1.8626451492e-9,1.9217487371e3,-1.3366604313e-4,3.9434974751e1,6.3328442446e-1,4.4926764531e-9,1.8626451492e-9,1.9217469558e3,-6.1269524519e-4,8.6869896012e0,5.2201457826e-1,2.1418559308e-2,4.5854412019e-4
43.938776,1.9306156283e3,-1.3034184502e-4,1.5544924651e2,6.5811700478e-1,1.2505552149e-11,1.8626451492e-9,1.9306159582e3,-1.3303482194e-4,3.9612319173e1,6.3343196616e-1,4.1341081669e-9,3.7252902985e-9,1.9306142306e3,-5.9586761353e-4,8.7224586469e0,5.2256701787e-1,2.1042061450e-2,4.4257566333e-4
44.039796,1.9395031941e3,-1.2974063883e-4,1.5616025106e2,6.5815581400e-1,1.0913936421e-11,0.0000000000e0,1.9395035896e3,-1.3240810697e-4,3.9790071801e1,6.3357854474e-1,3.7653080653e-9,3.7252902985e-9,1.9395019142e3,-5.7956878008e-4,8.7580093292e0,5.2311652840e-1,2.0671338001e-2,4.2711943388e-4
44.140816,1.9484111578e3,-1.2914359225e-4,1.5687288732e2,6.5819436163e-1,3.1832314562e-12,0.0000000000e0,1.9484116312e3,-1.3178585498e-4,3.9968232633e1,6.3372416846e-1,3.4362983570e-9,0.0000000000e0,1.9484100067e3,-5.6378293968e-4,8.7936416481e0,5.2366312854e-1,2.0306316932e-2,4.1217356920e-4
44.241837,1.9573395172e3,-1.2855066695e-4,1.5758715509e2,6.5823265022e-1,3.1832314562e-12,0.0000000000e0,1.9573400830e3,-1.3116802324e-4,4.0146801670e1,6.3386884549e-1,3.1707259041e-9,1.8626451492e-9,1.9573385079e3,-5.4849472704e-4,8.8293556038e0,5.2420683688e-1,1.9946927354e-2,3.9771944284e-4
44.342857,1.9662882697e3,-1.2796182509e-4,1.5830305414e2,6.5827068231e-1,5.2295945352e-12,-3.7252902985e-9,1.9662889452e3,-1.3055456953e-4,4.0325778912e1,6.3401258388e-1,2.8869635571e-9,0.0000000000e0,1.9662874181e3,-5.3368918750e-4,8.8651511964e0,5.2474767185e-1,1.9593098591e-2,3.8374215364e-4
44.443878,1.9752574125e3,-1.2737702924e-4,1.5902058421e2,6.5830846041e-1,3.8653524825e-12,1.8626451492e-9,1.9752582175e3,-1.2994545214e-4,4.0505164359e1,6.3415539164e-1,2.6379893825e-9,0.0000000000e0,1.9752567371e3,-5.1935177514e-4,8.9010284259e0,5.2528565178e-1,1.9244760565e-2,3.7021934986e-4
44.544898,1.9842469419e3,-1.2679624243e-4,1.5973974499e2,6.5834598708e-1,6.5938365879e-12,-1.8626451492e-9,1.9842479001e3,-1.2934062989e-4,4.0684958011e1,6.3429727668e-1,2.3997017706e-9,1.8626451492e-9,1.9842464651e3,-5.0546834643e-4,8.9369872925e0,5.2582079486e-1,1.8901843964e-2,3.5715103149e-4
44.645918,1.9932568541e3,-1.2621942812e-4,1.6046053611e2,6.5838326487e-1,1.4324541553e-11,1.8626451492e-9,1.9932579929e3,-1.2874006204e-4,4.0865159867e1,6.3443824682e-1,2.1941559680e-9,0.0000000000e0,1.9932566021e3,-4.9202514187e-4,8.9730277963e0,5.2635311917e-1,1.8564279792e-2,3.4451298416e-4
44.746939,2.0022871442e3,-1.2564655021e-4,1.6118295716e2,6.5842029635e-1,1.5006662579e-11,0.0000000000e0,2.0022884960e3,-1.2814370839e-4,4.1045769929e1,6.3457830979e-1,2.0227162167e-9,-1.8626451492e-9,2.0022871480e3,-4.7900878769e-4,9.0091499373e0,5.2688264264e-1,1.8231999944e-2,3.3229775727e-4
44.847959,2.0113378070e3,-1.2507757302e-4,1.6190700766e2,6.5845708410e-1,7.9580786405e-12,1.8626451492e-9,2.0113394093e3,-1.2755152919e-4,4.1226788195e1,6.3471747328e-1,1.7985257728e-9,0.0000000000e0,2.0113381030e3,-4.6640627613e-4,9.0453537156e0,5.2740938311e-1,1.7904936643e-2,3.2048486173e-4
44.948980,2.0204088361e3,-1.2451246129e-4,1.6263268705e2,6.5849363073e-1,5.2295945352e-12,0.0000000000e0,2.0204107329e3,-1.2696348517e-4,4.1408214667e1,6.3485574485e-1,1.6743797460e-9,0.0000000000e0,2.0204094671e3,-4.5420496134e-4,9.0816391314e0,5.2793335828e-1,1.7583022698e-2,3.0906498432e-4
45.050000,2.0295002243e3,-1.2395118021e-4,1.6335999469e2,6.5852993890e-1,4.3200998334e-12,-1.8626451492e-9,2.0295024667e3,-1.2637953751e-4,4.1590049343e1,6.3499313201e-1,1.5156729205e-9,-1.8626451492e-9,2.0295012403e3,-4.4239255229e-4,9.1180061847e0,5.2845458574e-1,1.7266191600e-2,2.9803812504e-4
45.151020,2.0386119633e3,-1.2339369536e-4,1.6408892984e2,6.5856601130e-1,6.5938365879e-12,-1.8626451492e-9,2.0386146108e3,-1.2579964788e-4,4.1772292224e1,6.3512964220e-1,1.3953922462e-9,0.0000000000e0,2.0386134225e3,-4.3095710395e-4,9.1544548756e0,5.2897308293e-1,1.6954377519e-2,2.8736516833e-4
45.252041,2.0477440435e3,-1.2283997274e-4,1.6481949164e2,6.5860185064e-1,1.0459189070e-11,3.7252902985e-9,2.0477471651e3,-1.2522377839e-4,4.1954943310e1,6.3526528276e-1,1.2835243979e-9,0.0000000000e0,2.0477460140e3,-4.1988700283e-4,9.1909852042e0,5.2948886722e-1,1.6647514952e-2,2.7706287801e-4
45.353061,2.0568964539e3,-1.2228997879e-4,1.6555167913e2,6.5863745972e-1,8.1854523160e-12,0.0000000000e0,2.0569001296e3,-1.2465189157e-4,4.2138002601e1,6.3540006096e-1,1.1641532183e-9,7.4505805969e-9,2.0568990146e3,-4.0917096522e-4,9.2275971706e0,5.3000195581e-1,1.6345539101e-2,2.6710331440e-4
45.454082,2.0660691817e3,-1.2174368032e-4,1.6628549118e2,6.5867284140e-1,1.1368683772e-11,-3.7252902985e-9,2.0660735044e3,-1.2408395043e-4,4.2321470097e1,6.3553398401e-1,1.1023075785e-9,-3.7252902985e-9,2.0660724244e3,-3.9879802926e-4,9.2642907748e0,5.3051236581e-1,1.6048385892e-2,2.5748834014e-4
45.555102,2.0752622126e3,-1.2120104460e-4,1.6702092651e2,6.5870799858e-1,1.1823431123e-11,-3.7252902985e-9,2.0752672895e3,-1.2351991840e-4,4.2505345797e1,6.3566705903e-1,9.9453245639e-10,-3.7252902985e-9,2.0752662434e3,-3.8875753719e-4,9.3010660170e0,5.3102011422e-1,1.5755991372e-2,2.4818629026e-4
45.656122,2.0844755298e3,-1.2066203928e-4,1.6775798365e2,6.5874293429e-1,1.4551915228e-11,0.0000000000e0,2.0844814847e3,-1.2295975931e-4,4.2689629703e1,6.3579929308e-1,9.1813490144e-10,7.4505805969e-9,2.0844804717e3,-3.7903914829e-4,9.3379228972e0,5.3152521789e-1,1.5468292998e-2,2.3920834064e-4
45.757143,2.0937091144e3,-1.2012663243e-4,1.6849666092e2,6.5877765161e-1,2.1827872843e-11,7.4505805969e-9,2.0937160903e3,-1.2240343745e-4,4.2874321813e1,6.3593069313e-1,8.1990947365e-10,0.0000000000e0,2.0937151093e3,-3.6963280298e-4,9.3748614155e0,5.3202769359e-1,1.5185227860e-2,2.3053213954e-4
45.858163,2.1029629447e3,-1.1959479254e-4,1.6923695642e2,6.5881215375e-1,3.3196556615e-11,0.0000000000e0,2.1029711060e3,-1.2185091751e-4,4.3059422129e1,6.3606126609e-1,7.5260686572e-10,3.7252902985e-9,2.1029701562e3,-3.6052873942e-4,9.4118815720e0,5.3252755795e-1,1.4906734203e-2,2.2216141224e-4
45.959184,2.1122369960e3,-1.1906648851e-4,1.6997886797e2,6.5884644404e-1,1.7735146685e-11,-3.7252902985e-9,2.1122465321e3,-1.2130216459e-4,4.3244930649e1,6.3619101880e-1,6.4619598561e-10,3.7252902985e-9,2.1122456124e3,-3.5171747593e-4,9.4489833667e0,5.3302482750e-1,1.4632750781e-2,2.1407380700e-4
46.060204,2.1215312404e3,-1.1854168966e-4,1.7072239310e2,6.5888052593e-1,3.1832314562e-11,3.7252902985e-9,2.1215423683e3,-1.2075714418e-4,4.3430847374e1,6.3631995804e-1,6.2391336542e-10,0.0000000000e0,2.1215414780e3,-3.4318980377e-4,9.4861667998e0,5.3351951864e-1,1.4363216846e-2,2.0626187325e-4
46.161224,2.1308456458e3,-1.1802036571e-4,1.7146752901e2,6.5891440301e-1,3.5925040720e-11,-7.4505805969e-9,2.1308586148e3,-1.2021582219e-4,4.3617172304e1,6.3644809050e-1,5.2750692703e-10,0.0000000000e0,2.1308577529e3,-3.3493677911e-4,9.5234318712e0,5.3401164768e-1,1.4098072066e-2,1.9871070981e-4
46.262245,2.1401801761e3,-1.1750248682e-4,1.7221427253e2,6.5894807906e-1,4.2291503632e-11,7.4505805969e-9,2.1401952716e3,-1.1967816491e-4,4.3803905439e1,6.3657542282e-1,4.7566572903e-10,3.7252902985e-9,2.1401944373e3,-3.2694972439e-4,9.5607785810e0,5.3450123079e-1,1.3837257107e-2,1.9143894315e-4
46.363265,2.1495347904e3,-1.1698802359e-4,1.7296262005e2,6.5898155801e-1,5.6388671510e-11,7.4505805969e-9,2.1495523386e3,-1.1914413902e-4,4.3991046779e1,6.3670196156e-1,4.5292836148e-10,3.7252902985e-9,2.1495515311e3,-3.1922020884e-4,9.5982069294e0,5.3498828405e-1,1.3580712734e-2,1.8440186977e-4
46.464286,2.1589094424e3,-1.1647694702e-4,1.7371256753e2,6.5901484399e-1,5.9571902966e-11,3.7252902985e-9,2.1589298158e3,-1.1861371158e-4,4.4178596324e1,6.3682771321e-1,3.8471625885e-10,3.7252902985e-9,2.1589290343e3,-3.1174005512e-4,9.6357169164e0,5.3547282342e-1,1.3328380749e-2,1.7761439085e-4
46.565306,2.1683040798e3,-1.1596922857e-4,1.7446411038e2,6.5904794135e-1,5.1841198001e-11,0.0000000000e0,2.1683277033e3,-1.1808685003e-4,4.4366554073e1,6.3695268423e-1,4.1472958401e-10,-3.7252902985e-9,2.1683269470e3,-3.0450132159e-4,9.6733085420e0,5.3595486475e-1,1.3080203178e-2,1.7106160522e-4
46.666327,2.1777186436e3,-1.1546484014e-4,1.7521724345e2,6.5908085468e-1,8.2309270510e-11,3.7252902985e-9,2.1777460010e3,-1.1756352218e-4,4.4554920028e1,6.3707688096e-1,3.7789504859e-10,3.7252902985e-9,2.1777452692e3,-2.9749630174e-4,9.7109818063e0,5.3643442378e-1,1.2836122679e-2,1.6473978758e-4
46.767347,2.1871530676e3,-1.1496375408e-4,1.7597196094e2,6.5911358878e-1,8.9585228125e-11,3.7252902985e-9,2.1871847090e3,-1.1704369621e-4,4.4743694187e1,6.3720030972e-1,3.3060132409e-10,0.0000000000e0,2.1871840009e3,-2.9071752021e-4,9.7487367094e0,5.3691151614e-1,1.2596082725e-2,1.5863031149e-4
46.868367,2.1966072773e3,-1.1446594320e-4,1.7672825635e2,6.5914614878e-1,9.4132701633e-11,-3.7252902985e-9,2.1966438272e3,-1.1652734064e-4,4.4932876551e1,6.3732297675e-1,2.7011992643e-10,-3.7252902985e-9,2.1966431422e3,-2.8415771862e-4,9.7865732514e0,5.3738615736e-1,1.2360026958e-2,1.5274062753e-4
46.969388,2.2060811890e3,-1.1397138079e-4,1.7748612239e2,6.5917854006e-1,1.2096279534e-10,0.0000000000e0,2.2061233557e3,-1.1601442437e-4,4.5122467120e1,6.3744488823e-1,2.7330315788e-10,0.0000000000e0,2.2061226929e3,-2.7780985892e-4,9.8244914322e0,5.3785836285e-1,1.2127899919e-2,1.4705955982e-4
47.070408,2.2155747092e3,-1.1348004063e-4,1.7824555089e2,6.5921076832e-1,1.2050804798e-10,0.0000000000e0,2.2156232944e3,-1.1550491666e-4,4.5312465895e1,6.3756605028e-1,2.6602720027e-10,-3.7252902985e-9,2.2156226533e3,-2.7166711184e-4,9.8624912520e0,5.3832814792e-1,1.1899646588e-2,1.4157220721e-4
47.171429,2.2250877331e3,-1.1299189697e-4,1.7900653274e2,6.5924283963e-1,1.3233147911e-10,0.0000000000e0,2.2251436433e3,-1.1499878707e-4,4.5502872874e1,6.3768646894e-1,2.0463630790e-10,0.0000000000e0,2.2251430232e3,-2.6572285203e-4,9.9005727108e0,5.3879552778e-1,1.1675212437e-2,1.3629347086e-4
47.272449,2.2346201439e3,-1.1250692460e-4,1.7976905777e2,6.5927476037e-1,1.6007106751e-10,0.0000000000e0,2.2346844025e3,-1.1449600555e-4,4.5693688057e1,6.3780615023e-1,1.7234924599e-10,3.7252902985e-9,2.2346838028e3,-2.5997065573e-4,9.9387358086e0,5.3926051752e-1,1.1454543699e-2,1.3118237257e-4
47.373469,2.2441718112e3,-1.1202509880e-4,1.8053311465e2,6.5930653735e-1,1.9690560293e-10,3.7252902985e-9,2.2442455720e3,-1.1399654236e-4,4.5884911446e1,6.3792510008e-1,1.5052137314e-10,3.7252902985e-9,2.2442449919e3,-2.5440429132e-4,9.9769805455e0,5.3972313213e-1,1.1237587022e-2,1.2626126409e-4
47.474490,2.2537425901e3,-1.1154639542e-4,1.8129869079e2,6.5933817776e-1,2.2737367544e-10,0.0000000000e0,2.2538271517e3,-1.1350036811e-4,4.6076543040e1,6.3804332435e-1,1.5961632016e-10,0.0000000000e0,2.2538265907e3,-2.4901771581e-4,1.0015306922e1,5.4018338650e-1,1.1024289612e-2,1.2151524425e-4
47.575510,2.2633323193e3,-1.1107079086e-4,1.8206577220e2,6.5936968922e-1,2.4874680093e-10,0.0000000000e0,2.2634291416e3,-1.1300745373e-4,4.6268582838e1,6.3816082888e-1,1.5916157281e-10,3.7252902985e-9,2.2634285992e3,-2.4380507007e-4,1.0053714937e1,5.4064129542e-1,1.0814599264e-2,1.1694803834e-4
47.676531,2.2729408201e3,-1.1059826208e-4,1.8283434340e2,6.5940107982e-1,2.8694557841e-10,3.7252902985e-9,2.2730515418e3,-1.1251777046e-4,4.6461030842e1,6.3827761943e-1,1.1732481653e-10,0.0000000000e0,2.2730510173e3,-2.3876067269e-4,1.0092204592e1,5.4109687357e-1,1.0608464258e-2,1.1252611876e-4
47.777551,2.2825678946e3,-1.1012878664e-4,1.8360438724e2,6.5943235810e-1,3.1468516681e-10,0.0000000000e0,2.2826943522e3,-1.1203128987e-4,4.6653887050e1,6.3839370169e-1,9.7770680441e-11,0.0000000000e0,2.2826938451e3,-2.3387901926e-4,1.0130775885e1,5.4155013553e-1,1.0405833752e-2,1.0827556252e-4
47.878571,2.2922133239e3,-1.0966234273e-4,1.8437588478e2,6.5946353312e-1,3.6470737541e-10,0.0000000000e0,2.2923575728e3,-1.1154798386e-4,4.6847151464e1,6.3850908133e-1,1.0413714335e-10,-7.4505805969e-9,2.2923570826e3,-2.2915476813e-4,1.0169428819e1,5.4200109578e-1,1.0206656882e-2,1.0416656733e-4
47.979592,2.3018768664e3,-1.0919890915e-4,1.8514881514e2,6.5949461445e-1,4.1472958401e-10,0.0000000000e0,2.3020412038e3,-1.1106782462e-4,4.7040824082e1,6.3862376393e-1,1.0004441720e-10,3.7252902985e-9,2.3020407299e3,-2.2458274661e-4,1.0208163391e1,5.4244976869e-1,1.0010883792e-2,1.0019913316e-4
48.080612,2.3115582561e3,-1.0873846539e-4,1.8592315533e2,6.5952561220e-1,4.8112269724e-10,3.7252902985e-9,2.3117452449e3,-1.1059078465e-4,4.7234904905e1,6.3873775503e-1,7.6852302300e-11,3.7252902985e-9,2.3117447868e3,-2.2015793972e-4,1.0246979603e1,5.4289616855e-1,9.8184649978e-3,9.6391886473e-5
48.181633,2.3212572000e3,-1.0828099158e-4,1.8669888009e2,6.5955653702e-1,5.2568793762e-10,3.7252902985e-9,2.3214696963e3,-1.1011683677e-4,4.7429393933e1,6.3885106012e-1,9.9134922493e-11,0.0000000000e0,2.3214692536e3,-2.1587548862e-4,1.0285877455e1,5.4334030953e-1,9.6293516608e-3,9.2722475529e-5
48.282653,2.3309733767e3,-1.0782646860e-4,1.8747596171e2,6.5958740014e-1,5.9890226112e-10,-3.7252902985e-9,2.3312145580e3,-1.0964595407e-4,4.7624291165e1,6.3896368462e-1,4.1382008931e-11,-3.7252902985e-9,2.3312141300e3,-2.1173068335e-4,1.0324856946e1,5.4378220572e-1,9.4434952930e-3,8.9168548584e-5
48.383673,2.3407064337e3,-1.0737487804e-4,1.8825436981e2,6.5961821339e-1,7.0076566772e-10,3.7252902985e-9,2.3409798298e3,-1.0917810995e-4,4.7819596603e1,6.3907563392e-1,7.8671291703e-11,-3.7252902985e-9,2.3409794163e3,-2.0771896133e-4,1.0363918077e1,5.4422187110e-1,9.2608480254e-3,8.5759907961e-5
48.484694,2.3504559854e3,-1.0692620224e-4,1.8903407122e2,6.5964898917e-1,7.7261574916e-10,7.4505805969e-9,2.3507655120e3,-1.0871327810e-4,4.8015310246e1,6.3918691335e-1,7.0031092037e-11,0.0000000000e0,2.3507651124e3,-2.0383590460e-4,1.0403060847e1,5.4465931955e-1,9.0813627712e-3,8.2466751337e-5
48.585714,2.3602216106e3,-1.0648042433e-4,1.8981502972e2,6.5967974049e-1,8.7447915575e-10,0.0000000000e0,2.3605716044e3,-1.0825143250e-4,4.8211432093e1,6.3929752816e-1,6.8212102633e-11,-3.7252902985e-9,2.3605712182e3,-2.0007722997e-4,1.0442285257e1,5.4509456486e-1,8.9049925873e-3,7.9292804003e-5
48.686735,2.3700028499e3,-1.0603752826e-4,1.9059720584e2,6.5971048096e-1,9.8771124613e-10,3.7252902985e-9,2.3703981070e3,-1.0779254741e-4,4.8407962146e1,6.3940748360e-1,5.6388671510e-11,0.0000000000e0,2.3703977339e3,-1.9643879037e-4,1.0481591307e1,5.4552762072e-1,8.7316912482e-3,7.6238065958e-5
48.787755,2.3797992033e3,-1.0559749880e-4,1.9138055668e2,6.5974122482e-1,1.0950316209e-9,1.1175870895e-8,2.3802450199e3,-1.0733659736e-4,4.8604900403e1,6.3951678482e-1,4.8203219194e-11,0.0000000000e0,2.3802446594e3,-1.9291656986e-4,1.0520978996e1,5.4595850073e-1,8.5614131158e-3,7.3287636042e-5
48.888776,2.3896101278e3,-1.0516032158e-4,1.9216503567e2,6.5977198686e-1,1.2369127944e-9,0.0000000000e0,2.3901123430e3,-1.0688355717e-4,4.8802246865e1,6.3962543696e-1,3.9108272176e-11,0.0000000000e0,2.3901119947e3,-1.8950667683e-4,1.0560448325e1,5.4638721840e-1,8.3941127873e-3,7.0456415415e-5
48.989796,2.3994350344e3,-1.0472598315e-4,1.9295059235e2,6.5980278252e-1,1.3642420527e-9,-3.7252902985e-9,2.4000000763e3,-1.0643340193e-4,4.9000001533e1,6.3973344507e-1,3.7744030124e-11,-3.7252902985e-9,2.3999997399e3,-1.8620534712e-4,1.0599999294e1,5.4681378712e-1,8.2297458803e-3,6.7725777626e-5
49.090816,2.4092732855e3,-1.0429447093e-4,1.9373717215e2,6.5983362778e-1,1.5302248357e-9,-7.4505805969e-9,2.4099082199e3,-1.0598610698e-4,4.9198164405e1,6.3984081420e-1,5.1386450650e-11,-3.7252902985e-9,2.4099078950e3,-1.8300893256e-4,1.0639631903e1,5.4723822023e-1,8.0682681082e-3,6.5088272095e-5
49.191837,2.4191241924e3,-1.0386577329e-4,1.9452471618e2,6.5986453918e-1,1.7039383238e-9,3.7252902985e-9,2.4198367738e3,-1.0554164795e-4,4.9396735481e1,6.3994754931e-1,4.4110493036e-11,-3.7252902985e-9,2.4198364599e3,-1.7991390247e-4,1.0679346152e1,5.4766053093e-1,7.9096358540e-3,6.2558799982e-5
49.292857,2.4289870126e3,-1.0343987958e-4,1.9531316097e2,6.5989553379e-1,1.9053914002e-9,0.0000000000e0,2.4297857379e3,-1.0510000072e-4,4.9595714763e1,6.4005365533e-1,2.2737367544e-11,7.4505805969e-9,2.4297854347e3,-1.7691683859e-4,1.0719142040e1,5.4808073236e-1,7.7538059659e-3,6.0115009546e-5
49.393878,2.4388609467e3,-1.0301678011e-4,1.9610243831e2,6.5992662919e-1,2.1254891180e-9,3.7252902985e-9,2.4397551122e3,-1.0466114143e-4,4.9795102250e1,6.4015913714e-1,3.4560798667e-11,7.4505805969e-9,2.4397548195e3,-1.7401443277e-4,1.0759019569e1,5.4849883756e-1,7.6007358880e-3,5.7768076658e-5
49.494898,2.4487451362e3,-1.0259646620e-4,1.9689247497e2,6.5995784340e-1,2.3746906663e-9,0.0000000000e0,2.4497448968e3,-1.0422504647e-4,4.9994897942e1,6.4026399957e-1,8.1854523160e-12,-3.7252902985e-9,2.4497446141e3,-1.7120348264e-4,1.0798978737e1,5.4891485948e-1,7.4503835058e-3,5.5514276028e-5
49.595918,2.4586386610e3,-1.0217893017e-4,1.9768319254e2,6.5998919488e-1,2.6343514037e-9,-7.4505805969e-9,2.4597550916e3,-1.0379169248e-4,5.0195101838e1,6.4036824742e-1,3.1832314562e-11,0.0000000000e0,2.4597548186e3,-1.6848088804e-4,1.0839019546e1,5.4932881097e-1,7.3027070766e-3,5.3331255913e-5
49.696939,2.4685405365e3,-1.0176416540e-4,1.9847450721e2,6.6002070241e-1,2.9176590033e-9,0.0000000000e0,2.4697856967e3,-1.0336105636e-4,5.0395713940e1,6.4047188542e-1,5.4569682106e-12,0.0000000000e0,2.4697854331e3,-1.6584365053e-4,1.0879141994e1,5.4974070480e-1,7.1576655778e-3,5.1226466894e-5
49.797959,2.4784497115e3,-1.0135216629e-4,1.9926632956e2,6.6005238511e-1,3.2450770959e-9,0.0000000000e0,2.4798367120e3,-1.0293311524e-4,5.0596734246e1,6.4057491827e-1,2.7739588404e-11,-3.7252902985e-9,2.4798364575e3,-1.6328886977e-4,1.0919346083e1,5.5015055366e-1,7.0152186231e-3,4.9203634262e-5
49.898980,2.4883650660e3,-1.0094292831e-4,2.0005856441e2,6.6008426232e-1,3.5997800296e-9,-3.7252902985e-9,2.4899081376e3,-1.0250784652e-4,5.0798162757e1,6.4067735062e-1,3.4106051316e-11,7.4505805969e-9,2.4899078918e3,-1.6081373497e-4,1.0959631811e1,5.5055837013e-1,6.8753256578e-3,4.7266483307e-5
50.000000,2.4982854090e3,-1.0053644795e-4,2.0085111066e2,6.6011635352e-1,3.9663063944e-9,-3.7252902985e-9,2.4999999734e3,-1.0208522779e-4,5.0999999473e1,6.4077918709e-1,2.5011104299e-11,0.0000000000e0,2.4999997362e3,-1.5841553275e-4,1.0999999180e1,5.5096416672e-1,6.7379474685e-3,4.5400112867e-5
